country_code,country
8,Albania
12,Algeria
20,Andorra
32,Argentina
51,Armenia
36,Australia
40,Austria
31,Azerbaijan
50,Bangladesh
112,Belarus
56,Belgium
68,Bolivia
70,Bosnia and Herzegovina
76,Brazil
100,Bulgaria
854,Burkina Faso
124,Canada
152,Chile
156,China
170,Colombia
191,Croatia
196,Cyprus
203,Czechia
208,Denmark
214,Dominican Republic
218,Ecuador
818,Egypt
233,Estonia
231,Ethiopia
246,Finland
250,France
268,Georgia
276,Germany
288,Ghana
826,Great Britain
300,Greece
320,Guatemala
332,Haiti
344,Hong Kong SAR
348,Hungary
352,Iceland
356,India
360,Indonesia
364,Iran
368,Iraq
372,Ireland
376,Israel
380,Italy
392,Japan
400,Jordan
398,Kazakhstan
404,Kenya
915,Kosovo
417,Kyrgyzstan
428,Latvia
422,Lebanon
434,Libya
440,Lithuania
442,Luxembourg
446,Macau SAR
458,Malaysia
462,Maldives
466,Mali
470,Malta
484,Mexico
498,Moldova
496,Mongolia
499,Montenegro
504,Morocco
104,Myanmar
528,Netherlands
554,New Zealand
558,Nicaragua
566,Nigeria
807,North Macedonia
909,Northern Ireland
578,Norway
586,Pakistan
275,Palestine
604,Peru
608,Philippines
616,Poland
620,Portugal
630,Puerto Rico
634,Qatar
642,Romania
643,Russia
646,Rwanda
682,Saudi Arabia
688,Serbia
702,Singapore
703,Slovakia
705,Slovenia
710,South Africa
410,South Korea
724,Spain
752,Sweden
756,Switzerland
158,Taiwan ROC
762,Tajikistan
834,Tanzania
764,Thailand
780,Trinidad and Tobago
788,Tunisia
792,Turkey
800,Uganda
804,Ukraine
840,United States
858,Uruguay
860,Uzbekistan
862,Venezuela
704,Vietnam
887,Yemen
894,Zambia
716,Zimbabwe
