country,grid,control_points,dt,G,g_log,mean_quality,Ubar,Umax,final_u_A,final_u_B,welfare_to_T,average_output,value_initial,rollout_value_plus_tail,rollout_relative_value_error,terminal_n_min,terminal_n_max,terminal_a_min,terminal_a_max,late_u_A_min,late_u_A_max,late_u_B_min,late_u_B_max
China,41,31,0.5,1.2868998299496148,0.012868998299496148,3.8103292928757586,0.04191959863863186,0.05647617372132165,0.056378484838767846,0.026896055395075207,10.35094312288821,1.92134406336809,10.352889270228445,10.352736479217146,1.4758296675521088e-05,0.05798079947930792,0.05798079947930792,0.6,0.6,0.056378484838767846,0.056378484838767846,0.026896055395075207,0.026896055395075207
China,61,41,0.25,1.2869923528183922,0.012869923528183922,3.81069577393732,0.041939539799209,0.05650109182612523,0.05637848483876783,0.026896055395075197,10.350944086685782,1.9215254570288822,10.352866630530634,10.352737590611424,1.2464172853277056e-05,0.05798079947930791,0.05798079947930791,0.6000000000000001,0.6000000000000001,0.05637848483876783,0.05637848483876783,0.026896055395075197,0.026896055395075197
China,81,61,0.25,1.2869368390971314,0.012869368390971313,3.810475881070716,0.04192768623556642,0.0564856134380186,0.05637848483876785,0.02689605539507521,10.350954974111465,1.9214170836595061,10.352812265461964,10.35274833750329,6.174936532654662e-06,0.05798079947930792,0.05798079947930792,0.6,0.6,0.05637848483876785,0.05637848483876785,0.02689605539507521,0.02689605539507521
China,101,61,0.125,1.286899829949641,0.01286899829949641,3.810329292875424,0.04191967018390183,0.056475819084906925,0.05637848483876781,0.026896055395075218,10.350951035346066,1.9213445183614553,10.35281404289958,10.35274431538391,6.735126834134242e-06,0.05798079947930792,0.05798079947930792,0.6,0.6,0.05637848483876781,0.05637848483876781,0.026896055395075218,0.026896055395075218
Germany,41,31,0.5,1.6593630440961553,0.016593630440961554,5.6118827792810855,0.049127131836995575,0.06596996211585351,0.06456716094121669,0.031184823753632445,10.694241338026185,2.421401920430198,10.697222180488183,10.696969390220158,2.3631393623491093e-05,0.0648962102799532,0.06622954361328653,0.6,0.6333333333333333,0.06456716094121669,0.06742378498933675,0.031184823753632445,0.03257612723215465
Germany,61,41,0.25,1.669142000700522,0.01669142000700522,5.6692190385571415,0.05112434394818954,0.0686982841114126,0.06910932953596773,0.03333347611951769,10.694253584117567,2.4359278919703073,10.697005363798791,10.697008898932319,3.3047880299008625e-07,0.06522954361328653,0.06622954361328652,0.6000000000000001,0.625,0.06827025567437832,0.06910932953596773,0.03292412409839843,0.03333347611951769
Germany,81,61,0.25,1.6649933524441083,0.016649933524441083,5.644823365704068,0.0502527704673789,0.06750758801636118,0.06745701431822625,0.03255518560895367,10.694384912732012,2.42976673801015,10.697200209694872,10.69712857984874,6.696130270267275e-06,0.06556287694661986,0.06556287694661986,0.6166666666666667,0.6166666666666667,0.06745701431822625,0.06745701431822625,0.03255518560895367,0.03255518560895367
Germany,101,61,0.125,1.6649086861531508,0.016649086861531506,5.644326589443828,0.05023434023205176,0.06748356433809109,0.06745701431822616,0.032555185608953686,10.694395584323953,2.429556774060003,10.697233371095498,10.697138994020593,8.822568568045419e-06,0.06556287694661986,0.06556287694661986,0.6166666666666667,0.6166666666666667,0.06745701431822616,0.06745701431822616,0.032555185608953686,0.032555185608953686
Kenya,41,31,0.5,0.004704420610199007,4.704420610199007e-05,1.004902160422781,0.0016413382980144302,0.002175207978044302,1.3524155063276365e-07,3.274643703541345e-16,9.915472770936386,1.0038242331494407,9.917474643681404,9.915928995802917,0.00015585095339487598,0.0,0.0,0.0,0.0,1.3524155063276365e-07,1.4907914666164254e-06,3.274643703541345e-16,1.9708280637754145e-13
Kenya,61,41,0.25,0.00479445625057892,4.79445625057892e-05,1.004996214497144,0.0016866991865795863,0.002253829280807995,1.4302067478107174e-07,3.398429363140049e-16,9.914896265061943,1.0039082275541213,9.915429365545062,9.915352532626148,7.748824189190984e-06,0.0,0.0,0.0,0.0,1.4302067478107174e-07,1.5765421241901373e-06,3.398429363140049e-16,2.0453278487646227e-13
Kenya,81,61,0.25,0.004704420610199007,4.704420610199007e-05,1.004902160422781,0.0016415650430209117,0.002177333609102944,1.357598620792654e-07,3.2818168280073087e-16,9.915492237072444,1.0038238787551679,9.916206082709152,9.915948461936605,2.597977194085388e-05,0.0,0.0,0.0,0.0,1.357598620792654e-07,1.4965049051113225e-06,3.2818168280073087e-16,1.9751451731413006e-13
Kenya,101,61,0.125,0.0044343136890592685,4.4343136890592685e-05,1.004620051009544,0.0015579237502449097,0.0020479462365136174,1.2565793535689106e-07,3.097576421684037e-16,9.91585537248028,1.0035561190547673,9.916893906237336,9.916311469267775,5.8731793953548106e-05,0.0,0.0,0.0,0.0,1.2565793535689106e-07,1.385149585066273e-06,3.097576421684037e-16,1.8642609988201078e-13
