country,grid,control_points,dt,G,g_log,mean_quality,Ubar,Umax,final_u_A,final_u_B,welfare_to_T,average_output,value_initial,rollout_value_plus_tail,rollout_relative_value_error,terminal_n_min,terminal_n_max,terminal_a_min,terminal_a_max,late_u_A_min,late_u_A_max,late_u_B_min,late_u_B_max,rollout_value_error_percent,G_relative_to_finest_percent
China,41,31,0.5,1.2868998299496148,0.0128689982994961,3.810329292875759,0.0419195986386318,0.0564761737213216,0.0563784848387678,0.0268960553950752,10.35094312288821,1.92134406336809,10.352889270228443,10.352736479217146,1.4758296675521088e-05,0.0579807994793079,0.0579807994793079,0.6,0.6,0.0563784848387678,0.0563784848387678,0.0268960553950752,0.0268960553950752,0.0014758296675521088,-2.0317081350640365e-12
China,61,41,0.25,1.2869923528183922,0.0128699235281839,3.81069577393732,0.041939539799209,0.0565010918261252,0.0563784848387678,0.0268960553950751,10.350944086685782,1.9215254570288824,10.352866630530634,10.352737590611424,1.2464172853277056e-05,0.0579807994793079,0.0579807994793079,0.6000000000000001,0.6000000000000001,0.0563784848387678,0.0563784848387678,0.0268960553950751,0.0268960553950751,0.0012464172853277056,0.007189593672940475
China,81,61,0.25,1.2869368390971314,0.0128693683909713,3.810475881070716,0.0419276862355664,0.0564856134380186,0.0563784848387678,0.0268960553950752,10.350954974111463,1.921417083659506,10.352812265461964,10.35274833750329,6.174936532654662e-06,0.0579807994793079,0.0579807994793079,0.6,0.6,0.0563784848387678,0.0563784848387678,0.0268960553950752,0.0268960553950752,0.0006174936532654662,0.0028758374683857113
China,101,61,0.125,1.286899829949641,0.0128689982994964,3.810329292875424,0.0419196701839018,0.0564758190849069,0.0563784848387678,0.0268960553950752,10.350951035346066,1.9213445183614557,10.35281404289958,10.35274431538391,6.735126834134242e-06,0.0579807994793079,0.0579807994793079,0.6,0.6,0.0563784848387678,0.0563784848387678,0.0268960553950752,0.0268960553950752,0.0006735126834134242,0.0
Germany,41,31,0.5,1.659363044096155,0.0165936304409615,5.6118827792810855,0.0491271318369955,0.0659699621158535,0.0645671609412166,0.0311848237536324,10.694241338026185,2.421401920430198,10.697222180488184,10.696969390220158,2.3631393623491093e-05,0.0648962102799532,0.0662295436132865,0.6,0.6333333333333333,0.0645671609412166,0.0674237849893367,0.0311848237536324,0.0325761272321546,0.0023631393623491093,-0.33308986271247676
Germany,61,41,0.25,1.669142000700522,0.0166914200070052,5.6692190385571415,0.0511243439481895,0.0686982841114126,0.0691093295359677,0.0333334761195176,10.694253584117568,2.435927891970308,10.697005363798793,10.69700889893232,3.3047880299008625e-07,0.0652295436132865,0.0662295436132865,0.6000000000000001,0.625,0.0682702556743783,0.0691093295359677,0.0329241240983984,0.0333334761195176,3.3047880299008625e-05,0.2542670707756711
Germany,81,61,0.25,1.6649933524441085,0.016649933524441,5.644823365704068,0.0502527704673789,0.0675075880163611,0.0674570143182262,0.0325551856089536,10.694384912732012,2.42976673801015,10.697200209694872,10.69712857984874,6.696130270267275e-06,0.0655628769466198,0.0655628769466198,0.6166666666666667,0.6166666666666667,0.0674570143182262,0.0674570143182262,0.0325551856089536,0.0325551856089536,0.0006696130270267275,0.005085341416122269
Germany,101,61,0.125,1.6649086861531508,0.0166490868615315,5.644326589443828,0.0502343402320517,0.067483564338091,0.0674570143182261,0.0325551856089536,10.694395584323953,2.429556774060003,10.697233371095498,10.697138994020593,8.822568568045419e-06,0.0655628769466198,0.0655628769466198,0.6166666666666667,0.6166666666666667,0.0674570143182261,0.0674570143182261,0.0325551856089536,0.0325551856089536,0.0008822568568045419,0.0
Egypt,41,31,0.5,0.007815314985440365,7.815314985440365e-05,1.0081570067140682,0.0014368036344029886,0.0018596531319575124,1.0426770995185263e-07,2.5127005058525017e-16,9.921569173916891,1.0067425508893302,9.924314118736712,9.922026876483912,0.00023046854678665518,0.0,0.0,0.0,0.0,1.0426770995185263e-07,1.1493613576048517e-06,2.5127005058525017e-16,1.5122563311059984e-13,0.023046854678665518,4.751339908243879
Egypt,61,41,0.25,0.008270806162475455,8.270806162475456e-05,1.0086344590394773,0.0016258287636570423,0.0021330402757078763,1.1924069868156958e-07,2.7951879087907467e-16,9.91942628882516,1.007174227399893,9.922221365384505,9.91988420815263,0.00023554778167200752,0.0,0.0,0.0,0.0,1.1924069868156958e-07,1.3144112533178827e-06,2.7951879087907467e-16,1.6822699728257562e-13,0.02355477816720075,10.8564439507165
Egypt,81,61,0.25,0.006999162204155058,6.999162204155058e-05,1.0073020689911585,0.0016086107181257866,0.0021304784703100673,1.2885684092306607e-07,3.034496184663259e-16,9.920653384724973,1.0060112576136715,9.9217337308808,9.921110699146466,6.279464368152965e-05,0.0,0.0,0.0,0.0,1.2885684092306607e-07,1.4204116853472368e-06,3.034496184663259e-16,1.8262964711813523e-13,0.006279464368152965,-6.187834977060957
Egypt,101,61,0.125,0.007460825792095957,7.460825792095957e-05,1.0077855825006508,0.0015334928900433333,0.0020142099167734344,1.1833099659396759e-07,2.802618656488723e-16,9.921252914565892,1.0064304226037832,9.922413878616691,9.921710448503017,7.0893042991238e-05,0.0,0.0,0.0,0.0,1.1833099659396759e-07,1.3043834467524078e-06,2.802618656488723e-16,1.686742131455468e-13,0.0070893042991238,0.0
