country,aid_points,research_points,grid,controls,dt,iterations,bellman_residual,max_discount,value_initial,seconds,maximum_research_budget_violation,minimum_interpolation_weight,maximum_interpolation_row_sum_error,n_initial,a_initial,relative_value_change_from_previous,cache,control_points
China,21.0,21.0,31,441.0,1.0,6.0,3.552713678800501e-15,0.9221227473162162,10.352074982847292,0.0674087299994425,0.0,0.0,2.220446049250313e-16,0.0564607994793079,0.638,,,
China,31.0,31.0,41,961.0,0.5,7.0,7.105427357601002e-15,0.9602722256299075,10.352889270228443,0.2470101100007014,0.0,0.0,2.220446049250313e-16,0.0537674661459745,0.7053333333333333,7.865933955297777e-05,,
China,41.0,41.0,61,1681.0,0.5,6.0,7.105427357601002e-15,0.9602722256299075,10.352898421739228,1.0322161209987826,0.0,0.0,2.220446049250313e-16,0.0555007994793079,0.662,8.839571778995747e-07,,
China,41.0,41.0,61,1681.0,0.25,7.0,8.881784197001252e-15,0.979934806826407,10.352866630530634,1.2229809039999964,0.0,0.0,2.220446049250313e-16,0.0537007994793079,0.7070000000000001,3.070754420519961e-06,,
China,41.0,41.0,81,1681.0,0.25,8.0,7.105427357601002e-15,0.979934806826407,10.35281214080545,2.479860248000477,0.0,0.0,2.220446049250313e-16,0.0550607994793079,0.673,5.263249989617691e-06,,
China,61.0,61.0,81,3721.0,0.25,8.0,7.105427357601002e-15,0.979934806826407,10.352812265461964,5.389132194999547,0.0,0.0,2.220446049250313e-16,0.0550741328126412,0.6726666666666666,1.2040836105953192e-08,,
China,41.0,41.0,101,1681.0,0.25,8.0,7.105427357601002e-15,0.979934806826407,10.352901029962505,3.837434295001003,0.0,0.0,2.220446049250313e-16,0.0539807994793079,0.7000000000000001,8.573950561974186e-06,,
China,61.0,61.0,101,3721.0,0.125,9.0,8.881784197001252e-15,0.9899165655884372,10.35281404289958,9.847579930999927,0.0,0.0,2.220446049250313e-16,0.0519807994793079,0.75,8.402192068990288e-06,,
Germany,31.0,31.0,41,961.0,0.5,6.0,5.3290705182007506e-15,0.9626278277877556,10.697222180488184,0.2156552410015138,0.0,0.0,2.220446049250313e-16,0.0645762102799532,0.6413333333333333,,,
Germany,41.0,41.0,61,1681.0,0.25,8.0,5.3290705182007506e-15,0.9811359884275754,10.697005363798793,1.4963845279999075,0.0,0.0,2.220446049250313e-16,0.0623895436132865,0.6960000000000001,2.0268503891363032e-05,,
Germany,61.0,61.0,81,3721.0,0.25,8.0,7.105427357601002e-15,0.9811359884275754,10.697200209694872,5.2657054440023785,0.0,0.0,2.220446049250313e-16,0.0631895436132865,0.6759999999999999,1.8214994706777787e-05,,
Germany,41.0,41.0,101,1681.0,0.25,9.0,8.881784197001252e-15,0.9811359884275754,10.69727061499787,4.056460511001205,0.0,0.0,2.220446049250313e-16,0.0632295436132865,0.675,6.5816570333776525e-06,,
Germany,61.0,61.0,101,3721.0,0.125,8.0,8.881784197001252e-15,0.99052308828597,10.697233371095498,7.940798720999737,0.0,0.0,2.220446049250313e-16,0.0635628769466198,0.6666666666666666,3.481626642098945e-06,,
Egypt,,,41,,0.5,,,,,,,,,,,,/workspace/scratch/9853a5f2a9e0/EthosGPT-AH-Revision/figure_sources/ah_growth/country_revision_results/policy-Egypt-base-41-31-0.5.npz,31.0
Egypt,,,61,1681.0,0.25,5.0,5.329070518200751e-15,0.9776341272232002,9.922221365384505,0.9729447390018322,0.0,0.0,2.220446049250313e-16,,,,,41.0
Egypt,,,81,3721.0,0.25,5.0,5.329070518200751e-15,0.9776341272232002,9.9217337308808,3.2791209030001482,0.0,0.0,2.220446049250313e-16,,,,,61.0
Egypt,,,101,3721.0,0.125,5.0,8.881784197001252e-15,0.9887538253899198,9.922413878616691,5.425056718999258,0.0,0.0,2.220446049250313e-16,,,,,61.0
