country,quality_jump_percent,G,needs_percent,average_output,grid,control_points,dt
China,6.0,0.904233199342488,3.47778541080241,1.5142598396233111,101,61,0.125
China,8.0,1.286899829949641,5.6475819084906895,1.9213445183614557,101,61,0.125
China,12.0,2.1022740671731657,10.62013337368861,3.3734406267933266,101,61,0.125
China,16.0,2.9569947333931266,16.45627070466898,6.574718256353142,101,61,0.125
Germany,6.0,1.1650902714882594,3.74415146429091,1.7571673995027308,101,61,0.125
Germany,8.0,1.6649086861531508,6.7483564338091,2.429556774060003,101,61,0.125
Germany,12.0,2.723165913957168,13.587825882452151,5.251277507205282,101,61,0.125
Germany,16.0,3.833497926956317,21.83646379526562,13.17416165527664,101,61,0.125
Egypt,6.0,0.0023242374281809,0.19787914458577,1.0015137044243805,101,61,0.125
Egypt,8.0,0.0074608257920959,0.20142099167734,1.0064304226037832,101,61,0.125
Egypt,12.0,0.9850996290266,6.4907797832577705,1.651950906689783,101,61,0.125
Egypt,16.0,1.3767554062344125,8.74582350407193,2.149520817424148,101,61,0.125
