country,variable,value,grid,control_points,dt,bellman_residual,G,g_log,mean_quality,Ubar,Umax,final_u_A,final_u_B,welfare_to_T,average_output,value_initial,rollout_value_plus_tail,rollout_relative_value_error,terminal_n_min,terminal_n_max,terminal_a_min,terminal_a_max,late_u_A_min,late_u_A_max,late_u_B_min,late_u_B_max
China,omega,0.0,101,61,0.125,,1.639856069725985,0.01639856069725985,5.499235203666236,0.1822369017654983,0.2551948500760024,0.25654830675523743,0.10875797517279454,10.762495295675167,2.3525583002835946,10.765275755644371,10.765174805323001,9.377402275689839e-06,0.07331413281264125,0.07398079947930791,0.2,0.21666666666666667,0.25625654175044793,0.2572211243201104,0.10863021575874394,0.10905546037772455
China,omega,0.15,101,61,0.125,,1.4209284576469976,0.014209284576469977,4.379947013853292,0.0756852764720058,0.10321045548081048,0.10344211931410495,0.04771569434323063,10.484211969615938,2.0801701130546233,10.486452729146947,10.486296463551112,1.4901664068034393e-05,0.06398079947930792,0.06398079947930792,0.45,0.45,0.10344211931410495,0.10344211931410495,0.04771569434323063,0.04771569434323063
China,omega,0.3,101,61,0.125,,1.286899829949641,0.01286899829949641,3.810329292875424,0.04191967018390183,0.056475819084906925,0.05637848483876781,0.026896055395075218,10.350951035346066,1.9213445183614553,10.35281404289958,10.35274431538391,6.735126834134242e-06,0.05798079947930792,0.05798079947930792,0.6,0.6,0.05637848483876781,0.05637848483876781,0.026896055395075218,0.026896055395075218
China,omega,0.6,101,61,0.125,,1.124448176966684,0.011244481769666841,3.218287018935466,0.016875015568914666,0.022392122722477082,0.02208632942726739,0.010871032815689415,10.22060201112851,1.7434104412991944,10.22122940479591,10.222101036456829,8.527659701185186e-05,0.05064746614597459,0.05131413281264126,0.7666666666666666,0.7833333333333333,0.02196317854334394,0.022255644002648473,0.010811052483847278,0.010955602618274107
China,omega,0.9,101,61,0.125,,1.0362553784569837,0.010362553784569836,2.9363695483193557,0.008028070226868338,0.010500529556144549,0.010160545233167737,0.005072220540202096,10.160018694580458,1.654062825919407,10.157773044430545,10.161380805210781,0.0003551724147070612,0.046647466145974585,0.04731413281264125,0.8666666666666667,0.8833333333333333,0.00997996741877065,0.010205342992809379,0.004982084609134837,0.005094749152228987
China,q,0.06,101,61,0.125,,0.904233199342488,0.00904233199342488,2.537290468131432,0.026022980747759678,0.03477785410802411,0.03458082989879698,0.016810270187554693,9.982954823175483,1.5142598396233113,9.983961470837786,9.98410724853163,1.4601187541707361e-05,0.05331413281264125,0.05398079947930792,0.7,0.7166666666666667,0.034400771093728945,0.03473949401530729,0.016721623686501007,0.016887423351001286
China,q,0.08,101,61,0.125,,1.286899829949641,0.01286899829949641,3.810329292875424,0.04191967018390183,0.056475819084906925,0.05637848483876781,0.026896055395075218,10.350951035346066,1.9213445183614553,10.35281404289958,10.35274431538391,6.735126834134242e-06,0.05798079947930792,0.05798079947930792,0.6,0.6,0.05637848483876781,0.05637848483876781,0.026896055395075218,0.026896055395075218
China,q,0.12,101,61,0.125,,2.1022740671731657,0.021022740671731658,9.263005291019404,0.07783009469477362,0.10620133373688613,0.10627111485961734,0.04892686600904257,11.28142187906772,3.3734406267933266,11.286513656053897,11.286164202816819,3.096201783181485e-05,0.06398079947930792,0.06464746614597458,0.43333333333333335,0.45,0.10608399591456587,0.10666542060055499,0.048838247441181176,0.04911184276625813
China,q,0.16,101,61,0.125,,2.9569947333931266,0.029569947333931267,24.232743690723737,0.1192353082720464,0.16456270704668982,0.16547139138093522,0.07356218735992183,12.537112742863915,6.574718256353142,12.551384802129515,12.550865676207167,4.1360051542760345e-05,0.06864746614597458,0.06931413281264126,0.31666666666666665,0.3333333333333333,0.16483917915518845,0.1655773621029873,0.07327594671658105,0.0736143422782489
Germany,omega,0.0,101,61,0.125,,2.0970877682913396,0.020970877682913395,8.845381203167927,0.22756075416908134,0.3155552330416834,0.31715924589122135,0.13917988226060093,11.22384416057301,3.1515437068970686,11.228431527567569,11.22833476868393,8.617310743863626e-06,0.08222954361328652,0.0828962102799532,0.18333333333333332,0.2,0.31715924589122135,0.3179575159616228,0.13917988226060093,0.1395453429754205
Germany,omega,0.15,101,61,0.125,,1.826155637261444,0.01826155637261444,6.674304492456258,0.09224811971560631,0.1251783141622497,0.12545415070556623,0.05889901466715037,10.861290242141523,2.685628745650755,10.864735933716489,10.8645790945336,1.4435618485908464e-05,0.07156287694661986,0.07222954361328653,0.45,0.4666666666666667,0.1251339409593815,0.12580690980575068,0.058746275516396225,0.05906854777012459
Germany,omega,0.3,101,61,0.125,,1.6649086861531508,0.016649086861531506,5.644326589443828,0.05023434023205176,0.06748356433809109,0.06745701431822616,0.032555185608953686,10.694395584323953,2.429556774060003,10.697233371095498,10.697138994020593,8.822568568045419e-06,0.06556287694661986,0.06556287694661986,0.6166666666666667,0.6166666666666667,0.06745701431822616,0.06745701431822616,0.032555185608953686,0.032555185608953686
Germany,omega,0.6,101,61,0.125,,1.4610322575531656,0.014610322575531656,4.566394778110128,0.01775399001057671,0.023512724694202465,0.02319640114909362,0.011509795928828063,10.54186158130245,2.1385680090002257,10.543302135447435,10.544054979317067,7.140494125668084e-05,0.057562876946619865,0.057562876946619865,0.8166666666666667,0.8166666666666667,0.02319640114909362,0.02319640114909362,0.011509795928828063,0.011509795928828063
Germany,omega,0.9,101,61,0.125,,1.3684708349755108,0.013684708349755109,4.147507748888076,0.008044481326930556,0.010508475423824805,0.010176712425617511,0.005104437218509697,10.479946228889203,2.018656305025839,10.478045077057981,10.481930262609566,0.0003707929793212994,0.05356287694661986,0.054229543613286524,0.9,0.9166666666666666,0.009961032552843401,0.01024919635643109,0.004996312137797101,0.005140915053205068
Germany,q,0.06,101,61,0.125,,1.1650902714882594,0.011650902714882594,3.319132840362372,0.02809525317161695,0.03744151464290912,0.037171966356951795,0.01826247433385685,10.186591219685816,1.7571673995027308,10.188013732135534,10.188129274639964,1.1341023625099922e-05,0.06022954361328653,0.06089621027995319,0.7333333333333333,0.75,0.037031168912968496,0.03744659747075729,0.018193213046014126,0.01839817874367024
Germany,q,0.08,101,61,0.125,,1.6649086861531508,0.016649086861531506,5.644326589443828,0.05023434023205176,0.06748356433809109,0.06745701431822616,0.032555185608953686,10.694395584323953,2.429556774060003,10.697233371095498,10.697138994020593,8.822568568045419e-06,0.06556287694661986,0.06556287694661986,0.6166666666666667,0.6166666666666667,0.06745701431822616,0.06745701431822616,0.032555185608953686,0.032555185608953686
Germany,q,0.12,101,61,0.125,,2.7231659139571676,0.027231659139571675,17.87620325124617,0.09997938630630498,0.13587825882452154,0.1359616556464879,0.06354191784326088,12.042405116758488,5.251277507205282,12.052479175003482,12.052165905433208,2.5992127073992677e-05,0.07222954361328653,0.07289621027995319,0.43333333333333335,0.45,0.13589823663898634,0.13658722858283787,0.0635119457228458,0.06384084423522575
Germany,q,0.16,101,61,0.125,,3.8334979269563174,0.038334979269563176,62.3394410274405,0.15904381551617147,0.21836463795265626,0.2189362021125123,0.09917819637276964,14.029661711400763,13.17416165527664,14.069642732700533,14.069232264397689,2.9174038789880896e-05,0.07756287694661987,0.07822954361328653,0.3,0.31666666666666665,0.21872492976734018,0.21961783159969592,0.09907574528892017,0.0994929434839319
Egypt,omega,0.0,101,61,0.125,7.105427357601002e-15,0.7976399415582873,0.007976399415582874,2.291338928438406,0.1076673573041817,0.15494449456464152,0.15566057623162619,0.059523677408664405,10.120213955756629,1.4448093134109212,10.121411889429075,10.121265719862805,1.4441618211624707e-05,0.04897382515312148,0.04964049181978815,0.18333333333333332,0.2,0.15566057623162619,0.1562372388473789,0.059523677408664405,0.05975872081244255
Egypt,omega,0.15,101,61,0.125,1.0658141036401503e-14,0.6689636840458639,0.006689636840458639,2.0044686991231107,0.04683710662564543,0.06490221561649341,0.06486148701702056,0.02816392001866307,9.96390134147677,1.354330826517956,9.964997513467601,9.964809119651315,1.8905555774773042e-05,0.04164049181978815,0.04164049181978815,0.3833333333333333,0.3833333333333333,0.06486148701702056,0.06486148701702056,0.02816392001866307,0.02816392001866307
Egypt,omega,0.3,101,61,0.125,,0.007460825792095957,7.460825792095957e-05,1.0077855825006508,0.0015334928900433333,0.0020142099167734344,1.1833099659396759e-07,2.802618656488723e-16,9.921252914565892,1.0064304226037832,9.922413878616691,9.921710448503017,7.0893042991238e-05,0.0,0.0,0.0,0.0,1.1833099659396759e-07,1.3043834467524078e-06,2.802618656488723e-16,1.686742131455468e-13
Egypt,omega,0.6,101,61,0.125,8.881784197001252e-15,0.004728930707398349,4.728930707398349e-05,1.004927763572666,0.0011568600261119945,0.001437891396904982,7.750447970908284e-08,2.1406670921746834e-16,9.892924766682723,1.0038011654681092,9.89465979586063,9.893381003172845,0.00012924069287556517,0.0,0.0,0.0,0.0,7.750447970908284e-08,8.543455501230804e-07,2.1406670921746834e-16,1.2883498671613986e-13
Egypt,omega,0.9,101,61,0.125,1.4210854715202004e-14,0.004775293516277839,4.775293516277839e-05,1.0049761957621162,0.0010008471667694084,0.0012076389328576752,6.019186393731303e-08,1.7605615903802472e-16,9.871163904635917,1.0038097158207373,9.87327378725962,9.871620163115582,0.0001674848869452905,0.0,0.0,0.0,0.0,6.019186393731303e-08,6.635055328605837e-07,1.7605615903802472e-16,1.0595852570385393e-13
Egypt,q,0.06,101,61,0.125,8.881784197001252e-15,0.0023242374281809597,2.3242374281809598e-05,1.0023961536339208,0.0015069168788725163,0.001978791445857792,1.2742617695523936e-07,3.2891620740383423e-16,9.911511805189356,1.0015137044243805,9.910902549234892,9.911966892328886,0.00010739113705393599,0.0,0.0,0.0,0.0,1.2742617695523936e-07,1.404641224088454e-06,3.2891620740383423e-16,1.979565873017032e-13
Egypt,q,0.08,101,61,0.125,,0.007460825792095957,7.460825792095957e-05,1.0077855825006508,0.0015334928900433333,0.0020142099167734344,1.1833099659396759e-07,2.802618656488723e-16,9.921252914565892,1.0064304226037832,9.922413878616691,9.921710448503017,7.0893042991238e-05,0.0,0.0,0.0,0.0,1.1833099659396759e-07,1.3043834467524078e-06,2.802618656488723e-16,1.686742131455468e-13
Egypt,q,0.12,101,61,0.125,8.881784197001252e-15,0.9850996290265999,0.009850996290266,2.8379712411920606,0.0468416138968017,0.06490779783257775,0.06486148701702056,0.02816392001866307,10.239240670594077,1.651950906689783,10.240900697420635,10.240561883849633,3.308435273541299e-05,0.04164049181978815,0.04164049181978815,0.3833333333333333,0.3833333333333333,0.06486148701702056,0.06486148701702056,0.02816392001866307,0.02816392001866307
Egypt,q,0.16,101,61,0.125,8.881784197001252e-15,1.3767554062344125,0.013767554062344124,4.411312795571296,0.06242361367160032,0.08745823504071931,0.08753829681853552,0.036700116937931244,10.670086161034725,2.1495208174241482,10.67287569254714,10.672223721866809,6.108669295079583e-05,0.04430715848645481,0.04497382515312148,0.3,0.31666666666666665,0.08732462316591924,0.08774420422189617,0.03660852563599948,0.03679246932463844
