culture_projection,aid_share,nu,z,stable,largest_eigenvalue_real
0,0.3,2.5889447651487156,-1.4387982832618025,1,-0.5892969626684611
0,0.3,2.5652322699128183,-1.4346781115879828,1,-0.5891865978930817
0,0.3,2.5416831218312295,-1.430557939914163,1,-0.5890741674840939
0,0.3,2.5182968519245637,-1.4264377682403433,1,-0.5889596852822927
0,0.3,2.4950729910512655,-1.4223175965665236,1,-0.5888431656735881
0,0.3,2.4720110699049704,-1.4181974248927038,1,-0.5887246235977742
0,0.3,2.4491106190118503,-1.4140772532188841,1,-0.5886040745574583
0,0.3,2.4263711687279232,-1.4099570815450644,1,-0.5884815346271283
0,0.3,2.4037922492363406,-1.4058369098712447,1,-0.5883570204623954
0,0.3,2.3813733905446477,-1.401716738197425,1,-0.5882305493093877
0,0.3,2.3591141224820156,-1.3975965665236052,1,-0.5881021390143244
0,0.3,2.337013974696454,-1.3934763948497855,1,-0.5879718080332522
0,0.3,2.315072476651992,-1.3893562231759657,1,-0.5878395754419747
0,0.3,2.293289157625832,-1.385236051502146,1,-0.5877054609461632
0,0.3,2.2716635467054833,-1.381115879828326,1,-0.5875694848916657
0,0.3,2.250195172785871,-1.3769957081545063,1,-0.5874316682750128
0,0.3,2.228883564566415,-1.3728755364806866,1,-0.5872920327541368
0,0.3,2.2077282505480875,-1.3687553648068669,1,-0.5871506006593085
0,0.3,2.1867287590304496,-1.3646351931330472,1,-0.5870073950042911
0,0.3,2.1658846181086564,-1.3605150214592274,1,-0.5868624394977425
0,0.3,2.1451953556704484,-1.3563948497854077,1,-0.5867157585548449
0,0.3,2.1246604993931104,-1.352274678111588,1,-0.5865673773091975
0,0.3,2.104279576740417,-1.3481545064377682,1,-0.5864173216249705
0,0.3,2.0840521149595492,-1.3440343347639485,1,-0.5862656181093275
0,0.3,2.063977641077991,-1.3399141630901288,1,-0.586112294125141
0,0.3,2.0440556819004096,-1.335793991416309,1,-0.5859573778039969
0,0.3,2.0242857640055076,-1.3316738197424893,1,-0.5858008980595153
0,0.3,2.0046674137428635,-1.3275536480686696,1,-0.5856428846009875
0,0.3,1.9852001572297444,-1.3234334763948499,1,-0.585483367947354
0,0.3,1.9658835203479081,-1.31931330472103,1,-0.5853223794415369
0,0.3,1.9467170287403857,-1.3151931330472104,1,-0.5851599512651279
0,0.3,1.9277002078082355,-1.3110729613733905,1,-0.5849961164534737
0,0.3,1.9088325827073038,-1.3069527896995707,1,-0.584830908911155
0,0.3,1.8901136783449453,-1.302832618025751,1,-0.5846643634278834
0,0.3,1.871543019376745,-1.2987124463519313,1,-0.584496515694841
0,0.3,1.85312013020322,-1.2945922746781116,1,-0.58432740232148
0,0.3,1.8348445349665086,-1.2904721030042918,1,-0.5841570608527972
0,0.3,1.8167157575470474,-1.286351931330472,1,-0.5839855297871257
0,0.3,1.7987333215602406,-1.2822317596566524,1,-0.5838128485944314
0,0.3,1.7808967503531112,-1.2781115879828326,1,-0.583639057735195
0,0.3,1.7632055669999522,-1.273991416309013,1,-0.5834641986797915
0,0.3,1.7456592943029647,-1.2698712446351932,1,-0.5832883139287834
0,0.3,1.7282574547828904,-1.2657510729613735,1,-0.5831114470332696
0,0.3,1.7109995706796346,-1.2616309012875537,1,-0.5829336426164929
0,0.3,1.6938851639478945,-1.257510729613734,1,-0.5827549463958603
0,0.3,1.6769137562537737,-1.2533905579399143,1,-0.5825754052057734
0,0.3,1.6600848689713998,-1.2492703862660943,1,-0.5823950670212286
0,0.3,1.6433980231795462,-1.2451502145922748,1,-0.5822139809822596
0,0.3,1.6268527396581958,-1.2410300429184549,1,-0.5820321974192333
0,0.3,1.6104485388852576,-1.2369098712446351,1,-0.5818497678790708
0,0.3,1.5941849410331836,-1.2327896995708154,1,-0.5816667451524304
0,0.3,1.5780614659655192,-1.2286695278969957,1,-0.5814831833019007
0,0.3,1.5620776332335797,-1.224549356223176,1,-0.5812991376912736
0,0.3,1.5462329620730955,-1.2204291845493562,1,-0.5811146650159431
0,0.3,1.5305269714008685,-1.2163090128755365,1,-0.5809298233345106
0,0.3,1.5149591798114403,-1.2121888412017168,1,-0.5807446721016343
0,0.3,1.499529105573775,-1.208068669527897,1,-0.5805592722022362
0,0.3,1.484236266627957,-1.2039484978540773,1,-0.5803736859870959
0,0.3,1.4690801805819083,-1.1998283261802576,1,-0.5801879773099519
0,0.3,1.4540603647081252,-1.1957081545064379,1,-0.5800022115661817
0,0.3,1.4391763359404364,-1.1915879828326181,1,-0.5798164557331429
0,0.3,1.4244276108707847,-1.1874678111587982,1,-0.5796307784122944
0,0.3,1.4098137057460418,-1.1833476394849787,1,-0.5794452498731939
0,0.3,1.3953341364648357,-1.1792274678111587,1,-0.5792599420994808
0,0.3,1.3809884185744314,-1.1751072961373392,1,-0.5790749288369694
0,0.3,1.3667760672676208,-1.1709871244635193,1,-0.5788902856439908
0,0.3,1.3526965973796719,-1.1668669527896995,1,-0.5787060899440967
0,0.3,1.3387495233852957,-1.1627467811158798,1,-0.5785224210813106
0,0.3,1.324934359395667,-1.15862660944206,1,-0.5783393603780383
0,0.3,1.3112506191554825,-1.1545064377682404,1,-0.5781569911958602
0,0.3,1.297697816040067,-1.1503862660944206,1,-0.5779753989993408
0,0.3,1.2842754630525277,-1.146266094420601,1,-0.5777946714230817
0,0.3,1.2709830728209601,-1.1421459227467812,1,-0.5776148983422138
0,0.3,1.257820157595707,-1.1380257510729614,1,-0.5774361719465593
0,0.3,1.2447862292466783,-1.1339055793991417,1,-0.5772585868187119
0,0.3,1.231880799260725,-1.129785407725322,1,-0.5770822400162754
0,0.3,1.2191033787390821,-1.125665236051502,1,-0.5769072311585747
0,0.3,1.2064534783948782,-1.1215450643776825,1,-0.5767336625181023
0,0.3,1.1939306085507033,-1.1174248927038626,1,-0.5765616391170711
0,0.3,1.1815342791362702,-1.113304721030043,1,-0.5763912688293729
0,0.3,1.1692639996861276,-1.1091845493562231,1,-0.5762226624883773
0,0.3,1.1571192793374747,-1.1050643776824034,1,-0.5760559340009249
0,0.3,1.1450996268280413,-1.1009442060085837,1,-0.5758912004680136
0,0.3,1.133204550494065,-1.096824034334764,1,-0.5757285823125942
0,0.3,1.1214335582683523,-1.0927038626609442,1,-0.575568203415053
0,0.3,1.1097861576784358,-1.0885836909871245,1,-0.5754101912568945
0,0.3,1.0982618558448274,-1.0844635193133048,1,-0.5752546770732547
0,0.3,1.0868601594793714,-1.080343347639485,1,-0.5751017960148911
0,0.3,1.0755805748837026,-1.0762231759656653,1,-0.5749516873203746
0,0.3,1.0644226079478132,-1.0721030042918456,1,-0.5748044944992369
0,0.3,1.0533857641487296,-1.0679828326180258,1,-0.5746603655269373
0,0.3,1.0424695485493065,-1.0638626609442061,1,-0.5745194530525413
0,0.3,1.0316734657971411,-1.0597424892703864,1,-0.5743819146201249
0,0.3,1.020997020123609,-1.0556223175965664,1,-0.5742479129049674
0,0.3,1.0104397153430316,-1.051502145922747,1,-0.5741176159657368
0,0.3,1.0000010548519676,-1.047381974248927,1,-0.5739911975139314
0,0.3,0.9896805416286539,-1.0432618025751075,1,-0.573868837201995
0,0.3,0.9794776782325679,-1.0391416309012875,1,-0.5737507209316494
0,0.3,0.9693919668041545,-1.0350214592274678,1,-0.5736370411840972
0,0.3,0.9594229090646846,-1.030901287553648,1,-0.5735279973739614
0,0.3,0.9495700063162751,-1.0267811158798283,1,-0.5734237962289522
0,0.3,0.9398327594420645,-1.0226609442060086,1,-0.5733246521974829
0,0.3,0.9302106689065476,-1.0185407725321889,1,-0.5732307878866325
0,0.3,0.9207032347560783,-1.0144206008583692,1,-0.5731424345331493
0,0.3,0.9113099566195397,-1.0103004291845494,1,-0.5730598325103706
0,0.3,0.9020303337091915,-1.0061802575107297,1,-0.5729832318743114
0,0.3,0.8928638648216919,-1.00206008583691,1,-0.5729128929524421
0,0.3,0.8838100483393059,-0.9979399141630902,1,-0.5728490869790431
0,0.3,0.8748683822312993,-0.9938197424892704,1,-0.5727920967814697
0,0.3,0.8660383640555244,-0.9896995708154507,1,-0.5727422175220316
0,0.3,0.8573194909602013,-0.985579399141631,1,-0.5726997575007641
0,0.3,0.8487112596859007,-0.9814592274678112,1,-0.5726650390248723
0,0.3,0.8402131665677293,-0.9773390557939915,1,-0.5726383993512737
0,0.3,0.8318247075377254,-0.9732188841201718,1,-0.5726201917093312
0,0.3,0.8235453781274684,-0.9690987124463519,1,-0.572610786411668
0,0.3,0.8153746734709041,-0.9649785407725322,1,-0.5726105720617961
0,0.3,0.8073120883073921,-0.9608583690987125,1,-0.5726199568682275
0,0.3,0.7993571169849784,-0.9567381974248927,1,-0.5726393700758667
0,0.3,0.7915092534639007,-0.952618025751073,1,-0.5726692635266124
0,0.3,0.7837679913203233,-0.9484978540772533,1,-0.5727101133624645
0,0.3,0.7761328237503141,-0.9443776824034336,1,-0.5727624218859071
0,0.3,0.7686032435740607,-0.9402575107296138,1,-0.572826719593985
0,0.3,0.761178743240333,-0.9361373390557941,1,-0.5729035674043266
0,0.3,0.7538588148311973,-0.9320171673819743,1,-0.5729935590933973
0,0.3,0.7466429500669813,-0.9278969957081545,1,-0.5730973239695109
0,0.3,0.7395306403114964,-0.9237768240343348,1,-0.5732155298055945
0,0.3,0.7325213765775223,-0.9196566523605151,1,-0.573348886059412
0,0.3,0.7256146495325543,-0.9155364806866954,1,-0.5734981474118662
0,0.3,0.7188099495048178,-0.9114163090128756,1,-0.5736641176571884
0,0.3,0.7121067664895535,-0.9072961373390559,1,-0.5738476539821507
0,0.3,0.705504590155577,-0.9031759656652361,1,-0.5740496716749554
0,0.3,0.6990029098521146,-0.8990557939914163,1,-0.5742711493080028
0,0.3,0.6926012146159171,-0.8949356223175966,1,-0.5745131344422234
0,0.3,0.686298993178658,-0.8908154506437769,1,-0.5747767499038392
0,0.3,0.6800957339746155,-0.8866952789699571,1,-0.5750632006869618
0,0.3,0.6739909251486412,-0.8825751072961374,1,-0.5753737815369561
0,0.3,0.667984054564418,-0.8784549356223177,1,-0.5757098852691666
0,0.3,0.6620746098130105,-0.874334763948498,1,-0.5760730118746035
0,0.3,0.6562620782217069,-0.8702145922746782,1,-0.5764647784570092
0,0.3,0.6505459468631575,-0.8660944206008584,1,-0.5768869300324893
0,0.3,0.6449257025648082,-0.8619742489270387,1,-0.5773413512007258
0,0.3,0.6394008319186325,-0.8578540772532189,1,-0.577830078661919
0,0.3,0.6339708212911616,-0.8537339055793992,1,-0.5783553145004978
0,0.3,0.6286351568338145,-0.8496137339055795,1,-0.5789194400778365
0,0.3,0.6233933244935292,-0.8454935622317598,1,-0.5795250302611914
0,0.3,0.6182448100236917,-0.84137339055794,1,-0.5801748675507205
0,0.3,0.6131890989953693,-0.8372532188841202,1,-0.5808719554311951
0,0.3,0.6082256768088429,-0.8331330472103005,1,-0.581619529944131
0,0.3,0.6033540287054382,-0.8290128755364807,1,-0.5824210680153306
0,0.3,0.598573639779661,-0.824892703862661,1,-0.5832802904389977
0,0.3,0.5938839949916266,-0.8207725321888413,1,-0.584201156559522
0,0.3,0.5892845791797897,-0.8166523605150215,1,-0.5851878465458762
0,0.3,0.5847748770739709,-0.8125321888412018,1,-0.5862447256627483
0,0.3,0.5803543733086773,-0.8084120171673821,1,-0.5873762830695276
0,0.3,0.5760225524367151,-0.8042918454935624,1,-0.5885870354463256
0,0.3,0.5717788989430944,-0.8001716738197425,1,-0.5898813833118188
0,0.3,0.5676228972592209,-0.7960515021459228,1,-0.5912634056711225
0,0.3,0.5635540317773725,-0.7919313304721031,1,-0.592736577457459
0,0.3,0.5595717868654589,-0.7878111587982833,1,-0.5943033956112065
0,0.3,0.5556756468820582,-0.7836909871244636,1,-0.5959649059192295
0,0.3,0.5518650961917289,-0.7795708154506439,1,-0.5977201370248899
0,0.3,0.548139619180593,-0.7754506437768242,1,-0.5995654734123138
0,0.3,0.5444987002721834,-0.7713304721030043,1,-0.6014940367080727
0,0.3,0.5409418239435537,-0.7672103004291846,1,-0.6034951897304419
0,0.3,0.5374684747416442,-0.7630901287553649,1,-0.6055543161039582
0,0.3,0.5340781372998971,-0.7589699570815451,1,-0.6076530353402463
0,0.3,0.5307702963551185,-0.7548497854077254,1,-0.6097699623460175
0,0.3,0.5275444367645776,-0.7507296137339057,1,-0.6118820018608517
0,0.3,0.5244000435233381,-0.746609442060086,1,-0.6139660105949291
0,0.3,0.5213366017818158,-0.7424892703862662,1,-0.6160005286360948
0,0.3,0.5183535968635539,-0.7383690987124465,1,-0.6132502918058922
0,0.3,0.5154505142832091,-0.7342489270386267,1,-0.6032659897430205
0,0.3,0.5126268397647404,-0.7301287553648069,1,-0.593384726661749
0,0.3,0.5098820592597929,-0.7260085836909872,1,-0.5836093464087684
0,0.3,0.507215658966267,-0.7218884120171675,1,-0.5739408524218674
0,0.3,0.5046271253470659,-0.7177682403433477,1,-0.5643787826769378
0,0.3,0.5021159451490113,-0.713648068669528,1,-0.5549215978326165
0,0.3,0.49968160542191636,-0.7095278969957083,1,-0.5455670320904673
0,0.3,0.4973235935378089,-0.7054077253218884,1,-0.5363123824734779
0,0.3,0.4950413972102926,-0.7012875536480687,1,-0.5271547311471323
0,0.3,0.4928345045140362,-0.697167381974249,1,-0.5180911063918558
0,0.3,0.4907024039043804,-0.6930472103004293,1,-0.509118592666374
0,0.3,0.48864458423705165,-0.6889270386266095,1,-0.5002344011616144
0,0.3,0.48666053478796895,-0.6848068669527898,1,-0.4914359111975932
0,0.3,0.48474974527313625,-0.6806866952789701,1,-0.48272069098583054
0,0.3,0.48291170586860477,-0.6765665236051503,1,-0.4740865043501282
0,0.3,0.48114590723049455,-0.6724463519313306,1,-0.46553130828698275
0,0.3,0.47945184051506273,-0.6683261802575108,1,-0.45705324485955623
0,0.3,0.4778289973988059,-0.664206008583691,1,-0.44865062985553045
0,0.3,0.47627687009858305,-0.6600858369098713,1,-0.44032193985408996
0,0.3,0.47479495139174593,-0.6559656652360516,1,-0.4320657987838346
0,0.3,0.47338273463626446,-0.6518454935622319,1,-0.42388096465800046
0,0.3,0.47203971379083143,-0.6477253218884121,1,-0.415766316901232
0,0.3,0.4707653834349352,-0.6436051502145924,1,-0.38362428444533186
0,0.3,0.469559238788884,-0.6394849785407726,1,-0.3434602227302115
0,0.3,0.46842077573376933,-0.6353648068669528,1,-0.3152490380026136
0,0.3,0.46734949083135324,-0.6312446351931331,1,-0.2908730902915408
0,0.3,0.46634488134386476,-0.6271244635193134,1,-0.26859009339788864
0,0.3,0.465406445253692,-0.6230042918454937,1,-0.24767546353970687
0,0.3,0.46453368128295397,-0.6188841201716739,1,-0.2277478559178578
0,0.3,0.46372608891293765,-0.6147639484978542,1,-0.20857865855630264
0,0.3,0.4629831684033854,-0.6106437768240345,1,-0.19001880927162296
0,0.3,0.4623044208116182,-0.6065236051502148,1,-0.1719651998430996
0,0.3,0.4616893480114784,-0.6024034334763949,1,-0.154343304402079
0,0.3,0.4611374527120786,-0.5982832618025752,1,-0.13709739091547968
0,0.3,0.46064823847634007,-0.5941630901287555,1,-0.12018463344105562
0,0.3,0.46022120973930575,-0.5900429184549357,1,-0.10357138379164349
0,0.3,0.45985587182621457,-0.585922746781116,1,-0.08723071027789964
0,0.3,0.45955173097031915,-0.5818025751072963,1,-0.07114071602520933
0,0.3,0.4593082943304344,-0.5776824034334765,1,-0.05528335619662628
0,0.3,0.45912507000820085,-0.5735622317596567,1,-0.039643585307865714
0,0.3,0.45900156706504786,-0.569442060085837,1,-0.024208729258322514
0,0.3,0.45893729553884277,-0.5653218884120172,1,-0.008968014168505345
0,0.3,0.45893176646021083,-0.5612017167381975,0,0.006087792971288253
0,0.3,0.45898449186851126,-0.5570815450643778,0,0.02096666238837952
0,0.3,0.4590949848274562,-0.5529613733905581,0,0.035675519541486955
0,0.3,0.4592627594403573,-0.5488412017167383,0,0.05022041804536348
0,0.3,0.45948733086498683,-0.5447210300429186,0,0.0646066782865875
0,0.3,0.45976821532803963,-0.5406008583690989,0,0.07883899960772534
0,0.3,0.46010493013918186,-0.536480686695279,0,0.09292155189754425
0,0.3,0.4604969937046745,-0.5323605150214593,0,0.10685805096943468
0,0.3,0.4609439255405582,-0.5282403433476396,0,0.12065182105651595
0,0.3,0.46144524628538564,-0.5241201716738199,0,0.13430584697901826
0,0.3,0.46200047771249264,-0.5200000000000001,0,0.14782281796575514
0,0.3,0.462609142741792,-0.5158798283261804,0,0.16120516468077795
0,0.3,0.4632707654510807,-0.5117596566523607,0,0.17445509067957998
0,0.3,0.4639848710868503,-0.5076394849785408,0,0.18757459926906173
0,0.3,0.4647509860745866,-0.5035193133047211,0,0.20056551655214583
0,0.3,0.4655686380285514,-0.4993991416309014,0,0.21342951128736165
0,0.3,0.4664373557610342,-0.49527896995708165,0,0.22616811207545495
0,0.3,0.46735666929106484,-0.4911587982832619,0,0.23878272229158437
0,0.3,0.468326109852579,-0.4870386266094422,0,0.25127463310716946
0,0.3,0.46934520990202583,-0.48291845493562247,0,0.2636450348857855
0,0.3,0.47041350312541175,-0.47879828326180274,0,0.2758950271893509
0,0.3,0.47153052444477067,-0.474678111587983,0,0.2880256275918206
0,0.3,0.47269581002405514,-0.4705579399141633,0,0.30003777946576826
0,0.3,0.4739088972744403,-0.46643776824034355,0,0.3119323588811377
0,0.3,0.475169324859035,-0.4623175965665238,0,0.3237101807339511
0,0.3,0.4764766326969952,-0.4581974248927039,0,0.3353720042049899
0,0.3,0.4778303619670324,-0.45407725321888415,0,0.3469185376336533
0,0.3,0.4792300551103148,-0.4499570815450644,0,0.35835044287989704
0,0.3,0.48067525583275583,-0.4458369098712447,0,0.36966833923677145
0,0.3,0.4821655091066862,-0.44171673819742496,0,0.380872806947412
0,0.3,0.4837003611719079,-0.43759656652360523,0,0.39196439037297026
0,0.3,0.4852793595361262,-0.4334763948497855,0,0.4029436008517645
0,0.3,0.486902052974759,-0.4293562231759658,0,0.41381091928461977
0,0.3,0.48856799153012187,-0.42523605150214605,0,0.4245667984768601
0,0.3,0.49027672650998716,-0.4211158798283263,0,0.4352116652635779
0,0.3,0.49202781048551963,-0.4169957081545066,0,0.44574592244143774
0,0.3,0.49382079728858536,-0.41287553648068687,0,0.4561699505274983
0,0.3,0.4956552420084389,-0.40875536480686714,0,0.466484109362978
0,0.3,0.497530700987787,-0.4046351931330474,0,0.47668873957787194
0,0.3,0.4994467318182332,-0.4005150214592277,0,0.4867841639303824
0,0.3,0.5014028933351058,-0.39639484978540795,0,0.496770688533579
0,0.3,0.5033987456116704,-0.3922746781115882,0,0.5066486039802983
0,0.3,0.505433849952736,-0.3881545064377683,0,0.5164181863760354
0,0.3,0.5075077688876506,-0.38403433476394855,0,0.5260796982885618
0,0.3,0.5096200661627026,-0.3799141630901288,0,0.535633389622026
0,0.3,0.5117703067329227,-0.3757939914163091,0,0.5450794984224817
0,0.3,0.513958056753299,-0.37167381974248936,0,0.5544182516210572
0,0.3,0.516182883569411,-0.36755364806866964,0,0.5636498657203547
0,0.3,0.5184443557074866,-0.3634334763948499,0,0.5727745474290734
0,0.3,0.5207420428638945,-0.3593133047210302,0,0.5817924942493657
0,0.3,0.5230755158940751,-0.35519313304721045,0,0.5907038950209896
0,0.3,0.5254443468009232,-0.3510729613733907,0,0.5995089304259152
0,0.3,0.5278481087226294,-0.346952789699571,0,0.6082077734567004
0,0.3,0.530286375919988,-0.34283261802575127,0,0.6168005898516222
0,0.3,0.5327587237631856,-0.33871244635193154,0,0.6252875384992802
0,0.3,0.5352647287180792,-0.3345922746781118,0,0.6336687718151435
0,0.3,0.5378039683319716,-0.3304721030042921,0,0.6419444360922613
0,0.3,0.5403760212189022,-0.32635193133047213,0,0.6501146718281864
0,0.3,0.5429804670444561,-0.3222317596566524,0,0.658179614029941
0,0.3,0.5456168865101142,-0.3181115879828327,0,0.6661393924987534
0,0.3,0.5482848613371474,-0.31399141630901295,0,0.6739941320960636
0,0.3,0.5509839742500714,-0.3098712446351932,0,0.6817439529922301
0,0.3,0.5537138089596789,-0.3057510729613735,0,0.689388970899225
0,0.3,0.5564739501456549,-0.30163090128755377,0,0.6969292972884942
0,0.3,0.5592639834387972,-0.29751072961373404,0,0.7043650395950555
0,0.3,0.5620834954028501,-0.2933905579399143,0,0.7116963014088531
0,0.3,0.5649320735159679,-0.2892703862660946,0,0.7189231826542476
0,0.3,0.5678093061518242,-0.28515021459227485,0,0.7260457797585023
0,0.3,0.5707147825603802,-0.2810300429184551,0,0.7330641858100271
0,0.3,0.5736480928483251,-0.2769098712446354,0,0.7399784907071026
0,0.3,0.5766088279592101,-0.27278969957081567,0,0.7467887812977159
0,0.3,0.5795965796522828,-0.26866952789699594,0,0.7534951415111842
0,0.3,0.5826109404860477,-0.2645493562231762,0,0.7600976524818621
0,0.3,0.585651503791556,-0.2604291845493565,0,0.7665963926660438
0,0.3,0.5887178636554545,-0.25630901287553653,0,0.7729914379517665
0,0.3,0.5918096148977977,-0.2521888412017168,0,0.7792828617625238
0,0.3,0.5949263530506466,-0.24806866952789708,0,0.7854707351550911
0,0.3,0.5980676743364657,-0.24394849785407735,0,0.791555126911846
0,0.3,0.6012331756463383,-0.23982832618025762,0,0.7975361036279699
0,0.3,0.6044224545180118,-0.2357081545064379,0,0.8034137297938397
0,0.3,0.6076351091137797,-0.23158798283261817,0,0.8091880678729171
0,0.3,0.6108707381982238,-0.22746781115879844,0,0.814859178375416
0,0.3,0.6141289411159833,-0.2233476394849787,0,0.820427119928019
0,0.3,0.6174093177691394,-0.21922746781115898,0,0.8258919493398801
0,0.3,0.6207114685947189,-0.21510729613733925,0,0.8312537216651473
0,0.3,0.6240349945420728,-0.21098712446351953,0,0.8365124902622113
0,0.3,0.6273794970501986,-0.2068669527896998,0,0.8416683068498801
0,0.3,0.630744578025022,-0.20274678111588007,0,0.8467212215606766
0,0.3,0.6341298398166572,-0.19862660944206034,0,0.8516712829914118
0,0.3,0.637534885196654,-0.1945064377682404,0,0.8565185382512086
0,0.3,0.6409593173352547,-0.19038626609442066,0,0.8612630330071303
0,0.3,0.6444027397786709,-0.18626609442060094,0,0.8659048115275368
0,0.3,0.6478647564263965,-0.1821459227467812,0,0.8704439167233236
0,0.3,0.6513449715085724,-0.17802575107296148,0,0.8748803901871527
0,0.3,0.6548429895634162,-0.17390557939914175,0,0.8792142722307897
0,0.3,0.6583584154147316,-0.16978540772532202,0,0.8834456019206702
0,0.3,0.6618908541495107,-0.1656652360515023,0,0.8875744171117755
0,0.3,0.6654399110956463,-0.16154506437768257,0,0.8916007544799357
0,0.3,0.6690051917997627,-0.15742489270386284,0,0.8955246495526321
0,0.3,0.672586302005183,-0.1533047210300431,0,0.8993461367383928
0,0.3,0.67618284763004,-0.14918454935622338,0,0.9030652493548538
0,0.3,0.679794434745552,-0.14506437768240366,0,0.9066820196555638
0,0.3,0.6834206695544667,-0.14094420600858393,0,0.9101964788556035
0,0.3,0.6870611583696916,-0.1368240343347642,0,0.9136086571560691
0,0.3,0.6907155075931203,-0.13270386266094447,0,0.9169185837675171
0,0.3,0.6943833236946659,-0.12858369098712474,0,0.9201262869323781
0,0.3,0.6980642131915131,-0.1244635193133048,0,0.9232317939464364
0,0.3,0.7017577826275996,-0.12034334763948507,0,0.9262351311794071
0,0.3,0.7054636385533387,-0.11622317596566534,0,0.9291363240946531
0,0.3,0.70918138750559,-0.11210300429184561,0,0.9319353972681045
0,0.3,0.7129106359878916,-0.10798283261802588,0,0.9346323744064068
0,0.3,0.7166509904509597,-0.10386266094420615,0,0.9372272783643415
0,0.3,0.7204020572734682,-0.09974248927038643,0,0.9397201311615635
0,0.3,0.7241634427431137,-0.0956223175965667,0,0.9421109539986783
0,0.3,0.7279347530379768,-0.09150214592274697,0,0.9443997672727046
0,0.3,0.7317155942081862,-0.08738197424892724,0,0.9465865905919395
0,0.3,0.7355055721578934,-0.08326180257510751,0,0.9486714427902645
0,0.3,0.7393042926275649,-0.07914163090128778,0,0.9506543419409249
0,0.3,0.743111361176602,-0.07502145922746806,0,0.9525353053697817
0,0.3,0.7469263831662887,-0.07090128755364833,0,0.9543143496681052
0,0.3,0.7507489637430786,-0.0667811158798286,0,0.9559914907048749
0,0.3,0.7545787078222271,-0.06266094420600865,0,0.9575667436386649
0,0.3,0.7584152200717686,-0.05854077253218892,0,0.9590401229290912
0,0.3,0.7622581048968519,-0.054420600858369195,0,0.9604116423478599
0,0.3,0.7661069664244305,-0.05030042918454947,0,0.9616813149894291
0,0.3,0.7699614084883202,-0.04618025751072974,0,0.9628491532812964
0,0.3,0.7738210346146192,-0.04206008583691001,0,0.963915168993943
0,0.3,0.777685448007503,-0.03793991416309028,0,0.9648793732504135
0,0.3,0.7815542515353916,-0.033819742489270554,0,0.9657417765355856
0,0.3,0.7854270477174938,-0.029699570815450826,0,0.9665023887051218
0,0.3,0.7893034387107327,-0.0255793991416311,0,0.967161218994101
0,0.3,0.7931830262970526,-0.02145922746781137,0,0.9677182760253681
0,0.3,0.7970654118711104,-0.017339055793991642,0,0.9681735678175918
0,0.3,0.8009501964283525,-0.013218884120171914,0,0.9685271017930452
0,0.3,0.8048369805534815,-0.009098712446352186,0,0.9687788847851158
0,0.3,0.8087253644093082,-0.004978540772532458,0,0.9689289230455501
0,0.3,0.8126149477259955,-0.0008583690987127301,0,0.9689772222514562
0,0.3,0.8165053297906923,0.003261802575106998,0,0.968923787512034
0,0.3,0.8203961094375558,0.007381974248926948,0,0.9687686233750766
0,0.3,0.8242868850381649,0.011502145922746676,0,0.9685117338332241
0,0.3,0.8281772544923253,0.015622317596566404,0,0.9681531223299923
0,0.3,0.8320668152192604,0.019742489270386132,0,0.967692791765546
0,0.3,0.8359551641491951,0.02386266094420586,0,0.9671307445022651
0,0.3,0.8398418977153222,0.027982832618025588,0,0.966466982370077
0,0.3,0.8437266118461585,0.032103004291845316,0,0.9657015066715506
0,0.3,0.8476089019582854,0.036223175965665044,0,0.9648343181867859
0,0.3,0.8514883629494693,0.04034334763948477,0,0.9638654171780656
0,0.3,0.855364589192167,0.0444635193133045,0,0.9627948033942968
0,0.3,0.8592371745274062,0.04858369098712423,0,0.961622476075212
0,0.3,0.8631057122590446,0.052703862660943956,0,0.9603484339553688
0,0.3,0.8669697951484016,0.056824034334763684,0,0.9589726752679081
0,0.3,0.8708290154092608,0.06094420600858341,0,0.9574951977480994
0,0.3,0.8746829647032416,0.06506437768240314,0,0.9559159986366483
0,0.3,0.8785312341355339,0.06918454935622309,0,0.9542350746827806
0,0.3,0.8823734142509957,0.07330472103004282,0,0.9524524221470995
0,0.3,0.8862090950306081,0.07742489270386255,0,0.9505680368041959
0,0.3,0.890037865888285,0.08154506437768227,0,0.9485819139450304
0,0.3,0.8938593156680336,0.085665236051502,0,0.946494048379068
0,0.3,0.8976730326414615,0.08978540772532173,0,0.9443044344361664
0,0.3,0.9014786045056268,0.09390557939914146,0,0.9420130659682191
0,0.3,0.9052756183812277,0.09802575107296119,0,0.9396199363505263
0,0.3,0.9090636608111248,0.10214592274678091,0,0.9371250384829237
0,0.3,0.9128423177591963,0.10626609442060064,0,0.9345283647906271
0,0.3,0.916611174609517,0.11038626609442037,0,0.9318299072248039
0,0.3,0.9203698161658593,0.1145064377682401,0,0.929029657262872
0,0.3,0.9241178266515112,0.11862660944205983,0,0.9261276059084943
0,0.3,0.9278547897094064,0.12274678111587956,0,0.9231237436912858
0,0.3,0.9315802884025615,0.12686695278969928,0,0.9200180606662072
0,0.3,0.9352939052148163,0.130987124463519,0,0.9168105464126476
0,0.3,0.9389952220518721,0.13510729613733874,0,0.9135011900331766
0,0.3,0.9426838202426221,0.1392274678111587,0,0.910089980151956
0,0.3,0.9463592805407708,0.14334763948497842,0,0.9065769049128206
0,0.3,0.9500211831267367,0.14746781115879815,0,0.9029619519769754
0,0.3,0.953669107609832,0.15158798283261787,0,0.8992451085203435
0,0.3,0.9573026330307173,0.1557081545064376,0,0.8954263612305153
0,0.3,0.9609213378641226,0.15982832618025733,0,0.891505696303303
0,0.3,0.9645248000218335,0.16394849785407706,0,0.8874830994388828
0,0.3,0.9681125968559342,0.16806866952789679,0,0.8833585558375128
0,0.3,0.9716843051623048,0.1721888412017165,0,0.8791320501947937
0,0.3,0.9752395011843655,0.17630901287553624,0,0.8748035666964815
0,0.3,0.9787777606170663,0.18042918454935597,0,0.8703730890128107
0,0.3,0.9822986586111132,0.1845493562231757,0,0.8658406002923277
0,0.3,0.9858017697774283,0.18866952789699543,0,0.8612060831551903
0,0.3,0.9892866681918391,0.19278969957081515,0,0.8564695196859404
0,0.3,0.9927529273999913,0.19690987124463488,0,0.8516308914257107
0,0.3,0.9962001204224801,0.20103004291845483,0,0.8466901793638372
0,0.3,0.9996278197601951,0.20515021459227456,0,0.8416473639288721
0,0.3,1.0030355973998775,0.2092703862660943,0,0.836502424978942
0,0.3,1.006423024819877,0.21339055793991402,0,0.8312553417914607
0,0.3,1.0097896729961158,0.21751072961373374,0,0.8259060930521228
0,0.3,1.0131351124082395,0.22163090128755347,0,0.8204546568431934
0,0.3,1.0164589130459685,0.2257510729613732,0,0.8149010106310173
0,0.3,1.019760644415628,0.22987124463519293,0,0.8092451312527489
0,0.3,1.0230398755468653,0.23399141630901266,0,0.8034869949022371
0,0.3,1.0262961749995438,0.23811158798283238,0,0.7976265771150477
0,0.3,1.0295291108708107,0.2422317596566521,0,0.7916638527525699
0,0.3,1.0327382508023344,0.24635193133047184,0,0.785598795985162
0,0.3,1.0359231619877085,0.25047210300429157,0,0.7794313802743031
0,0.3,1.0390834111800156,0.2545922746781113,0,0.7731615783536776
0,0.3,1.0422185646995534,0.258712446351931,0,0.7667893622091698
0,0.3,1.0453281884417103,0.26283261802575075,0,0.7603147030576813
0,0.3,1.0484118478849935,0.2669527896995705,0,0.7537375713247427
0,0.3,1.0514691080992051,0.27107296137339043,0,0.7470579366208281
0,0.3,1.0544995337537622,0.27519313304721016,0,0.7402757677163261
0,0.3,1.0575026891261539,0.2793133047210299,0,0.7333910325150985
0,0.3,1.06047813811054,0.2834334763948496,0,0.7264036980265166
0,0.3,1.0634254442264794,0.28755364806866934,0,0.7193137303359445
0,0.3,1.0663441706277939,0.29167381974248907,0,0.7121210945735522
0,0.3,1.0692338801115553,0.2957939914163088,0,0.7048257548813562
0,0.3,1.0720941351272013,0.2999141630901285,0,0.6974276743784403
0,0.3,1.0749244977857735,0.30403433476394826,0,0.6899268151241853
0,0.3,1.0777245298692735,0.308154506437768,0,0.6823231380794579
0,0.3,1.0804937928401388,0.3122746781115877,0,0.6746166030655929
0,0.3,1.0832318478508332,0.31639484978540744,0,0.6668071687210814
0,0.3,1.085938255753551,0.32051502145922717,0,0.6588947924557897
0,0.3,1.088612577110031,0.3246351931330469,0,0.6508794304026015
0,0.3,1.0912543722014814,0.3287553648068666,0,0.6427610373662969
0,0.3,1.0938632010386113,0.3328755364806866,0,0.6345395667695335
0,0.3,1.0964386233717676,0.3369957081545063,0,0.6262149705957094
0,0.3,1.0989801987011776,0.34111587982832603,0,0.6177871993285649
0,0.3,1.1014874862872939,0.34523605150214576,0,0.6092562018882759
0,0.3,1.1039600451612384,0.3493562231759655,0,0.6006219255638419
0,0.3,1.106397434135353,0.3534763948497852,0,0.591884315941533
0,0.3,1.1087992118138428,0.35759656652360494,0,0.5830433168291174
0,0.3,1.1111649366035241,0.36171673819742467,0,0.5740988701756293
0,0.3,1.1134941667246658,0.3658369098712444,0,0.5650509159863495
0,0.3,1.1157864602219312,0.3699570815450641,0,0.5558993922327031
0,0.3,1.1180413749754174,0.37407725321888385,0,0.5466442347567129
0,0.3,1.120258468711788,0.3781974248927036,0,0.5372853771696635
0,0.3,1.1224372990155074,0.3823175965665233,0,0.527822750744533
0,0.3,1.1245774233401693,0.38643776824034304,0,0.5182562843018141
0,0.3,1.1266783990199218,0.39055793991416277,0,0.5085859040882037
0,0.3,1.1287397832809924,0.3946781115879825,0,0.4988115336476904
0,0.3,1.130761133253309,0.3987982832618022,0,0.48893309368447113
0,0.3,1.13274200598222,0.4029184549356222,0,0.4789505019171092
0,0.3,1.1346819584403147,0.4070386266094419,0,0.46886367292328046
0,0.3,1.1365805475393442,0.41115879828326163,0,0.45867251797440867
0,0.3,1.138437330142244,0.41527896995708136,0,0.4483769448594197
0,0.3,1.140251863075257,0.4193991416309011,0,0.4379768576967935
0,0.3,1.1420237031401674,0.4235193133047208,0,0.42747215673398387
0,0.3,1.1437524071266347,0.42763948497854054,0,0.4168627381332417
0,0.3,1.1454375318246386,0.43175965665236027,0,0.4061484937427442
0,0.3,1.147078634037034,0.43587982832618,0,0.3953293108518485
0,0.3,1.1486752705922179,0.4399999999999997,0,0.3844050719291894
0,0.3,1.1502269983569118,0.44412017167381945,0,0.37337565434218867
0,0.3,1.1517333742490616,0.4482403433476392,0,0.3622409300564362
0,0.3,1.1531939552508557,0.4523605150214589,0,0.35100076531323077
0,0.3,1.1546082984218686,0.45648068669527864,0,0.3396550202834123
0,0.3,1.1559759609123303,0.46060085836909836,0,0.32820354869541846
0,0.3,1.1572964999765252,0.4647210300429183,0,0.31664619743529165
0,0.3,1.158569472986322,0.46884120171673804,0,0.30498280611614814
0,0.3,1.1597944374448448,0.47296137339055777,0,0.2932132066143096
0,0.3,1.1609709510002817,0.4770815450643775,0,0.28133722256906557
0,0.3,1.1620985714598402,0.4812017167381972,0,0.26935466884265935
0,0.3,1.163176856803852,0.48532188841201696,0,0.25726535093673086
0,0.3,1.1642053652000313,0.4894420600858367,0,0.2450690643610527
0,0.3,1.1651836550178913,0.4935622317596564,0,0.2327655939498927
0,0.3,1.1661112848433297,0.49768240343347614,0,0.22035471312083144
0,0.3,1.1669878134933753,0.5018025751072959,0,0.20783618307024887
0,0.3,1.1678128000311185,0.5059227467811156,0,0.19520975189901568
0,0.3,1.1685858037808166,0.5100429184549353,0,0.18247515366114575
0,0.3,1.169306384343188,0.514163090128755,0,0.16963210732729794
0,0.3,1.1699741016109004,0.5182832618025748,0,0.15668031565398444
0,0.3,1.1705885157842588,0.5224034334763945,0,0.1436194639482249
0,0.3,1.1711491873870987,0.5265236051502145,0,0.1304492187160351
0,0.3,1.171655677282895,0.530643776824034,0,0.11716922618165637
0,0.3,1.1721075466910926,0.5347639484978539,0,0.10377911066265821
0,0.3,1.1725043572036649,0.5388841201716734,0,0.09027847278408019
0,0.3,1.1728456708019106,0.5430042918454934,0,0.07666688751239703
0,0.3,1.1731310498734955,0.5471244635193129,0,0.06294390198746402
0,0.3,1.173360057229751,0.5512446351931328,0,0.04910903312738624
0,0.3,1.1735322561232326,0.5553648068669523,0,0.03516176497768586
0,0.3,1.1736472102655549,0.5594849785407723,0,0.021101545771766927
0,0.3,1.1737044838455069,0.5636051502145922,0,0.006927784664751968
0,0.3,1.1737036415474627,0.5677253218884117,1,-0.007360151903224699
0,0.3,1.1736442485700922,0.5718454935622317,1,-0.021762944265118378
0,0.3,1.1735258706453913,0.5759656652360512,1,-0.03628132406559459
0,0.3,1.173348074058031,0.5800858369098711,1,-0.05091607934918896
0,0.3,1.1731104256650524,0.5842060085836907,1,-0.06566806027870231
0,0.3,1.1728124929159036,0.5883261802575106,1,-0.08053818557872394
0,0.3,1.1724538438728442,0.5924463519313301,1,-0.0955274498160541
0,0.3,1.1720340472317234,0.5965665236051501,1,-0.1106369316494249
0,0.3,1.171552672343148,0.6006866952789696,1,-0.12586780320578717
0,0.3,1.1710092892340513,0.6048068669527895,1,-0.14122134077098103
0,0.3,1.170403468629686,0.608927038626609,1,-0.15669893701991144
0,0.3,1.169734781976041,0.613047210300429,1,-0.17230211505760618
0,0.3,1.1690028014627165,0.6171673819742485,1,-0.18803254459969865
0,0.3,1.168207100046257,0.6212875536480684,1,-0.20389206069251298
0,0.3,1.1673472514739716,0.6254077253218879,1,-0.21988268546271938
0,0.3,1.1664228303082502,0.6295278969957079,1,-0.23600665350038508
0,0.3,1.1654334119513998,0.6336480686695278,1,-0.2522664416241356
0,0.3,1.1643785726710165,0.6377682403433473,1,-0.2686648039635178
0,0.3,1.1632578896259145,0.6418884120171673,1,-0.28520481353486304
0,0.3,1.1620709408926306,0.6460085836909868,1,-0.30188991180227887
0,0.3,1.160817305492528,0.6501287553648067,1,-0.3187239681314975
0,0.3,1.1594965634195173,0.6542489270386262,1,-0.33571135159882237
0,0.3,1.158108295668423,0.6583690987124462,1,-0.35285701836508354
0,0.3,1.1566520842640118,0.6624892703862657,1,-0.3701666188442386
0,0.3,1.155127512290714,0.6666094420600857,1,-0.38764663030595203
0,0.3,1.1535341639230587,0.6707296137339052,1,-0.40530452252758087
0,0.3,1.151871624456852,0.6748497854077251,1,-0.42314896692535586
0,0.3,1.1501394803411238,0.6789699570815446,1,-0.4411901036714361
0,0.3,1.1483373192108697,0.6830901287553646,1,-0.45943988732341046
0,0.3,1.1464647299206236,0.6872103004291841,1,-0.47791254057043764
0,0.3,1.1445213025788856,0.691330472103004,1,-0.49662515971712506
0,0.3,1.1425066285834382,0.6954506437768235,1,-0.5155985377526873
0,0.3,1.1404203006575866,0.6995708154506435,1,-0.5348583071804434
0,0.3,1.1382619128873526,0.7036909871244634,1,-0.5544365662504956
0,0.3,1.1360310607596649,0.7078111587982829,1,-0.5743742605092124
0,0.3,1.1337273412015716,0.7119313304721029,1,-0.5947247914973832
0,0.3,1.1313503526205289,0.7160515021459224,1,-0.6155597149194523
0,0.3,1.128899694945788,0.7201716738197423,1,-0.6369782072664061
0,0.3,1.126374969670939,0.7242918454935618,1,-0.659123839511135
0,0.3,1.123775779897641,0.7284120171673818,1,-0.6822169211025191
0,0.3,1.121101730380594,0.7325321888412013,1,-0.7066245887588527
0,0.3,1.118352427573791,0.7366523605150213,1,-0.7330415195697472
0,0.3,1.1155274796781087,0.7407725321888408,1,-0.7631168710094581
0,0.3,1.112626496690273,0.7448927038626607,1,-0.804026890035209
0,0.3,1.1096490904532703,0.7490128755364802,1,-0.8407914174239164
0,0.3,1.1065948747082435,0.7531330472103002,1,-0.8504071575117195
0,0.3,1.103463465147941,0.7572532188841197,1,-0.8601116498806638
0,0.3,1.100254479471768,0.7613733905579396,1,-0.8699125942794843
0,0.3,1.0969675374425176,0.7654935622317596,1,-0.8798193148432216
0,0.3,1.0936022609448277,0.7696137339055791,1,-0.8898431990995308
0,0.3,1.0901582740454439,0.773733905579399,1,-0.8999982811243732
0,0.3,1.0866352030553599,0.7778540772532185,1,-0.9103020215119997
0,0.3,1.0830326765938951,0.7819742489270385,1,-0.9207763540109697
0,0.3,1.0793503256548045,0.786094420600858,1,-0.9314490843287293
0,0.3,1.0755877836744834,0.7902145922746779,1,-0.942355723625125
0,0.3,1.0717446866023634,0.7943347639484974,1,-0.9535417635390404
0,0.3,1.0678206729735775,0.7984549356223174,1,-0.9650650930397794
0,0.3,1.0638153839839926,0.8025751072961369,1,-0.9769972872837511
0,0.3,1.059728463567694,0.8066952789699569,1,-0.989419824004633
0,0.3,1.0555595584770336,0.8108154506437764,1,-1.0024052310313487
0,0.3,1.0513083183653327,0.8149356223175963,1,-1.015965523300933
0,0.3,1.0469743958723574,0.8190557939914158,1,-1.0299644364305218
0,0.3,1.0425574467126693,0.8231759656652358,1,-1.0324193277913114
0,0.3,1.0380571297669807,0.8272961373390557,1,-1.0222217124147113
0,0.3,1.0334731071766277,0.8314163090128752,1,-1.0131079283894417
0,0.3,1.0288050444412906,0.8355364806866952,1,-1.0051872762756813
0,0.3,1.0240526105201093,0.8396566523605147,1,-0.998339524482118
0,0.3,1.0192154779363114,0.8437768240343346,1,-0.9923775493272377
0,0.3,1.0142933228855238,0.8478969957081541,1,-0.9871233383584057
0,0.3,1.009285825347904,0.8520171673819741,1,-0.9824296936873588
0,0.3,1.004192669204267,0.8561373390557936,1,-0.9781807357062949
0,0.3,0.9990135423563614,0.8602575107296135,1,-0.9742865490610304
0,0.3,0.9937481368514884,0.864377682403433,1,-0.9706773363592952
0,0.3,0.9883961490116313,0.868497854077253,1,-0.9672985386885292
0,0.3,0.9829572795673089,0.8726180257510725,1,-0.9641070930196123
0,0.3,0.977431233796336,0.8767381974248925,1,-0.9610686468313159
0,0.3,0.9718177216677218,0.880858369098712,1,-0.9581555021136623
0,0.3,0.9661164579909179,0.8849785407725319,1,-0.9553450950219295
0,0.3,0.960327162570657,0.8890987124463514,1,-0.9526188641834471
0,0.3,0.9544495603676231,0.8932188841201714,1,-0.9499614008088139
0,0.3,0.948483381665217,0.8973390557939913,1,-0.9473598041472833
0,0.3,0.9424283622426827,0.9014592274678108,1,-0.9448031877367055
0,0.3,0.9362842435548765,0.9055793991416308,1,-0.9422822974010007
0,0.3,0.9300507729189907,0.9096995708154503,1,-0.9397892128598063
0,0.3,0.923727703708523,0.9138197424892702,1,-0.9373171125086944
0,0.3,0.917314795554844,0.9179399141630897,1,-0.9348600863828883
0,0.3,0.9108118145566861,0.9220600858369097,1,-0.9324129862133086
0,0.3,0.9042185334979385,0.9261802575107292,1,-0.9299713042901009
0,0.3,0.8975347320741057,0.9303004291845491,1,-0.9275310748883062
0,0.3,0.8907601971278576,0.9344206008583686,1,-0.9250887935060629
0,0.3,0.8838947228940643,0.9385407725321886,1,-0.922641350272452
0,0.3,0.8769381112547863,0.9426609442060081,1,-0.9201859747082193
0,0.3,0.8698901720046606,0.946781115879828,1,-0.9177201896444482
0,0.3,0.8627507231271984,0.9509012875536476,1,-0.9152417725762245
0,0.3,0.8555195910824862,0.9550214592274675,1,-0.9127487230892776
0,0.3,0.848196611106857,0.959141630901287,1,-0.9102392352757647
0,0.3,0.840781627525081,0.963261802575107,1,-0.9077116742712105
0,0.3,0.8332744940757006,0.9673819742489269,1,-0.9051645562133191
0,0.3,0.8256750742501257,0.9715021459227464,1,-0.9025965310560102
0,0.3,0.8179832416461632,0.9756223175965664,1,-0.9000063677770097
0,0.3,0.810198880336697,0.9797424892703859,1,-0.8973929416008707
0,0.3,0.8023218852542343,0.9838626609442058,1,-0.8947552229261561
0,0.3,0.7943521625921304,0.9879828326180253,1,-0.8920922676993107
0,0.3,0.7862896302232872,0.9921030042918453,1,-0.8894032090212252
0,0.3,0.7781342181372214,0.9962231759656648,1,-0.8866872498078125
0,0.3,0.7698858688963914,1.0003433476394847,1,-0.8839436563546815
0,0.3,0.7615445381127776,1.0044635193133042,1,-0.8811717526795522
0,0.3,0.7531101949457047,1.0085836909871242,1,-0.878370915535347
0,0.3,0.7445828226220128,1.0127038626609437,1,-0.8755405700027494
0,0.3,0.7359624189796796,1.0168240343347636,1,-0.8726801855840197
0,0.3,0.7272489970361198,1.0209442060085832,1,-0.8697892727304951
0,0.3,0.7184425855823974,1.025064377682403,1,-0.8668673797448128
0,0.3,0.7095432298047076,1.029184549356223,1,-0.8639140900057776
0,0.3,0.7005509919345154,1.0333047210300426,1,-0.8609290194690722
0,0.3,0.6914659519288409,1.0374248927038625,1,-0.8579118144008152
0,0.3,0.6822882081822668,1.041545064377682,1,-0.854862149303303
0,0.3,0.6730178782723004,1.045665236051502,1,-0.8517797249929376
0,0.3,0.6636550997398598,1.0497854077253215,1,-0.848664266789235
0,0.3,0.6542000309066961,1.0539055793991414,1,-0.8455155227702784
0,0.3,0.6446528517317249,1.058025751072961,1,-0.8423332620434866
0,0.3,0.6350137647082851,1.0621459227467809,1,-0.8391172729697307
0,0.3,0.6252829958045171,1.0662660944206004,1,-0.8358673612619014
0,0.3,0.6154607954491106,1.0703862660944203,1,-0.8325833478528788
0,0.3,0.6055474395648582,1.0745064377682398,1,-0.8292650663876442
0,0.3,0.5955432306525158,1.0786266094420598,1,-0.8259123601318561
0,0.3,0.5854484989276784,1.0827467811158793,1,-0.822525077990948
0,0.3,0.5752636035134466,1.0868669527896992,1,-0.8191030691760229
0,0.3,0.564988933691889,1.0909871244635192,1,-0.8156461757934161
0,0.3,0.5546249102173858,1.0951072961373387,1,-0.8121542221962238
0,0.3,0.5441719866951524,1.0992274678111587,1,-0.8086269991706198
0,0.3,0.5336306510284027,1.1033476394849782,1,-0.8050642396435762
0,0.3,0.5230014269377491,1.107467811158798,1,-0.8014655799798306
0,0.3,0.5122848755566789,1.1115879828326176,1,-0.7978304957396328
0,0.3,0.5014815971070637,1.1157081545064376,1,-0.794158189846915
0,0.3,0.4905922326589133,1.119828326180257,1,-0.7904473865372948
0,0.3,0.4796174659787131,1.123948497854077,1,-0.7866959243809141
0,0.3,0.46855802547094777,1.1280686695278965,1,-0.7828998791909244
0,0.3,0.45741468621754094,1.1321888412017165,1,-0.7790514485382369
0,0.3,0.44618827212020584,1.136309012875536,1,-0.7751330258116955
0,0.3,0.43487965815082397,1.140429184549356,1,-0.7710968840176449
0,0.3,0.42348977271523114,1.1445493562231754,1,-0.7667766284538785
0,0.3,0.41201960013589267,1.1486695278969954,1,-0.7615541947599473
0,0.3,0.40047018325919365,1.152789699570815,1,-0.7548261082996222
0,0.3,0.3888426261931484,1.1569098712446348,1,-0.7473420511635761
0,0.3,0.37713809718152835,1.1610300429184548,1,-0.7395965468592663
0,0.3,0.3653578316204556,1.1651502145922743,1,-0.7317180975358155
0,0.3,0.3535031352236027,1.1692703862660943,1,-0.7237462582863132
0,0.3,0.34157538734217857,1.1733905579399138,1,-0.7156968890018137
0,0.3,0.3295760444457881,1.1775107296137337,1,-0.7075778194648606
0,0.3,0.3175066437702434,1.1816309012875532,1,-0.6993936286475231
0,0.3,0.30536880713814113,1.1857510729613732,1,-0.6911474099589248
0,0.3,0.29316424495783333,1.1898712446351927,1,-0.6828415230372014
0,0.3,0.2808947604059593,1.1939914163090126,1,-0.6744779508439914
0,0.3,0.2685622537982716,1.1981115879828321,1,-0.666058484727145
0,0.3,0.25616872715273614,1.202231759656652,1,-0.6575848275776781
0,0.3,0.2437162889481165,1.2063519313304716,1,-0.6490586551305583
0,0.3,0.23120715908009695,1.2104721030042915,1,-0.6404816546077837
0,0.3,0.2186436740157685,1.214592274678111,1,-0.6318555505024811
0,0.3,0.20602829214561263,1.218712446351931,1,-0.6231821227754935
0,0.3,0.19336359933025915,1.2228326180257505,1,-0.6144632204300005
0,0.3,0.18065231463690076,1.2269527896995704,1,-0.6057007721970905
0,0.3,0.16789729625757163,1.2310729613733904,1,-0.5968967953780879
0,0.3,0.1551015475981858,1.23519313304721,1,-0.5880534034915871
0,0.3,0.1422682235234684,1.2393133047210299,1,-0.5791728131347802
0,0.3,0.1294006367384974,1.2434334763948494,1,-0.5702573503211118
0,0.3,0.11650226428239274,1.2475536480686693,1,-0.561309456461749
0,0.3,0.1035767541038755,1.2516738197424888,1,-0.5523316940958244
0,0.3,0.09062793168157873,1.2557939914163088,1,-0.5433267524312344
0,0.3,0.0776598066439449,1.2599141630901283,1,-0.534297452726403
0,0.3,0.06467657933866723,1.2640343347639482,1,-0.5252467535224749
0,0.3,0.05168264727758137,1.2681545064377677,1,-0.5161777557064723
0,0.3,0.03868261140265616,1.2722746781115877,1,-0.5070937073911518
0,0.3,0.025681282065409525,1.2763948497854072,1,-0.49799800855391163
0,0.3,0.0126836846350822,1.2805150214592271,1,-0.48889421538872707
0.18,0.3,2.5779524065968733,-1.401716738197425,1,-0.5970443261771794
0.18,0.3,2.555665664215269,-1.3975965665236052,1,-0.5969863488854291
0.18,0.3,2.5335378185152195,-1.3934763948497855,1,-0.5969270084031997
0.18,0.3,2.511568397371264,-1.3893562231759657,1,-0.596866328489991
0.18,0.3,2.4897569284691445,-1.385236051502146,1,-0.5968043335901936
0.18,0.3,2.4681029393032414,-1.381115879828326,1,-0.5967410488446178
0.18,0.3,2.446605957173999,-1.3769957081545063,1,-0.5966765001022606
0.18,0.3,2.4252655091853215,-1.3728755364806866,1,-0.596610713932336
0.18,0.3,2.4040811222419736,-1.3687553648068669,1,-0.5965437176365559
0.18,0.3,2.383052323046952,-1.3646351931330472,1,-0.5964755392616876
0.18,0.3,2.3621786380988503,-1.3605150214592274,1,-0.5964062076123858
0.18,0.3,2.3414595936892098,-1.3563948497854077,1,-0.5963357522643302
0.18,0.3,2.3208947158998585,-1.352274678111588,1,-0.5962642035776501
0.18,0.3,2.300483530600237,-1.3481545064377682,1,-0.5961915927106776
0.18,0.3,2.280225563444712,-1.3440343347639485,1,-0.5961179516340271
0.18,0.3,2.2601203398698857,-1.3399141630901288,1,-0.5960433131450134
0.18,0.3,2.240167385091886,-1.335793991416309,1,-0.5959677108824301
0.18,0.3,2.2203662241036546,-1.3316738197424893,1,-0.595891179341696
0.18,0.3,2.2007163816722293,-1.3275536480686696,1,-0.5958137538903925
0.18,0.3,2.1812173823360075,-1.3234334763948499,1,-0.595735470784201
0.18,0.3,2.161868750402013,-1.31931330472103,1,-0.5956563671832646
0.18,0.3,2.1426700099431604,-1.3151931330472104,1,-0.5955764811689824
0.18,0.3,2.123620684795495,-1.3110729613733905,1,-0.5954958517612742
0.18,0.3,2.1047202985554567,-1.3069527896995707,1,-0.5954145189363096
0.18,0.3,2.0859683745771167,-1.302832618025751,1,-0.5953325236447452
0.18,0.3,2.067364435969426,-1.2987124463519313,1,-0.5952499078304909
0.18,0.3,2.048908005593458,-1.2945922746781116,1,-0.5951667144500044
0.18,0.3,2.030598606059652,-1.2904721030042918,1,-0.5950829874921788
0.18,0.3,2.0124357597250584,-1.286351931330472,1,-0.5949987719988115
0.18,0.3,1.9944189886905856,-1.2822317596566524,1,-0.5949141140857099
0.18,0.3,1.9765478147982498,-1.2781115879828326,1,-0.59482906096445
0.18,0.3,1.9588217596284316,-1.273991416309013,1,-0.5947436609648158
0.18,0.3,1.9412403444971351,-1.2698712446351932,1,-0.5946579635579728
0.18,0.3,1.92380309045326,-1.2657510729613735,1,-0.594572019380379
0.18,0.3,1.9065095182758731,-1.2616309012875537,1,-0.5944858802585052
0.18,0.3,1.889359148471501,-1.257510729613734,1,-0.5943995992343726
0.18,0.3,1.8723515012704237,-1.2533905579399143,1,-0.5943132305919072
0.18,0.3,1.855486096627989,-1.2492703862660943,1,-0.5942268298845121
0.18,0.3,1.8387624542159375,-1.2451502145922748,1,-0.5941404539630009
0.18,0.3,1.822180093423738,-1.2410300429184549,1,-0.5940541610051349
0.18,0.3,1.805738533354955,-1.2369098712446351,1,-0.5939680105459306
0.18,0.3,1.7894372928246205,-1.2327896995708154,1,-0.5938820635091423
0.18,0.3,1.773275890356632,-1.2286695278969957,1,-0.5937963822399194
0.18,0.3,1.7572538441810956,-1.224549356223176,1,-0.5937110305386881
0.18,0.3,1.741370672231989,-1.2204291845493562,1,-0.5936260736963702
0.18,0.3,1.7256258921444474,-1.2163090128755365,1,-0.5935415785309288
0.18,0.3,1.7100190212522932,-1.2121888412017168,1,-0.5934576134253843
0.18,0.3,1.694549576585579,-1.208068669527897,1,-0.5933742483673455
0.18,0.3,1.679217074868146,-1.2039484978540773,1,-0.5932915549901502
0.18,0.3,1.6640210325152183,-1.1998283261802576,1,-0.5932096066156892
0.18,0.3,1.648960965631032,-1.1957081545064379,1,-0.5931284782990234
0.18,0.3,1.634036390006502,-1.1915879828326181,1,-0.593048246874882
0.18,0.3,1.6192468211169275,-1.1874678111587982,1,-0.5929689910061524
0.18,0.3,1.604591774119744,-1.1833476394849787,1,-0.5928907912344693
0.18,0.3,1.5900707638523093,-1.1792274678111587,1,-0.5928137300330255
0.18,0.3,1.5756833048297532,-1.1751072961373392,1,-0.5927378918617324
0.18,0.3,1.5614289112428532,-1.1709871244635193,1,-0.5926633632248546
0.18,0.3,1.5473070969559866,-1.1668669527896995,1,-0.5925902327312782
0.18,0.3,1.5333173755051142,-1.1627467811158798,1,-0.5925185911575529
0.18,0.3,1.5194592600958325,-1.15862660944206,1,-0.5924485315138749
0.18,0.3,1.505732263601483,-1.1545064377682404,1,-0.5923801491131807
0.18,0.3,1.4921358985613182,-1.1503862660944206,1,-0.5923135416435455
0.18,0.3,1.478669677178735,-1.146266094420601,1,-0.5922488092440731
0.18,0.3,1.4653331113195744,-1.1421459227467812,1,-0.5921860545844904
0.18,0.3,1.4521257125104878,-1.1380257510729614,1,-0.5921253829486736
0.18,0.3,1.4390469919373778,-1.1339055793991417,1,-0.5920669023223427
0.18,0.3,1.4260964604439101,-1.129785407725322,1,-0.5920107234851832
0.18,0.3,1.4132736285301082,-1.125665236051502,1,-0.5919569601076602
0.18,0.3,1.4005780063510231,-1.1215450643776825,1,-0.5919057288528208
0.18,0.3,1.3880091037154854,-1.1174248927038626,1,-0.5918571494834061
0.18,0.3,1.3755664300849535,-1.113304721030043,1,-0.5918113449745839
0.18,0.3,1.3632494945724336,-1.1091845493562231,1,-0.5917684416326748
0.18,0.3,1.3510578059415104,-1.1050643776824034,1,-0.5917285692202541
0.18,0.3,1.338990872605458,-1.1009442060085837,1,-0.5916918610880144
0.18,0.3,1.3270482026264583,-1.096824034334764,1,-0.5916584543138583
0.18,0.3,1.3152293037149159,-1.0927038626609442,1,-0.591628489849652
0.18,0.3,1.30353368322888,-1.0885836909871245,1,-0.5916021126761669
0.18,0.3,1.291960848173572,-1.0844635193133048,1,-0.591579471966722
0.18,0.3,1.2805103052010272,-1.080343347639485,1,-0.5915607212601159
0.18,0.3,1.2691815606098447,-1.0762231759656653,1,-0.5915460186434388
0.18,0.3,1.2579741203450627,-1.0721030042918456,1,-0.5915355269454445
0.18,0.3,1.2468874899981488,-1.0679828326180258,1,-0.5915294139411621
0.18,0.3,1.2359211748071148,-1.0638626609442061,1,-0.5915278525685045
0.18,0.3,1.2250746796567629,-1.0597424892703864,1,-0.5915310211576841
0.18,0.3,1.214347509079056,-1.0556223175965664,1,-0.5915391036742768
0.18,0.3,1.2037391672536326,-1.051502145922747,1,-0.591552289976881
0.18,0.3,1.1932491580084439,-1.047381974248927,1,-0.5915707760903175
0.18,0.3,1.182876984820551,-1.0432618025751075,1,-0.5915947644954545
0.18,0.3,1.172622150817046,-1.0391416309012875,1,-0.591624464436762
0.18,0.3,1.1624841587761414,-1.0350214592274678,1,-0.5916600922487956
0.18,0.3,1.1524625111283937,-1.030901287553648,1,-0.5917018717028855
0.18,0.3,1.1425567099580909,-1.0267811158798283,1,-0.5917500343754033
0.18,0.3,1.132766257004797,-1.0226609442060086,1,-0.5918048200390278
0.18,0.3,1.1230906536650553,-1.0185407725321889,1,-0.5918664770785835
0.18,0.3,1.1135294009942605,-1.0144206008583692,1,-0.5919352629330392
0.18,0.3,1.1040819997086944,-1.0103004291845494,1,-0.5920114445654373
0.18,0.3,1.094747950187739,-1.0061802575107297,1,-0.5920952989625285
0.18,0.3,1.0855267524762595,-1.00206008583691,1,-0.5921871136660625
0.18,0.3,1.0764179062871688,-0.9979399141630902,1,-0.5922871873377082
0.18,0.3,1.0674209110041732,-0.9938197424892704,1,-0.5923958303597128
0.18,0.3,1.0585352656847031,-0.9896995708154507,1,-0.5925133654734599
0.18,0.3,1.0497604690630307,-0.985579399141631,1,-0.5926401284581417
0.18,0.3,1.0410960195535819,-0.9814592274678112,1,-0.5927764688518342
0.18,0.3,1.0325414152544392,-0.9773390557939915,1,-0.5929227507172546
0.18,0.3,1.024096153951047,-0.9732188841201718,1,-0.5930793534544624
0.18,0.3,1.0157597331201123,-0.9690987124463519,1,-0.5932466726627306
0.18,0.3,1.007531649933715,-0.9649785407725322,1,-0.5934251210536451
0.18,0.3,0.9994114012636195,-0.9608583690987125,1,-0.5936151294173303
0.18,0.3,0.9913984836857994,-0.9567381974248927,1,-0.5938171476433654
0.18,0.3,0.9834923934851741,-0.952618025751073,1,-0.5940316457975438
0.18,0.3,0.9756926266605593,-0.9484978540772533,1,-0.5942591152550273
0.18,0.3,0.9679986789298366,-0.9443776824034336,1,-0.5945000698896713
0.18,0.3,0.9604100457353426,-0.9402575107296138,1,-0.5947550473182045
0.18,0.3,0.9529262222494809,-0.9361373390557941,1,-0.5950246101966408
0.18,0.3,0.9455467033805602,-0.9320171673819743,1,-0.5953093475644655
0.18,0.3,0.9382709837788586,-0.9278969957081545,1,-0.5956098762299197
0.18,0.3,0.9310985578429171,-0.9237768240343348,1,-0.5959268421867839
0.18,0.3,0.9240289197260659,-0.9196566523605151,1,-0.5962609220494401
0.18,0.3,0.917061563343185,-0.9155364806866954,1,-0.5966128244883566
0.18,0.3,0.9101959823776963,-0.9114163090128756,1,-0.5969832916424118
0.18,0.3,0.9034316702887977,-0.9072961373390559,1,-0.5973731004772289
0.18,0.3,0.8967681203189305,-0.9031759656652361,1,-0.5977830640498003
0.18,0.3,0.8902048255014922,-0.8990557939914163,1,-0.5982140326285589
0.18,0.3,0.8837412786687844,-0.8949356223175966,1,-0.5986668946044181
0.18,0.3,0.8773769724602072,-0.8908154506437769,1,-0.5991425771115805
0.18,0.3,0.8711113993306955,-0.8866952789699571,1,-0.5996420462564229
0.18,0.3,0.8649440515593981,-0.8825751072961374,1,-0.6001663068280503
0.18,0.3,0.8588744212586027,-0.8784549356223177,1,-0.6007164013341922
0.18,0.3,0.8529020003829036,-0.874334763948498,1,-0.6012934081705398
0.18,0.3,0.8470262807386177,-0.8702145922746782,1,-0.6018984386895143
0.18,0.3,0.8412467539934416,-0.8660944206008584,1,-0.6025326328854539
0.18,0.3,0.8355629116863569,-0.8619742489270387,1,-0.6031971533571069
0.18,0.3,0.8299742452377781,-0.8578540772532189,1,-0.603893177145595
0.18,0.3,0.8244802459599457,-0.8537339055793992,1,-0.6046218849781627
0.18,0.3,0.8190804050675617,-0.8496137339055795,1,-0.6053844473780532
0.18,0.3,0.8137742136886676,-0.8454935622317598,1,-0.6061820070341218
0.18,0.3,0.8085611628757637,-0.84137339055794,1,-0.6070156567687861
0.18,0.3,0.8034407436171686,-0.8372532188841202,1,-0.6078864124126483
0.18,0.3,0.7984124468486151,-0.8331330472103005,1,-0.6087951799071694
0.18,0.3,0.7934757634650843,-0.8290128755364807,1,-0.6097427160382195
0.18,0.3,0.7886301843328719,-0.824892703862661,1,-0.6107295823859765
0.18,0.3,0.7838752003018886,-0.8207725321888413,1,-0.6117560923991009
0.18,0.3,0.7792103022181865,-0.8166523605150215,1,-0.6128222520057012
0.18,0.3,0.7746349809367148,-0.8125321888412018,1,-0.6139276948984134
0.18,0.3,0.7701487273342978,-0.8084120171673821,1,-0.6150716145978277
0.18,0.3,0.7657510323228318,-0.8042918454935624,1,-0.6162526965944995
0.18,0.3,0.7614413868626996,-0.8001716738197425,1,-0.6174690552232415
0.18,0.3,0.7572192819763975,-0.7960515021459228,1,-0.6187181812800162
0.18,0.3,0.7530842087623703,-0.7919313304721031,1,-0.6199969074991954
0.18,0.3,0.7490356584090495,-0.7878111587982833,1,-0.621301399525679
0.18,0.3,0.7450731222090935,-0.7836909871244636,1,-0.6226271795601932
0.18,0.3,0.7411960915738198,-0.7795708154506439,1,-0.6239691881022335
0.18,0.3,0.7374040580478277,-0.7754506437768242,1,-0.6253218860336269
0.18,0.3,0.7336965133238046,-0.7713304721030043,1,-0.626679394878091
0.18,0.3,0.7300729492575116,-0.7672103004291846,1,-0.6280356680423161
0.18,0.3,0.7265328578829404,-0.7630901287553649,1,-0.6293846811354814
0.18,0.3,0.7230757314276355,-0.7589699570815451,1,-0.6307206261395635
0.18,0.3,0.7197010623281789,-0.7548497854077254,1,-0.6320380931189747
0.18,0.3,0.7164083432458237,-0.7507296137339057,1,-0.6333322246607466
0.18,0.3,0.7131970670822778,-0.746609442060086,1,-0.634598832017781
0.18,0.3,0.7100667269956222,-0.7424892703862662,1,-0.6331082289615746
0.18,0.3,0.707016816416363,-0.7383690987124465,1,-0.6235338439680542
0.18,0.3,0.7040468290636048,-0.7342489270386267,1,-0.6140349071394875
0.18,0.3,0.7011562589613414,-0.7301287553648069,1,-0.6046121114952224
0.18,0.3,0.6983446004548503,-0.7260085836909872,1,-0.5952658293289581
0.18,0.3,0.6956113482271881,-0.7218884120171675,1,-0.5859961535991414
0.18,0.3,0.6929559973157738,-0.7177682403433477,1,-0.576802942324611
0.18,0.3,0.6903780431290544,-0.713648068669528,1,-0.5676858627198872
0.18,0.3,0.6878769814632378,-0.7095278969957083,1,-0.5586444327246619
0.18,0.3,0.685452308519092,-0.7054077253218884,1,-0.5496780584462329
0.18,0.3,0.6831035209187932,-0.7012875536480687,1,-0.540786066755552
0.18,0.3,0.6808301157228164,-0.697167381974249,1,-0.531967732825728
0.18,0.3,0.6786315904468582,-0.6930472103004293,1,-0.523222302780721
0.18,0.3,0.676507443078782,-0.6889270386266095,1,-0.5145490118566118
0.18,0.3,0.674457172095571,-0.6848068669527898,1,-0.5059470986003662
0.18,0.3,0.6724802764802857,-0.6806866952789701,1,-0.49741581567349097
0.18,0.3,0.6705762557390073,-0.6765665236051503,1,-0.4889544378174806
0.18,0.3,0.6687446099177601,-0.6724463519313306,1,-0.4805622674960146
0.18,0.3,0.6669848396194027,-0.6683261802575108,1,-0.4722386386707446
0.18,0.3,0.6652964460204722,-0.664206008583691,1,-0.4639829191038524
0.18,0.3,0.6636789308879746,-0.6600858369098713,1,-0.45579451151782413
0.18,0.3,0.662131796596106,-0.6559656652360516,1,-0.4476728538849374
0.18,0.3,0.6606545461428958,-0.6518454935622319,1,-0.4396174190675973
0.18,0.3,0.6592466831667576,-0.6477253218884121,1,-0.4316277139864804
0.18,0.3,0.6579077119629388,-0.6436051502145924,1,-0.4237032784563186
0.18,0.3,0.6566371374998528,-0.6394849785407726,1,-0.4158436837984697
0.18,0.3,0.6554344654352848,-0.6353648068669528,1,-0.3605890193866791
0.18,0.3,0.6542992021324593,-0.6312446351931331,1,-0.32728581623156777
0.18,0.3,0.6532308546759535,-0.6271244635193134,1,-0.30033367273057343
0.18,0.3,0.6522289308874495,-0.6230042918454937,1,-0.2763422008526851
0.18,0.3,0.6512929393413086,-0.6188841201716739,1,-0.25415891160420545
0.18,0.3,0.6504223893799576,-0.6147639484978542,1,-0.23322921702381572
0.18,0.3,0.6496167911290737,-0.6106437768240345,1,-0.2132373907997393
0.18,0.3,0.6488756555125587,-0.6065236051502148,1,-0.19398436660387397
0.18,0.3,0.6481984942672856,-0.6024034334763949,1,-0.17533563105048522
0.18,0.3,0.6475848199576093,-0.5982832618025752,1,-0.15719560328113413
0.18,0.3,0.6470341459896276,-0.5941630901287555,1,-0.13949371830706248
0.18,0.3,0.6465459866251807,-0.5900429184549357,1,-0.12217628662896751
0.18,0.3,0.6461198569955785,-0.585922746781116,1,-0.10520145121221947
0.18,0.3,0.6457552731150418,-0.5818025751072963,1,-0.08853591649481818
0.18,0.3,0.6454517518938464,-0.5776824034334765,1,-0.07215274546078987
0.18,0.3,0.6452088111511617,-0.5735622317596567,1,-0.056029828718569874
0.18,0.3,0.6450259696275665,-0.569442060085837,1,-0.04014879189592957
0.18,0.3,0.6449027469972362,-0.5653218884120172,1,-0.024494197829338704
0.18,0.3,0.644838663879787,-0.5612017167381975,1,-0.00905295233111314
0.18,0.3,0.6448332418517696,-0.5570815450643778,0,0.006186146182203367
0.18,0.3,0.6448860034577967,-0.5529613733905581,0,0.021232753319986974
0.18,0.3,0.6449964722213,-0.5488412017167383,0,0.03609524918244589
0.18,0.3,0.6451641726549013,-0.5447210300429186,0,0.050780952003118385
0.18,0.3,0.6453886302703921,-0.5406008583690989,0,0.06529628878502114
0.18,0.3,0.6456693715883078,-0.536480686695279,0,0.07964693296137548
0.18,0.3,0.646005924147092,-0.5323605150214593,0,0.09383791647209994
0.18,0.3,0.6463978165118371,-0.5282403433476396,0,0.10787372177588361
0.18,0.3,0.646844578282596,-0.5241201716738199,0,0.12175835797096524
0.18,0.3,0.6473457401022552,-0.5200000000000001,0,0.135495424215327
0.18,0.3,0.6479008336639605,-0.5158798283261804,0,0.14908816291126015
0.18,0.3,0.6485093917180881,-0.5117596566523607,0,0.16253950457687172
0.18,0.3,0.6491709480787567,-0.5076394849785408,0,0.17585210591741984
0.18,0.3,0.6498850376298665,-0.5035193133047211,0,0.18902838229679542
0.18,0.3,0.6506511963306655,-0.4993991416309014,0,0.20207053556881582
0.18,0.3,0.6514689612208346,-0.49527896995708165,0,0.21498057804110005
0.18,0.3,0.6523378704250835,-0.4911587982832619,0,0.22776035319796184
0.18,0.3,0.653257463157254,-0.4870386266094422,0,0.24041155369336487
0.18,0.3,0.6542272797239266,-0.48291845493562247,0,0.2529357370332691
0.18,0.3,0.6552468615275223,-0.47879828326180274,0,0.26533433929340455
0.18,0.3,0.6563157510689008,-0.474678111587983,0,0.2776086871594946
0.18,0.3,0.6574334919494444,-0.4705579399141633,0,0.2897600085291958
0.18,0.3,0.6585996288726306,-0.46643776824034355,0,0.30178944187614865
0.18,0.3,0.659813707645087,-0.4623175965665238,0,0.3136980445447166
0.18,0.3,0.6610752751771272,-0.4581974248927039,0,0.32548680011783415
0.18,0.3,0.6623838794827658,-0.45407725321888415,0,0.33715662497875354
0.18,0.3,0.6637390696792107,-0.4499570815450644,0,0.34870837416955036
0.18,0.3,0.6651403959858304,-0.4458369098712447,0,0.36014284663426877
0.18,0.3,0.6665874097225997,-0.44171673819742496,0,0.37146078992206855
0.18,0.3,0.668079663308018,-0.43759656652360523,0,0.38266290441522
0.18,0.3,0.6696167102565063,-0.4334763948497855,0,0.3937498471378924
0.18,0.3,0.6711981051752782,-0.4293562231759658,0,0.4047222351941935
0.18,0.3,0.6728234037606918,-0.42523605150214605,0,0.4155806488775009
0.18,0.3,0.6744921627940786,-0.4211158798283263,0,0.4263256344877113
0.18,0.3,0.6762039401370569,-0.4169957081545066,0,0.4369577068883602
0.18,0.3,0.6779582947263272,-0.41287553648068687,0,0.44747735183158976
0.18,0.3,0.6797547865679586,-0.40875536480686714,0,0.4578850280755058
0.18,0.3,0.6815929767311629,-0.4046351931330474,0,0.46818116931549525
0.18,0.3,0.6834724273415677,-0.4005150214592277,0,0.47836618594853675
0.18,0.3,0.685392701573986,-0.39639484978540795,0,0.4884404666873067
0.18,0.3,0.6873533636446933,-0.3922746781115882,0,0.4984043800389366
0.18,0.3,0.6893539788032135,-0.3881545064377683,0,0.5082582756616448
0.18,0.3,0.6913941133236199,-0.38403433476394855,0,0.5180024856109439
0.18,0.3,0.6934733344953611,-0.3799141630901288,0,0.5276373254858828
0.18,0.3,0.695591210613612,-0.3757939914163091,0,0.5371630954846257
0.18,0.3,0.697747310969164,-0.37167381974248936,0,0.5465800813777124
0.18,0.3,0.6999412058378554,-0.36755364806866964,0,0.5558885554064283
0.18,0.3,0.702172466469555,-0.3634334763948499,0,0.5650887771129965
0.18,0.3,0.7044406650767038,-0.3593133047210302,0,0.5741809941085753
0.18,0.3,0.7067453748224233,-0.35519313304721045,0,0.583165442784473
0.18,0.3,0.7090861698082039,-0.3510729613733907,0,0.5920423489714416
0.18,0.3,0.7114626250611746,-0.346952789699571,0,0.6008119285514466
0.18,0.3,0.7138743165209716,-0.34283261802575127,0,0.6094743880258803
0.18,0.3,0.71632082102621,-0.33871244635193154,0,0.6180299250437993
0.18,0.3,0.7188017163005727,-0.3345922746781118,0,0.6264787288934558
0.18,0.3,0.7213165809385241,-0.3304721030042921,0,0.6348209809600647
0.18,0.3,0.7238649943906612,-0.32635193133047213,0,0.6430568551524969
0.18,0.3,0.7264465369477113,-0.3222317596566524,0,0.6511865183013583
0.18,0.3,0.729060789729192,-0.3181115879828327,0,0.6592101305304848
0.18,0.3,0.7317073346617375,-0.31399141630901295,0,0.6671278456043972
0.18,0.3,0.7343857544671105,-0.3098712446351932,0,0.674939811252856
0.18,0.3,0.7370956326449083,-0.3057510729613735,0,0.6826461694747448
0.18,0.3,0.7398365534559739,-0.30163090128755377,0,0.6902470568226174
0.18,0.3,0.7426081019055272,-0.29751072961373404,0,0.6977426046693438
0.18,0.3,0.7454098637260294,-0.2933905579399143,0,0.7051329394581828
0.18,0.3,0.7482414253597871,-0.2892703862660946,0,0.7124181829374333
0.18,0.3,0.7511023739413186,-0.28515021459227485,0,0.7195984523808041
0.18,0.3,0.753992297279487,-0.2810300429184551,0,0.7266738607944637
0.18,0.3,0.7569107838393762,-0.2769098712446354,0,0.7336445171117367
0.18,0.3,0.7598574227241042,-0.27278969957081567,0,0.7405105263762658
0.18,0.3,0.7628318036562918,-0.26866952789699594,0,0.7472719899144492
0.18,0.3,0.7658335169593826,-0.2645493562231762,0,0.7539290054978763
0.18,0.3,0.7688621535388476,-0.2604291845493565,0,0.7604816674964237
0.18,0.3,0.771917304863215,-0.25630901287553653,0,0.766930067022632
0.18,0.3,0.7749985629449655,-0.2521888412017168,0,0.7732742920679465
0.18,0.3,0.7781055203213034,-0.24806866952789708,0,0.7795144276313493
0.18,0.3,0.7812377700348172,-0.24394849785407735,0,0.7856505558408668
0.18,0.3,0.7843949056140431,-0.23982832618025762,0,0.7916827560684215
0.18,0.3,0.7875765210539456,-0.2357081545064379,0,0.7976111050384349
0.18,0.3,0.790782210796328,-0.23158798283261817,0,0.803435676930604
0.18,0.3,0.7940115697101849,-0.22746781115879844,0,0.8091565434771728
0.18,0.3,0.7972641930720125,-0.2233476394849787,0,0.8147737740550861
0.18,0.3,0.8005396765460872,-0.21922746781115898,0,0.8202874357733079
0.18,0.3,0.8038376161647249,-0.21510729613733925,0,0.8256975935556098
0.18,0.3,0.8071576083085404,-0.21098712446351953,0,0.8310043102191095
0.18,0.3,0.8104992496867076,-0.2068669527896998,0,0.8362076465488096
0.18,0.3,0.8138621373172461,-0.20274678111588007,0,0.8413076613683684
0.18,0.3,0.8172458685073373,-0.19862660944206034,0,0.8463044116073424
0.18,0.3,0.8206500408336865,-0.1945064377682404,0,0.8511979523650913
0.18,0.3,0.8240742521229417,-0.19038626609442066,0,0.8559883369715534
0.18,0.3,0.827518100432183,-0.18626609442060094,0,0.8606756170450585
0.18,0.3,0.830981184029491,-0.1821459227467812,0,0.8652598425473684
0.18,0.3,0.834463101374608,-0.17802575107296148,0,0.8697410618360806
0.18,0.3,0.8379634510997045,-0.17390557939914175,0,0.8741193217145643
0.18,0.3,0.8414818319902573,-0.16978540772532202,0,0.8783946674795547
0.18,0.3,0.8450178429660562,-0.1656652360515023,0,0.8825671429665434
0.18,0.3,0.8485710830623453,-0.16154506437768257,0,0.8866367905930851
0.18,0.3,0.8521411514111118,-0.15742489270386284,0,0.8906036514001421
0.18,0.3,0.8557276472225311,-0.1533047210300431,0,0.8944677650915475
0.18,0.3,0.8593301697665785,-0.14918454935622338,0,0.8982291700717392
0.18,0.3,0.8629483183548182,-0.14506437768240366,0,0.9018879034818053
0.18,0.3,0.8665816923223763,-0.14094420600858393,0,0.9054440012339631
0.18,0.3,0.8702298910101104,-0.1368240343347642,0,0.9088974980445493
0.18,0.3,0.8738925137469822,-0.13270386266094447,0,0.9122484274655963
0.18,0.3,0.8775691598326422,-0.12858369098712474,0,0.9154968219150614
0.18,0.3,0.881259428520234,-0.1244635193133048,0,0.9186427127058058
0.18,0.3,0.8849629189994279,-0.12034334763948507,0,0.92168613007335
0.18,0.3,0.8886792303796921,-0.11622317596566534,0,0.9246271032025025
0.18,0.3,0.8924079616738041,-0.11210300429184561,0,0.9274656602528976
0.18,0.3,0.8961487117816158,-0.10798283261802588,0,0.9302018283835055
0.18,0.3,0.8999010794740736,-0.10386266094420615,0,0.9328356337761674
0.18,0.3,0.9036646633775045,-0.09974248927038643,0,0.935367101658197
0.18,0.3,0.9074390619581711,-0.0956223175965667,0,0.9377962563241025
0.18,0.3,0.9112238735071022,-0.09150214592274697,0,0.9401231211564643
0.18,0.3,0.9150186961252077,-0.08738197424892724,0,0.9423477186460094
0.18,0.3,0.9188231277086767,-0.08326180257510751,0,0.9444700704109371
0.18,0.3,0.9226367659346703,-0.07914163090128778,0,0.9464901972154944
0.18,0.3,0.9264592082473115,-0.07502145922746806,0,0.9484081189878799
0.18,0.3,0.9302900518439742,-0.07090128755364833,0,0.9502238548374714
0.18,0.3,0.9341288936618782,-0.0667811158798286,0,0.9519374230714316
0.18,0.3,0.937975330364996,-0.06266094420600865,0,0.9535488412106994
0.18,0.3,0.941828958331267,-0.05854077253218892,0,0.9550581260054103
0.18,0.3,0.9456893736401343,-0.054420600858369195,0,0.9564652934497664
0.18,0.3,0.9495561720603944,-0.05030042918454947,0,0.9577703587963627
0.18,0.3,0.9534289490383742,-0.04618025751072974,0,0.9589733365700259
0.18,0.3,0.9573072996864265,-0.04206008583691001,0,0.9600742405811479
0.18,0.3,0.961190818771757,-0.03793991416309028,0,0.9610730839385555
0.18,0.3,0.9650791007055775,-0.033819742489270554,0,0.9619698790619384
0.18,0.3,0.968971739532587,-0.029699570815450826,0,0.9627646376938356
0.18,0.3,0.972868328920788,-0.0255793991416311,0,0.9634573709111985
0.18,0.3,0.9767684621516328,-0.02145922746781137,0,0.9640480891365658
0.18,0.3,0.9806717321105027,-0.017339055793991642,0,0.9645368021488392
0.18,0.3,0.9845777312775229,-0.013218884120171914,0,0.9649235190936852
0.18,0.3,0.9884860517187104,-0.009098712446352186,0,0.9652082484935696
0.18,0.3,0.9923962850774566,-0.004978540772532458,0,0.9653909982574439
0.18,0.3,0.9963080225663444,-0.0008583690987127301,0,0.9654717756900845
0.18,0.3,1.0002208549592995,0.003261802575106998,0,0.9654505875011004
0.18,0.3,1.004134372584076,0.007381974248926948,0,0.9653274398136122
0.18,0.3,1.0080481653150706,0.011502145922746676,0,0.9651023381726231
0.18,0.3,1.0119618225664766,0.015622317596566404,0,0.964775287553064
0.18,0.3,1.0158749332857606,0.019742489270386132,0,0.9643462923675583
0.18,0.3,1.0197870859474738,0.02386266094420586,0,0.9638153564738666
0.18,0.3,1.023697868547389,0.027982832618025588,0,0.9631824831820576
0.18,0.3,1.0276068685969628,0.032103004291845316,0,0.9624476752613834
0.18,0.3,1.031513673118126,0.036223175965665044,0,0.9616109349468763
0.18,0.3,1.0354178686383926,0.04034334763948477,0,0.9606722639456646
0.18,0.3,1.0393190411862885,0.0444635193133045,0,0.9596316634430124
0.18,0.3,1.043216776287102,0.04858369098712423,0,0.9584891341080916
0.18,0.3,1.0471106589589454,0.052703862660943956,0,0.9572446760994805
0.18,0.3,1.0510002737091297,0.056824034334763684,0,0.955898289070392
0.18,0.3,1.0548852045308519,0.06094420600858341,0,0.9544499721736325
0.18,0.3,1.0587650349001851,0.06506437768240314,0,0.9528997240663083
0.18,0.3,1.0626393477733753,0.06918454935622309,0,0.9512475429142363
0.18,0.3,1.0665077255844357,0.07330472103004282,0,0.9494934263961259
0.18,0.3,1.0703697502430431,0.07742489270386255,0,0.9476373717074547
0.18,0.3,1.074225003132722,0.08154506437768227,0,0.9456793755641062
0.18,0.3,1.0780730651093244,0.085665236051502,0,0.9436194342057183
0.18,0.3,1.081913516499793,0.08978540772532173,0,0.9414575433987707
0.18,0.3,1.0857459371012088,0.09390557939914146,0,0.9391936984393882
0.18,0.3,1.0895699061801183,0.09802575107296119,0,0.9368278941558739
0.18,0.3,1.0933850024721348,0.10214592274678091,0,0.9343601249109567
0.18,0.3,1.097190804181813,0.10626609442060064,0,0.9317903846037517
0.18,0.3,1.1009868889827905,0.11038626609442037,0,0.9291186666714455
0.18,0.3,1.104772834018192,0.1145064377682401,0,0.9263449640906624
0.18,0.3,1.1085482159012947,0.11862660944205983,0,0.9234692693785537
0.18,0.3,1.1123126107164485,0.12274678111587956,0,0.9204915745935719
0.18,0.3,1.1160655940202464,0.12686695278969928,0,0.9174118713359298
0.18,0.3,1.1198067408429435,0.130987124463519,0,0.9142301507477532
0.18,0.3,1.1235356256901172,0.13510729613733874,0,0.9109464035128965
0.18,0.3,1.127251822544568,0.1392274678111587,0,0.9075606198564229
0.18,0.3,1.1309549048684535,0.14334763948497842,0,0.9040727895437618
0.18,0.3,1.1346444456056513,0.14746781115879815,0,0.9004829018794897
0.18,0.3,1.1383200171843488,0.15158798283261787,0,0.8967909457057627
0.18,0.3,1.1419811915198557,0.1557081545064376,0,0.892996909400385
0.18,0.3,1.1456275400176301,0.15982832618025733,0,0.8891007808744811
0.18,0.3,1.1492586335765216,0.16394849785407706,0,0.8851025475697797
0.18,0.3,1.152874042592218,0.16806866952789679,0,0.8810021964554974
0.18,0.3,1.1564733369609017,0.1721888412017165,0,0.8767997140247961
0.18,0.3,1.1600560860831015,0.17630901287553624,0,0.8724950862908042
0.18,0.3,1.1636218588677412,0.18042918454935597,0,0.8680882987822042
0.18,0.3,1.1671702237363828,0.1845493562231757,0,0.86357933653834
0.18,0.3,1.1707007486276508,0.18866952789699543,0,0.8589681841038552
0.18,0.3,1.1742130010018472,0.19278969957081515,0,0.8542548255228293
0.18,0.3,1.1777065478457374,0.19690987124463488,0,0.849439244332398
0.18,0.3,1.1811809556775181,0.20103004291845483,0,0.8445214235558393
0.18,0.3,1.1846357905519516,0.20515021459227456,0,0.8395013456951046
0.18,0.3,1.1880706180656682,0.2092703862660943,0,0.8343789927227645
0.18,0.3,1.1914850033626314,0.21339055793991402,0,0.829154346073361
0.18,0.3,1.1948785111397642,0.21751072961373374,0,0.8238273866341308
0.18,0.3,1.198250705652726,0.22163090128755347,0,0.8183980947350724
0.18,0.3,1.2016011507218447,0.2257510729613732,0,0.8128664501383387
0.18,0.3,1.2049294097381955,0.22987124463519293,0,0.8072324320269211
0.18,0.3,1.2082350456698223,0.23399141630901266,0,0.8014960189925899
0.18,0.3,1.2115176210681013,0.23811158798283238,0,0.7956571890230615
0.18,0.3,1.2147766980742423,0.2422317596566521,0,0.7897159194883676
0.18,0.3,1.2180118384259182,0.24635193133047184,0,0.7836721871263685
0.18,0.3,1.2212226034640314,0.25047210300429157,0,0.7775259680273974
0.18,0.3,1.224408554139603,0.2545922746781113,0,0.7712772376179644
0.18,0.3,1.2275692510207858,0.258712446351931,0,0.7649259706435136
0.18,0.3,1.230704254299998,0.26283261802575075,0,0.7584721411501465
0.18,0.3,1.2338131238011756,0.2669527896995705,0,0.7519157224652975
0.18,0.3,1.236895418987137,0.27107296137339043,0,0.7452566871772854
0.18,0.3,1.2399506989670597,0.27519313304721016,0,0.7384950071137033
0.18,0.3,1.2429785225040675,0.2793133047210299,0,0.7316306533185641
0.18,0.3,1.2459784480229203,0.2834334763948496,0,0.7246635960281742
0.18,0.3,1.2489500336178114,0.28755364806866934,0,0.7175938046456294
0.18,0.3,1.2518928370602602,0.29167381974248907,0,0.7104212477138925
0.18,0.3,1.2548064158071102,0.2957939914163088,0,0.7031458928873637
0.18,0.3,1.257690327008615,0.2999141630901285,0,0.6957677069018631
0.18,0.3,1.2605441275166271,0.30403433476394826,0,0.6882866555429399
0.18,0.3,1.2633673738928695,0.308154506437768,0,0.6807027036124318
0.18,0.3,1.2661596224173035,0.3122746781115877,0,0.6730158148931471
0.18,0.3,1.2689204290965816,0.31639484978540744,0,0.6652259521115915
0.18,0.3,1.2716493496725851,0.32051502145922717,0,0.6573330768986272
0.18,0.3,1.2743459396310497,0.3246351931330469,0,0.6493371497479197
0.18,0.3,1.2770097542102692,0.3287553648068666,0,0.6412381299720891
0.18,0.3,1.2796403484098835,0.3328755364806866,0,0.6330359756563819
0.18,0.3,1.2822372769997443,0.3369957081545063,0,0.6247306436097584
0.18,0.3,1.28480009452886,0.34111587982832603,0,0.6163220893132226
0.18,0.3,1.2873283553344188,0.34523605150214576,0,0.6078102668652119
0.18,0.3,1.2898216135508842,0.3493562231759655,0,0.5991951289239181
0.18,0.3,1.2922794231191712,0.3534763948497852,0,0.5904766266462891
0.18,0.3,1.2947013377958905,0.35759656652360494,0,0.5816547096235443
0.18,0.3,1.2970869111626728,0.36171673819742467,0,0.5727293258129691
0.18,0.3,1.2994356966355596,0.3658369098712444,0,0.5637004214657599
0.18,0.3,1.3017472474744713,0.3699570815450641,0,0.5545679410506559
0.18,0.3,1.3040211167927456,0.37407725321888385,0,0.5453318271730787
0.18,0.3,1.306256857566746,0.3781974248927036,0,0.5359920204895086
0.18,0.3,1.3084540226455452,0.3823175965665233,0,0.526548459616748
0.18,0.3,1.3106121647606788,0.38643776824034304,0,0.5170010810357475
0.18,0.3,1.3127308365359687,0.39055793991416277,0,0.5073498189896235
0.18,0.3,1.3148095904974217,0.3946781115879825,0,0.49759460537544964
0.18,0.3,1.3168479790831984,0.3987982832618022,0,0.4877353696294211
0.18,0.3,1.3188455546536553,0.4029184549356222,0,0.47777203860488426
0.18,0.3,1.3208018695014607,0.4070386266094419,0,0.46770453644275234
0.18,0.3,1.3227164758617846,0.41115879828326163,0,0.45753278443375045
0.18,0.3,1.3245889259225636,0.41527896995708136,0,0.44725670087188507
0.18,0.3,1.326418771834841,0.4193991416309011,0,0.436876200898501
0.18,0.3,1.3282055657231853,0.4235193133047208,0,0.42639119633621503
0.18,0.3,1.3299488596961881,0.42763948497854054,0,0.4158015955119678
0.18,0.3,1.331648205857037,0.43175965665236027,0,0.4051073030683472
0.18,0.3,1.3333031563141766,0.43587982832618,0,0.3943082197622969
0.18,0.3,1.334913263192047,0.4399999999999997,0,0.383404242250196
0.18,0.3,1.336478078641912,0.44412017167381945,0,0.37239526285824986
0.18,0.3,1.3379971548527683,0.4482403433476392,0,0.36128116933698684
0.18,0.3,1.33947004406235,0.4523605150214589,0,0.3500618445985979
0.18,0.3,1.34089629856822,0.45648068669527864,0,0.3387371664356711
0.18,0.3,1.3422754707389568,0.46060085836909836,0,0.3273070072197901
0.18,0.3,1.3436071130254394,0.4647210300429183,0,0.31577123357828163
0.18,0.3,1.3448907779722254,0.46884120171673804,0,0.3041297060472403
0.18,0.3,1.3461260182290387,0.47296137339055777,0,0.2923822786987651
0.18,0.3,1.3473123865623562,0.4770815450643775,0,0.2805287987401388
0.18,0.3,1.3484494358671069,0.4812017167381972,0,0.26856910608244355
0.18,0.3,1.3495367191784784,0.48532188841201696,0,0.256503032875836
0.18,0.3,1.3505737896838437,0.4894420600858367,0,0.24433040300842523
0.18,0.3,1.3515602007348024,0.4935622317596564,0,0.2320510315653581
0.18,0.3,1.352495505859347,0.49768240343347614,0,0.21966472424434236
0.18,0.3,1.3533792587741567,0.5018025751072959,0,0.20717127672343016
0.18,0.3,1.3542110133970204,0.5059227467811156,0,0.19457047397640226
0.18,0.3,1.3549903238593977,0.5100429184549353,0,0.18186208953057625
0.18,0.3,1.35571674451912,0.514163090128755,0,0.16904588466123793
0.18,0.3,1.3563898299732347,0.5182832618025748,0,0.15612160751623017
0.18,0.3,1.357009135071003,0.5224034334763945,0,0.1430889921634484
0.18,0.3,1.3575742149270518,0.5265236051502145,0,0.12994775755311316
0.18,0.3,1.3580846249346865,0.530643776824034,0,0.11669760638567439
0.18,0.3,1.3585399207793725,0.5347639484978539,0,0.10333822387504332
0.18,0.3,1.3589396584523874,0.5388841201716734,0,0.08986927639556264
0.18,0.3,1.3592833942646558,0.5430042918454934,0,0.07629040999953807
0.18,0.3,1.3595706848607643,0.5471244635193129,0,0.06260124879049567
0.18,0.3,1.3598010872331756,0.5512446351931328,0,0.04880139313521448
0.18,0.3,1.3599741587366365,0.5553648068669523,0,0.03489041769534862
0.18,0.3,1.360089457102795,0.5594849785407723,0,0.020867869256648408
0.18,0.3,1.3601465404550304,0.5636051502145922,0,0.006733264330729405
0.18,0.3,1.3601449673235062,0.5677253218884117,1,-0.00751391349941799
0.18,0.3,1.360084296660451,0.5718454935622317,1,-0.02187421652323529
0.18,0.3,1.3599640878556807,0.5759656652360512,1,-0.03634823617383609
0.18,0.3,1.3597839007523618,0.5800858369098711,1,-0.05093660667078548
0.18,0.3,1.3595432956630393,0.5842060085836907,1,-0.06564000908547829
0.18,0.3,1.3592418333859186,0.5883261802575106,1,-0.08045917588861085
0.18,0.3,1.3588790752214328,0.5924463519313301,1,-0.0953948960490576
0.18,0.3,1.3584545829890868,0.5965665236051501,1,-0.11044802076542926
0.18,0.3,1.3579679190446,0.6006866952789696,1,-0.12561946992571582
0.18,0.3,1.3574186462973539,0.6048068669527895,1,-0.14091023940765224
0.18,0.3,1.3568063282281575,0.608927038626609,1,-0.1563214093531009
0.18,0.3,1.3561305289073382,0.613047210300429,1,-0.17185415357505507
0.18,0.3,1.3553908130131753,0.6171673819742485,1,-0.1875097502866072
0.18,0.3,1.3545867458506857,0.6212875536480684,1,-0.20328959437915683
0.18,0.3,1.353717893370774,0.6254077253218879,1,-0.2191952115238145
0.18,0.3,1.352783822189761,0.6295278969957079,1,-0.23522827442810512
0.18,0.3,1.3517840996093051,0.6336480686695278,1,-0.25139062165257187
0.18,0.3,1.3507182936367303,0.6377682403433473,1,-0.26768427948325557
0.18,0.3,1.3495859730057733,0.6418884120171673,1,-0.28411148747162174
0.18,0.3,1.3483867071977702,0.6460085836909868,1,-0.3006747284010366
0.18,0.3,1.3471200664632912,0.6501287553648067,1,-0.3173767636287135
0.18,0.3,1.3457856218442485,0.6542489270386262,1,-0.334220674997985
0.18,0.3,1.3443829451964853,0.6583690987124462,1,-0.3512099148378125
0.18,0.3,1.3429116092128706,0.6624892703862657,1,-0.3683483659916096
0.18,0.3,1.3413711874469134,0.6666094420600857,1,-0.38564041438525787
0.18,0.3,1.3397612543369197,0.6707296137339052,1,-0.4030910374103518
0.18,0.3,1.3380813852307059,0.6748497854077251,1,-0.420705912445722
0.18,0.3,1.3363311564108962,0.6789699570815446,1,-0.4384915512895389
0.18,0.3,1.3345101451208152,0.6830901287553646,1,-0.45645546830983885
0.18,0.3,1.3326179295910117,0.6872103004291841,1,-0.4746063930252049
0.18,0.3,1.3306540890664202,0.691330472103004,1,-0.492954542042938
0.18,0.3,1.328618203834198,0.6954506437768235,1,-0.5115119715197171
0.18,0.3,1.3265098552522512,0.6995708154506435,1,-0.5302930407389315
0.18,0.3,1.324328625778482,0.7036909871244634,1,-0.5493150319961106
0.18,0.3,1.3220740990007838,0.7078111587982829,1,-0.5685989951988286
0.18,0.3,1.3197458596678002,0.7119313304721029,1,-0.5881709236537287
0.18,0.3,1.3173434937204984,0.7160515021459224,1,-0.6080634321617276
0.18,0.3,1.3148665883245594,0.7201716738197423,1,-0.6283182228977312
0.18,0.3,1.3123147319036395,0.7242918454935618,1,-0.6489898367461986
0.18,0.3,1.3096875141735185,0.7284120171673818,1,-0.6701516046612814
0.18,0.3,1.306984526177177,0.7325321888412013,1,-0.6919055917094448
0.18,0.3,1.304205360320833,0.7366523605150213,1,-0.7144003437827464
0.18,0.3,1.3013496104109734,0.7407725321888408,1,-0.7378654317429092
0.18,0.3,1.2984168716924198,0.7448927038626607,1,-0.762687299054136
0.18,0.3,1.2954067408874663,0.7490128755364802,1,-0.7896088357530434
0.18,0.3,1.292318816236126,0.7531330472103002,1,-0.8204486988498655
0.18,0.3,1.2891526975375374,0.7572532188841197,1,-0.8642104440462909
0.18,0.3,1.2859079861925564,0.7613733905579396,1,-0.8965391598830676
0.18,0.3,1.282584285247605,0.7654935622317596,1,-0.9062522266709973
0.18,0.3,1.2791811994397966,0.7696137339055791,1,-0.9160475780652311
0.18,0.3,1.2756983352434046,0.773733905579399,1,-0.9259319634231278
0.18,0.3,1.2721353009177216,0.7778540772532185,1,-0.9359135790098437
0.18,0.3,1.2684917065563572,0.7819742489270385,1,-0.9460024815175727
0.18,0.3,1.2647671641380356,0.786094420600858,1,-0.9562111553702708
0.18,0.3,1.260961287578946,0.7902145922746779,1,-0.96655530616053
0.18,0.3,1.257073692786712,0.7943347639484974,1,-0.9770549947122611
0.18,0.3,1.2531039977160343,0.7984549356223174,1,-0.9877362982744605
0.18,0.3,1.24905182242608,0.8025751072961369,1,-0.9986338124975551
0.18,0.3,1.2449167891396802,0.8066952789699569,1,-1.0097945402921962
0.18,0.3,1.2406985223044127,0.8108154506437764,1,-1.021284153624386
0.18,0.3,1.236396648655636,0.8149356223175963,1,-1.033197470953386
0.18,0.3,1.2320107972815635,0.8190557939914158,1,-1.0456766658658667
0.18,0.3,1.2275405996904447,0.8231759656652358,1,-1.058943684756352
0.18,0.3,1.2229856898799498,0.8272961373390557,1,-1.0733555155193635
0.18,0.3,1.218345704408837,0.8314163090128752,1,-1.0894636016857588
0.18,0.3,1.2136202824710003,0.8355364806866952,1,-1.1078028014707058
0.18,0.3,1.2088090659719883,0.8396566523605147,1,-1.1112871850016135
0.18,0.3,1.2039116996080994,0.8437768240343346,1,-1.0920867230396012
0.18,0.3,1.1989278309481552,0.8478969957081541,1,-1.077517764094739
0.18,0.3,1.1938571105180587,0.8520171673819741,1,-1.0664852844154955
0.18,0.3,1.188699191888262,0.8561373390557936,1,-1.0577903479646533
0.18,0.3,1.1834537317642468,0.8602575107296135,1,-1.050658413097152
0.18,0.3,1.1781203900801627,0.864377682403433,1,-1.0446121340733097
0.18,0.3,1.1726988300957322,0.868497854077253,1,-1.0393481253813464
0.18,0.3,1.1671887184965837,0.8726180257510725,1,-1.0346652412909214
0.18,0.3,1.1615897254981307,0.8767381974248925,1,-1.0304247330912772
0.18,0.3,1.1559015249531708,0.880858369098712,1,-1.0265275490053327
0.18,0.3,1.1501237944633418,0.8849785407725319,1,-1.0229008789770864
0.18,0.3,1.1442562154946176,0.8890987124463514,1,-1.0194898544967679
0.18,0.3,1.138298473496999,0.8932188841201714,1,-1.016252237730847
0.18,0.3,1.1322502580285954,0.8973390557939913,1,-1.0131549110735718
0.18,0.3,1.1261112628842802,0.9014592274678108,1,-1.0101714893471634
0.18,0.3,1.1198811862291123,0.9055793991416308,1,-1.0072806541528507
0.18,0.3,1.1135597307367504,0.9096995708154503,1,-1.0044649658168239
0.18,0.3,1.1071466037330562,0.9138197424892702,1,-1.0017099990991647
0.18,0.3,1.1006415173451372,0.9179399141630897,1,-0.9990037032821015
0.18,0.3,1.0940441886560508,0.9220600858369097,1,-0.9963359208684118
0.18,0.3,1.0873543398654415,0.9261802575107292,1,-0.9936980204125507
0.18,0.3,1.0805716984563574,0.9303004291845491,1,-0.9910826128108482
0.18,0.3,1.0736959973685438,0.9344206008583686,1,-0.988483329517627
0.18,0.3,1.0667269751784896,0.9385407725321886,1,-0.9858946473243083
0.18,0.3,1.0596643762865494,0.9426609442060081,1,-0.9833117485776818
0.18,0.3,1.0525079511114506,0.946781115879828,1,-0.9807304086731511
0.18,0.3,1.0452574562925416,0.9509012875536476,1,-0.9781469047559684
0.18,0.3,1.0379126549001205,0.9550214592274675,1,-0.9755579410698976
0.18,0.3,1.0304733166542404,0.959141630901287,1,-0.9729605874886086
0.18,0.3,1.0229392181523662,0.963261802575107,1,-0.9703522285715936
0.18,0.3,1.015310143106322,0.9673819742489269,1,-0.9677305210864281
0.18,0.3,1.0075858825889472,0.9715021459227464,1,-0.9650933583901679
0.18,0.3,0.9997662352909322,0.9756223175965664,1,-0.9624388404047699
0.18,0.3,0.9918510077883292,0.9797424892703859,1,-0.9597652481832983
0.18,0.3,0.9838400148212267,0.9838626609442058,1,-0.957071022265722
0.18,0.3,0.9757330795841557,0.9879828326180253,1,-0.954354744180298
0.18,0.3,0.9675300340287691,0.9921030042918453,1,-0.9516151205696236
0.18,0.3,0.9592307191794207,0.9962231759656648,1,-0.9488509695176037
0.18,0.3,0.9508349854622482,1.0003433476394847,1,-0.9460612087306407
0.18,0.3,0.9423426930484581,1.0044635193133042,1,-0.9432448452880146
0.18,0.3,0.9337537122124807,1.0085836909871242,1,-0.9404009667258519
0.18,0.3,0.9250679237057756,1.0127038626609437,1,-0.9375287332591428
0.18,0.3,0.9162852191470344,1.0168240343347636,1,-0.9346273709786819
0.18,0.3,0.9074055014296396,1.0209442060085832,1,-0.9316961658863675
0.18,0.3,0.8984286851472255,1.025064377682403,1,-0.9287344586539991
0.18,0.3,0.8893546970382881,1.029184549356223,1,-0.9257416400086441
0.18,0.3,0.8801834764507982,1.0333047210300426,1,-0.9227171466624412
0.18,0.3,0.8709149758278542,1.0374248927038625,1,-0.9196604577170124
0.18,0.3,0.8615491612154723,1.041545064377682,1,-0.9165710914829126
0.18,0.3,0.8520860127936404,1.045665236051502,1,-0.9134486026631085
0.18,0.3,0.8425255254318788,1.0497854077253215,1,-0.9102925798566737
0.18,0.3,0.8328677092705642,1.0539055793991414,1,-0.9071026433449304
0.18,0.3,0.8231125903294042,1.058025751072961,1,-0.903878443127355
0.18,0.3,0.8132602111444692,1.0621459227467809,1,-0.9006196571788452
0.18,0.3,0.8033106314353329,1.0662660944206004,1,-0.8973259899035758
0.18,0.3,0.7932639288038977,1.0703862660944203,1,-0.8939971707636595
0.18,0.3,0.7831201994666378,1.0745064377682398,1,-0.8906329530633877
0.18,0.3,0.7728795590220275,1.0786266094420598,1,-0.8872331128718607
0.18,0.3,0.7625421432550955,1.0827467811158793,1,-0.8837974480684875
0.18,0.3,0.7521081089810814,1.0868669527896992,1,-0.8803257774970727
0.18,0.3,0.7415776349303679,1.0909871244635192,1,-0.876817940215088
0.18,0.3,0.7309509226769154,1.0951072961373387,1,-0.873273794825113
0.18,0.3,0.7202281976125995,1.0992274678111587,1,-0.8696932188754093
0.18,0.3,0.7094097099699952,1.1033476394849782,1,-0.8660761083159131
0.18,0.3,0.6984957358962499,1.107467811158798,1,-0.8624223769945314
0.18,0.3,0.6874865785809181,1.1115879828326176,1,-0.8587319561762107
0.18,0.3,0.6763825694407131,1.1157081545064376,1,-0.8550047940633961
0.18,0.3,0.6651840693643821,1.119828326180257,1,-0.8512408552906531
0.18,0.3,0.653891470021021,1.123948497854077,1,-0.8474401203573357
0.18,0.3,0.6425051952354041,1.1280686695278965,1,-0.8436025849488235
0.18,0.3,0.6310257024340422,1.1321888412017165,1,-0.8397282590764195
0.18,0.3,0.6194534841659586,1.136309012875536,1,-0.8358171659345572
0.18,0.3,0.6077890697023226,1.140429184549356,1,-0.8318693403244672
0.18,0.3,0.5960330267193898,1.1445493562231754,1,-0.827884826414122
0.18,0.3,0.5841859630693608,1.1486695278969954,1,-0.8238636744736504
0.18,0.3,0.5722485286440951,1.152789699570815,1,-0.8198059360043357
0.18,0.3,0.560221417336812,1.1569098712446348,1,-0.815711656292489
0.18,0.3,0.5481053691072341,1.1610300429184548,1,-0.811580862716925
0.18,0.3,0.5359011721558663,1.1651502145922743,1,-0.807413545806122
0.18,0.3,0.5236096652133992,1.1692703862660943,1,-0.8032096273827585
0.18,0.3,0.5112317399515431,1.1733905579399138,1,-0.7989689045053795
0.18,0.3,0.4987683435218197,1.1775107296137337,1,-0.7946909451240042
0.18,0.3,0.48622048122922684,1.1816309012875532,1,-0.790374879649202
0.18,0.3,0.47358921934788084,1.1857510729613732,1,-0.7860189449777975
0.18,0.3,0.46087568808612095,1.1898712446351927,1,-0.781619358782318
0.18,0.3,0.44808108470873953,1.1939914163090126,1,-0.7771670308677491
0.18,0.3,0.43520667682435243,1.1981115879828321,1,-0.7726352243605557
0.18,0.3,0.42225380584606087,1.202231759656652,1,-0.7679104854101841
0.18,0.3,0.40922389063385256,1.2063519313304716,1,-0.7622299069160374
0.18,0.3,0.3961184313272559,1.2104721030042915,1,-0.7542864497629911
0.18,0.3,0.3829390133769592,1.214592274678111,1,-0.7455254315811876
0.18,0.3,0.3696873117840581,1.218712446351931,1,-0.7365673459384061
0.18,0.3,0.35636509555563756,1.2228326180257505,1,-0.7275076652476085
0.18,0.3,0.34297423238516234,1.2269527896995704,1,-0.7183713620929119
0.18,0.3,0.3295166935659673,1.2310729613733904,1,-0.709168289240759
0.18,0.3,0.31599455914564095,1.23519313304721,1,-0.6999036401584178
0.18,0.3,0.3024100233285361,1.2393133047210299,1,-0.6905808373276331
0.18,0.3,0.28876540013283647,1.2434334763948494,1,-0.6812025463226825
0.18,0.3,0.2750631293074688,1.2475536480686693,1,-0.6717710959947176
0.18,0.3,0.2613057825128647,1.2516738197424888,1,-0.662288675575397
0.18,0.3,0.24749606976774233,1.2557939914163088,1,-0.6527574368939396
0.18,0.3,0.23363684616202837,1.2599141630901283,1,-0.6431795522270389
0.18,0.3,0.21973111883330174,1.2640343347639482,1,-0.6335572498089962
0.18,0.3,0.20578205420104856,1.2681545064377677,1,-0.6238928374118378
0.18,0.3,0.19179298544906995,1.2722746781115877,1,-0.6141887192475967
0.18,0.3,0.17776742024189396,1.2763948497854072,1,-0.6044474089891434
0.18,0.3,0.16370904865551958,1.2805150214592271,1,-0.594671540464948
0.18,0.3,0.14962175129652075,1.2846351931330466,1,-0.5848638769229856
0.18,0.3,0.13550960757597158,1.2887553648068666,1,-0.5750273193909087
0.18,0.3,0.1213769040960784,1.2928755364806865,1,-0.5651649144452578
0.18,0.3,0.1072281430973026,1.296995708154506,1,-0.5552798615718039
0.18,0.3,0.09306805090233809,1.301115879828326,1,-0.5453755202155157
0.18,0.3,0.07890158627987183,1.3052360515021455,1,-0.5354554165618902
0.18,0.3,0.06473394863938982,1.3093562231759655,1,-0.5255232500527347
0.18,0.3,0.050570585939915466,1.313476394849785,1,-0.5155828995995597
0.18,0.3,0.036417202202945115,1.317596566523605,1,-0.5056384294495209
0.18,0.3,0.02227976446396257,1.3217167381974244,1,-0.495694094610398
0.18,0.3,0.008164509006871325,1.3258369098712444,1,-0.485754345741619
