aid_share,true_fold_nu,perceived_fold_nu,budget_capacity_nu,true_fold_realized_hazard,perceived_fold_realized_hazard
0.0,0.9561619155411053,1.1426647469607694,2.4,0.723590273281149,0.8648908483919423
0.004,0.9596257294595939,1.1460643825742987,2.3904,0.7261827760977047,0.8674284431766196
0.008,0.9630638517547138,1.1494423418138544,2.3808,0.7287567658265542,0.8699506057473859
0.012,0.966477032177435,1.1527991776496498,2.3712,0.7313127757364494,0.8724577236371949
0.016,0.9698659888399656,1.1561354227793395,2.3615999999999997,0.7338513167461285,0.8749501702833151
0.02,0.9732314099856857,1.1594515906103986,2.352,0.7363728786711893,0.8774283057085669
0.024,0.976573955635394,1.1627481761830718,2.3424,0.738877931383868,0.8798924771613359
0.028,0.979894259120216,1.1660256570381913,2.3327999999999998,0.7413669258930173,0.8823430197173557
0.032,0.9831929285105273,1.1692844940338238,2.3232,0.7438402953508684,0.8847802568460041
0.036000000000000004,0.9864705479493355,1.172525132114354,2.3135999999999997,0.7462984559925314,0.8872045009436202
0.04,0.9897276788977795,1.175748001035333,2.304,0.7487418080136242,0.889616053836156
0.044,0.9929648612996793,1.1789535160471358,2.2944,0.751170736390914,0.8920152072532715
0.048,0.9961826146714498,1.1821420785402357,2.2847999999999997,0.753585611650419,0.8944022432758229
0.052000000000000005,0.9993814391230992,1.1853140766546801,2.2752,0.7559867905869959,0.896777434758541
0.056,1.002561816315542,1.1884698858561478,2.2655999999999996,0.7583746169390984,0.8991410457295458
0.06,1.0057242103589827,1.1916098694807826,2.256,0.7607494220220524,0.9014933317682253
0.064,1.008869068656715,1.1947343792508343,2.2464,0.763111525322909,0.9038345403628817
0.068,1.0119968226983165,1.19784375576298,2.2367999999999997,0.7654612350596773,0.9061649112494508
0.07200000000000001,1.0151078888058713,1.2009383289510605,2.2272,0.7677988487074884,0.9084846767324893
0.076,1.018202668836554,1.2040184185248404,2.2176,0.7701246534940454,0.9107940619895544
0.08,1.0212815508446338,1.2070843343862785,2.208,0.7724389268665054,0.9130932853599993
0.084,1.0243449097057093,1.2101363770246913,2.1984,0.7747419369317734,0.9153825586191456
0.088,1.027393107795406,1.2131748378920901,2.1888,0.7770339429550773,0.9176620872387223
0.092,1.0304264951827142,1.2161999997598887,2.1792,0.7793151954163063,0.919932070634397
0.096,1.0334454107064512,1.2192121370580808,2.1696,0.7815859368908799,0.9221927024011632
0.1,1.0364501821006418,1.2222115161979303,2.16,0.7838464020565117,0.9244441705373089
0.10400000000000001,1.0394411265588075,1.225198395879126,2.1504,0.7860968181121031,0.9266866576576186
0.108,1.042418551179227,1.228173027382298,2.1408,0.7883374050920362,0.9289203411964402
0.112,1.045382753386773,1.2311356548477372,2.1311999999999998,0.7905683761639732,0.9311453936011904
0.116,1.048334021332807,1.2340865155410925,2.1216,0.7927899379112047,0.9333619825168409
0.12,1.0512726342744976,1.2370258401067729,2.112,0.7950022906005102,0.9355702709618878
0.124,1.054198862934831,1.2399538528097418,2.1024,0.7972056284364174,0.9377704174962797
0.128,1.057112969844489,1.2428707717663379,2.0928,0.7994001398026943,0.9399625763817427
0.132,1.060015209666692,1.2457768091647146,2.0831999999999997,0.8015860074918401,0.9421468977349163
0.136,1.0629058295060205,1.2486721714754696,2.0736,0.8037634089232941,0.944323527673692
0.14,1.0657850692021626,1.2515570596529735,2.064,0.8059325163510218,0.9464926084571077
0.14400000000000002,1.0686531616094672,1.2544316693279014,2.0544,0.808093497061104,0.9486542786191513
0.148,1.07151033286313,1.257296190991423,2.0448,0.810246513559908,0.9508086730967823
0.152,1.0743568026327674,1.2601508101714818,2.0351999999999997,0.8123917237533698,0.9529559233524734
0.156,1.0771927843641054,1.2629957076015645,2.0256,0.8145292811179042,0.9550961574915487
0.16,1.0800184855094386,1.2658310593823356,2.016,0.8166593348633983,0.95722950037457
0.164,1.0828341077474948,1.2686570371364743,2.0063999999999997,0.8187820300887395,0.9593560737250078
0.168,1.0856398471932798,1.2714738081570567,1.9968,0.8208975079302807,0.9614759962324265
0.17200000000000001,1.088435894598454,1.2742815355498207,1.9871999999999999,0.82300590570363,0.9635893836514308
0.176,1.0912224355427507,1.2770803783696763,1.9776,0.8251073570391255,0.9656963488966331
0.18,1.0939996506169123,1.2798704917517805,1.968,0.8272019920113298,0.967797002133879
0.184,1.096767715597605,1.282652027037434,1.9584000000000001,0.8292899372628686,0.9698914508679016
0.188,1.099526801614731,1.2854251318949679,1.9488,0.8313713161229088,0.9719798000265013
0.192,1.1022770753115525,1.2881899504357988,1.9392,0.8334462487205744,0.9740621520413575
0.196,1.1050186989980273,1.2909466233258895,1.9296,0.8355148520935838,0.97613860692564
0.2,1.1077518307977197,1.293695287892843,1.92,0.8375772402923695,0.9782092623485836
0.20400000000000001,1.1104766247885456,1.296436078228875,1.9104,0.839633524479848,0.9802742137072032
0.20800000000000002,1.1131932311373427,1.2991691252898652,1.9008,0.8416838130267532,0.9823335541952959
0.212,1.115901796228314,1.3018945569906588,1.8912,0.8437282116025223,0.9843873748698425
0.216,1.118602462786342,1.3046124982967982,1.8816,0.8457668232625967,0.9864357647149382
0.22,1.1212953699963888,1.3073230713128265,1.8719999999999999,0.8477997485332215,0.988478810703344
0.224,1.1239806536184827,1.3100263953673268,1.8624,0.8498270854932047,0.9905165978557735
0.228,1.1266584460974847,1.3127225870948325,1.8528,0.8518489298518402,0.9925492092980127
0.232,1.1293288766680647,1.315411760514748,1.8432,0.8538653750233409,0.9945767263159604
0.23600000000000002,1.1319920714555392,1.318094027107413,1.8336,0.8558765121983506,0.9965992284086902
0.24,1.1346481535728903,1.320769495887433,1.8239999999999998,0.8578824304127877,0.9986167933396145
0.244,1.1372972432141093,1.3234382734743897,1.8144,0.8598832166141067,1.000629497185829
0.248,1.1399394577439803,1.32610046416105,1.8048,0.8618789557250528,1.002637414385723
0.252,1.1425749117844621,1.3287561699791721,1.7952,0.8638697307050142,1.004640617784918
0.256,1.1452037172978091,1.3314054907630082,1.7855999999999999,0.8658556226090699,1.0066391786806101
0.26,1.1478259836665823,1.3340485242106033,1.776,0.867836710644842,1.008633166864377
0.264,1.1504418177706919,1.3366853659429836,1.7664,0.8698130722272488,1.0106226506635227
0.268,1.1530513240615954,1.339316109561312,1.7568,0.8717847830312468,1.0126076969810074
0.272,1.1556546046337746,1.3419408467021072,1.7471999999999999,0.8737519170426485,1.014588371334033
0.276,1.1582517592936126,1.3445596670905944,1.7375999999999998,0.875714546607099,1.0165647378913303
0.28,1.1608428856257749,1.3471726585922723,1.728,0.8776727424772875,1.0185368595092081
0.28400000000000003,1.163428079057213,1.3497799072627585,1.7184,0.879626573858475,1.0205047977664032
0.28800000000000003,1.16600743291889,1.3523814973959913,1.7087999999999999,0.8815761084524101,1.02246861299779
0.292,1.1685810385053252,1.3549775115708436,1.6991999999999998,0.8835214124997036,1.024428364326987
0.296,1.1711489851320513,1.3575680306962183,1.6895999999999998,0.8854625508207232,1.026384109697904
0.3,1.173711360191074,1.3601531340546784,1.68,0.8873995868550763,1.028335905905275
0.304,1.176268249204411,1.362732899344675,1.6703999999999999,0.8893325826997325,1.0302838086242128
0.308,1.1788197358757955,1.365307402721419,1.6607999999999998,0.8912615991458466,1.0322278724388207
0.312,1.1813659021406162,1.3678767188364565,1.6511999999999998,0.8931866957143323,1.0341681508699039
0.316,1.1839068282141634,1.3704409208759905,1.6415999999999997,0.8951079306902374,1.0361046964018057
0.32,1.186442592638256,1.3730000805980007,1.632,0.8970253611559703,1.0380375605084113
0.324,1.1889732723263047,1.375554268368203,1.6223999999999998,0.8989390430234193,1.0399667936783403
0.328,1.1914989426068878,1.3781035531948957,1.6127999999999998,0.9008490310650191,1.0418924454393665
0.332,1.194019677265879,1.380648002762728,1.6031999999999997,0.902755378943788,1.0438145643820864
0.336,1.1965355485872053,1.3831876834654364,1.5935999999999997,0.9046581392423977,1.0457331981828701
0.34,1.1990466273922729,1.3857226604375807,1.5839999999999999,0.9065573634912953,1.047648393626113
0.34400000000000003,1.2015529830781173,1.3882529975853228,1.5743999999999998,0.9084531021959238,1.0495601966258237
0.34800000000000003,1.2040546836543324,1.3907787576162773,1.5647999999999997,0.9103454048630739,1.0514686522465642
0.352,1.206551795778812,1.3933000020684705,1.5552,0.9122343200263937,1.053373804723768
0.356,1.209044384792366,1.3958167913384378,1.5456,0.9141198952711019,1.0552756974834607
0.36,1.2115325147522413,1.3983291847084933,1.536,0.9160021772579235,1.0571743731614003
0.364,1.2140162484645973,1.4008372403731884,1.5264,0.9178812117462818,1.0590698736216542
0.368,1.2164956475159645,1.4033410154650083,1.5168,0.9197570436167708,1.060962239974643
0.372,1.2189707723037333,1.4058405660793158,1.5071999999999999,0.9216297168929386,1.0628515125946623
0.376,1.2214416820657026,1.4083359472985746,1.4976,0.9234992747624016,1.064737731136899
0.38,1.2239084349087268,1.4108272132158794,1.488,0.92536575959732,1.0666209345539666
0.384,1.226371087836492,1.4133144169578125,1.4784,0.9272292129742553,1.068501161111969
0.388,1.2288296967764525,1.4157976107066508,1.4687999999999999,0.9290896756934295,1.070378448406112
0.392,1.2312843166059593,1.4182768457219457,1.4591999999999998,0.9309471877974113,1.072252833375876
0.396,1.233735001177611,1.4207521723615002,1.4496,0.9328017885892502,1.07412435231977
0.4,1.2361818033438474,1.4232236401017528,1.44,0.9346535166500716,1.0759930409096692
0.404,1.2386247749808224,1.425691297557601,1.4304,0.9365024098561593,1.0778589342047624
0.40800000000000003,1.2410639670115744,1.4281551925016773,1.4207999999999998,0.9383485053955404,1.0797220666651177
0.41200000000000003,1.243499429428522,1.4306153718830883,1.4111999999999998,0.9401918397840872,1.0815824721648715
0.41600000000000004,1.2459312113153052,1.43307188184565,1.4016,0.9420324488811567,1.083440184005067
0.42,1.2483593608679984,1.4355247677456209,1.3920000000000001,0.9438703679047817,1.0852952349261398
0.424,1.2507839254157134,1.4379740741689577,1.3824,0.945705631446427,1.087147657120073
0.428,1.2532049514406163,1.4404198449481058,1.3728,0.94753827348533,1.0889974822422246
0.432,1.2556224845973738,1.442862123178342,1.3632000000000002,0.9493683274024344,1.090844741422841
0.436,1.2580365697320524,1.4453009512336825,1.3536000000000001,0.951195825993934,1.0926894652782715
0.44,1.260447250900491,1.4477363707823707,1.344,0.9530208014844438,1.094531683921885
0.444,1.2628545713861599,1.450168422801957,1.3344,0.9548432855398041,1.0963714269747031
0.448,1.2652585737175308,1.4525971475939863,1.3248,0.9566633092795376,1.09820872357576
0.452,1.2676592996849667,1.455022584798301,1.3152000000000001,0.9584809032889662,1.1000436023921905
0.456,1.2700567903571505,1.4574447734069704,1.3056,0.9602960976309964,1.101876091629059
0.46,1.2724510860970617,1.4598637517778639,1.296,0.962108921857585,1.1037062190389384
0.464,1.2748422265775194,1.462279557647867,1.2864,0.963919405020893,1.1055340119312362
0.468,1.277230250796299,1.4646922281457673,1.2768,0.9657275756841355,1.1073594971812923
0.47200000000000003,1.279615197090848,1.4671017998048048,1.2672,0.9675334619321463,1.1091827012392403
0.47600000000000003,1.2819971031526,1.4695083085749105,1.2576,0.9693370913816554,1.1110036501386509
0.48,1.2843760060409162,1.4719117898346339,1.248,0.9711384911913001,1.1128223695049562
0.484,1.2867519421966542,1.4743122784027718,1.2384,0.9729376880713729,1.1146388845636679
0.488,1.289124947455382,1.4767098085497101,1.2288,0.9747347082933151,1.1164532201483908
0.492,1.2914950570602495,1.47910441400848,1.2192,0.9765295776989649,1.1182654007086394
0.496,1.2938623056745167,1.481496127985545,1.2096,0.9783223217095636,1.1200754503174635
0.5,1.2962267273937684,1.4838849831713208,1.2,0.9801129653345351,1.1218833926788876
0.504,1.2985883557578062,1.4862710117504387,1.1904,0.9819015331800376,1.1236892511351704
0.508,1.300947223762236,1.4886542454117562,1.1807999999999998,0.9836880494572954,1.125493048673887
0.512,1.3033033638697642,1.4910347153581311,1.1712,0.9854725379907253,1.1272948079348442
0.516,1.3056568080212017,1.493412452315952,1.1616,0.9872550222258512,1.1290945512168267
0.52,1.308007587646191,1.495787486544445,1.152,0.9890355252370241,1.1308923004841842
0.524,1.3103557336736653,1.4981598478447564,1.1423999999999999,0.9908140697349481,1.1326880773732633
0.528,1.3127012765420425,1.5005295655688182,1.1327999999999998,0.9925906780740179,1.1344819031986848
0.532,1.3150442462091654,1.5028966686280054,1.1232,0.9943653722594753,1.1362737989594758
0.536,1.3173846721619982,1.5052611855015874,1.1136,0.9961381739543903,1.138063785345058
0.54,1.3197225834260786,1.50762314424498,1.1039999999999999,0.9979091044864684,1.139851882741094
0.544,1.3220580085747415,1.5099825724978073,1.0943999999999998,0.9996781848546942,1.1416381112352023
0.548,1.3243909757381163,1.512339497491775,1.0847999999999998,1.0014454357358131,1.1434224906225376
0.552,1.3267215126119039,1.5146939460583584,1.0752,1.0032108774906565,1.145205040411242
0.556,1.3290496464659427,1.5170459446363174,1.0655999999999999,1.0049745301703128,1.1469857798277738
0.56,1.3313754041525678,1.519395519279037,1.0559999999999998,1.006736413522156,1.1487647278221165
0.5640000000000001,1.3336988121147721,1.521742695661699,1.0463999999999998,1.0084965469957263,1.1505419030728643
0.5680000000000001,1.336019896394168,1.524087499088294,1.0367999999999997,1.0102549497484752,1.1523173239922002
0.5720000000000001,1.3383386826387667,1.5264299544984707,1.0272,1.0120116406513724,1.1540910087307557
0.5760000000000001,1.3406551961105675,1.5287700864742337,1.0175999999999998,1.0137666382943833,1.1558629751823666
0.58,1.3429694616929733,1.5311079192464898,1.008,1.0155199609918184,1.1576332409887222
0.584,1.3452815038980288,1.5334434767014498,0.9984000000000001,1.0172716267875566,1.159401823543911
0.588,1.3475913468734917,1.5357767823868829,0.9888,1.0190216534601497,1.1611687399988633
0.592,1.3498990144097378,1.5381078595182398,0.9792000000000001,1.020770058527807,1.1629340072657035
0.596,1.352204529946508,1.5404367309846336,0.9696,1.0225168592532652,1.164697642021999
0.6,1.3545079165794953,1.5427634193546933,0.96,1.0242620726485472,1.1664596607149218
0.604,1.356809197066786,1.545087946882287,0.9504,1.0260057154796132,1.1682200795653168
0.608,1.3591083938351491,1.5474103355121214,0.9408,1.0277478042709027,1.1699789145716837
0.612,1.3614055289861837,1.549730606885218,0.9312,1.0294883553097773,1.1717361815140714
0.616,1.3637006243023282,1.5520487823442741,0.9216,1.0312273846508633,1.1734918959578924
0.62,1.3659937012527297,1.5543648829389012,0.9119999999999999,1.0329649081202903,1.1752460732576486
0.624,1.3682847809989886,1.5566789294307586,0.9024,1.0347009413198476,1.1769987285605856
0.628,1.3705738844007678,1.5589909422985746,0.8927999999999999,1.0364354996310359,1.1787498768102653
0.632,1.3728610320212784,1.5613009417430572,0.8832,1.038168598219036,1.180499532750063
0.636,1.3751462441326492,1.563608947691705,0.8735999999999999,1.039900252036591,1.1822477109265916
0.64,1.3774295407211692,1.5659149798035157,0.864,1.0416304758277977,1.1839944256930555
0.644,1.3797109414924216,1.5682190574735935,0.8543999999999999,1.0433592841318218,1.1857396912125326
0.648,1.3819904658763018,1.570521199837662,0.8447999999999999,1.0450866912865278,1.1874835214611892
0.652,1.3842681330319275,1.5728214257764828,0.8351999999999999,1.0468127114320323,1.189225930231428
0.656,1.3865439618524413,1.5751197539201798,0.8255999999999999,1.0485373585141813,1.190966931134971
0.66,1.38881797096971,1.577416202652478,0.816,1.05026064628795,1.192706537605881
0.664,1.3910901787589232,1.5797107901148522,0.8063999999999999,1.0519825883207743,1.1944447629035178
0.668,1.393360603343091,1.5820035342105905,0.7967999999999998,1.0537031979958063,1.1961816201154394
0.672,1.3956292625974496,1.5842944526087754,0.7871999999999999,1.0554224885151067,1.197917122160238
0.676,1.397896174153766,1.5865835627481844,0.7775999999999998,1.057140472902761,1.1996512817903249
0.68,1.4001613554045627,1.58887088184111,0.7679999999999999,1.0588571640079418,1.2013841115946557
0.684,1.40242482350724,1.5911564268771012,0.7583999999999999,1.0605725745078964,1.2031156240013996
0.6880000000000001,1.4046865953881247,1.5934402146266355,0.7487999999999998,1.06228671691088,1.2048458312805619
0.6920000000000001,1.4069466877464198,1.5957222616447093,0.7391999999999999,1.063999603559018,1.206574745546546
0.6960000000000001,1.4092051170580864,1.5980025842743628,0.7295999999999998,1.0657112466311225,1.2083023787606713
0.7000000000000001,1.411461899579634,1.6002811986501309,0.7199999999999999,1.067421658145438,1.2100287427336385
0.704,1.4137170513518371,1.6025581207014248,0.7104,1.0691308499623393,1.2117538491279423
0.708,1.4159705882033744,1.604833366155854,0.7008000000000001,1.0708388337869685,1.213477709460249
0.712,1.4182225256928513,1.607106950542473,0.6912,1.072545621113383,1.215200335103713
0.716,1.4204728793583952,1.6093788891949703,0.6816000000000001,1.0742512234608028,1.2169217372902583
0.72,1.4227216643520688,1.6116491972547933,0.672,1.0759556520256368,1.2186419271128117
