omitted_cultural_region,metric,countries_retained,estimate,standard_error
African-Islamic,W1,49,-0.003337100686465477,0.0012154598609941032
African-Islamic,TVD,49,-0.008044936838661148,0.001679986498507487
Catholic Europe,W1,62,-0.0017485720197814964,0.0011193483719109196
Catholic Europe,TVD,62,-0.007825002493910063,0.0014730587713891721
Confucian,W1,55,-0.003010465936855049,0.0011112282692440716
Confucian,TVD,55,-0.009705093342544545,0.0013191372985683493
English-Speaking,W1,58,-0.0015861560796653735,0.0011752338277247502
English-Speaking,TVD,58,-0.007834151023248144,0.0015796636575304446
Latin America,W1,52,-0.0015186370777475404,0.0012457802373735962
Latin America,TVD,52,-0.007855636461810384,0.001663333422663414
Orthodox Europe,W1,58,-0.0015087199053721416,0.0011800547348314904
Orthodox Europe,TVD,58,-0.007734888026739189,0.0015405894733069294
Protestant Europe,W1,60,-0.0022674889177709714,0.0011527212609339992
Protestant Europe,TVD,60,-0.008572955041497842,0.0014881489380553874
West & South Asia,W1,54,-0.000789373762514759,0.0011934916037094545
West & South Asia,TVD,54,-0.006767654005666877,0.0015728182565154394
