metric,scope,knn_k,countries,mean_delta,mean_delta_w1,standard_error,z_value,p_value_two_sided,ci_low_95,ci_high_95,spatial_error_lambda,lambda_standard_error,lambda_z_value,lambda_p_value_two_sided,estimator,holm_p_fourteen_scopes,holm_p_seven_scopes
W1,Agency,4,64,-0.00333571212445177,-0.00333571212445177,0.002024658662385283,-1.6475429594250293,0.09944649375041156,-0.007303970183713964,0.0006325459348104248,-0.019521858661719686,0.20228516318314108,-0.09650662636115016,0.923118211417765,maximum-likelihood spatial error; intercept only,0.49723246875205784,0.39778597500164625
W1,Trust,4,64,0.0031608617694663978,0.0031608617694663978,0.004004287439280193,0.7893693490781448,0.4298961649709525,-0.0046873973952689,0.011009120934201696,0.07008295120252095,0.1939824435710235,0.3612850210171789,0.7178863900962886,maximum-likelihood spatial error; intercept only,1.0,0.859792329941905
W1,Distribution,4,64,-0.008722208528331717,-0.008722208528331717,0.0034127714385372102,-2.555755252121499,0.010595761648525756,-0.0154111176353316,-0.0020332994213318346,0.11721797676469338,0.18905105654525078,0.6200334391500022,0.5352357719024967,maximum-likelihood spatial error; intercept only,0.08476609318820605,0.06357456989115454
W1,Market,4,64,-0.008364682747077514,-0.008364682747077514,0.0018967467420219913,-4.41001561345006,1.0336316628845771e-05,-0.012082238049234303,-0.004647127444920726,-0.29341156684911524,0.21902129168818646,-1.3396486003143284,0.18035961541865475,maximum-likelihood spatial error; intercept only,0.00013437211617499503,7.23542164019204e-05
W1,Inclusion,4,64,0.004901731452215636,0.004901731452215636,0.0023155454773591366,2.1168798022511854,0.0342700502615532,0.0003633457120271206,0.009440117192404151,0.023845028543633014,0.19844164551926366,0.1201614131007509,0.904355284127462,maximum-likelihood spatial error; intercept only,0.2056203015693192,0.171350251307766
W1,Science,4,64,0.0001386697820065521,0.0001386697820065521,0.0021396017876662973,0.06481102362407436,0.948324464322813,-0.004054872663076906,0.004332212227090011,0.28201335431767627,0.16870109396676772,1.6716747217610208,0.09458848140247884,maximum-likelihood spatial error; intercept only,1.0,0.948324464322813
W1,All six anchors,4,64,-0.00199160720084745,-0.00199160720084745,0.0014776725585614705,-1.3478000855523096,0.17772269040359756,-0.004887792196571086,0.0009045777948761859,0.28092014968797024,0.16885230573750562,1.6637033676323203,0.09617172296930106,maximum-likelihood spatial error; intercept only,0.7108907616143902,0.5331680712107927
TVD,Agency,4,64,-0.005049880207498609,,0.002079948979839771,-2.427886576279206,0.015187092041691223,-0.009126505297665387,-0.000973255117331831,-0.1212928160588714,0.2100226008181218,-0.5775226836844582,0.5635864196110824,maximum-likelihood spatial error; intercept only,0.10630964429183856,0.030374184083382445
TVD,Trust,4,64,0.0031608617694658305,,0.004004287439282126,0.7893693490776222,0.4298961649712578,-0.0046873973952732545,0.011009120934204916,0.07008295120297581,0.1939824435709778,0.36128502101960885,0.7178863900944723,maximum-likelihood spatial error; intercept only,1.0,0.4298961649712578
TVD,Distribution,4,64,-0.026990732777883428,,0.0075688632485414326,-3.5660219892445157,0.0003624409740707221,-0.04182543214893347,-0.012156033406833385,0.49992404591134654,0.13398892287986133,3.731084892439908,0.00019065695897096222,maximum-likelihood spatial error; intercept only,0.0036244097407072207,0.0014497638962828884
TVD,Market,4,64,-0.020784910828150916,,0.002936865371773374,-7.077243317966706,1.47050216286298e-12,-0.026541061184269566,-0.015028760472032266,-0.08286416416438047,0.20731195075292166,-0.3997076090569403,0.6893718870777504,maximum-likelihood spatial error; intercept only,2.058703028008172e-11,1.029351514004086e-11
TVD,Inclusion,4,64,0.007709240496635934,,0.002934940005415933,2.6267114429630047,0.008621441011463199,0.001956863789234914,0.013461617204036953,-0.23156517503990404,0.21638004466802854,-1.0701780535962666,0.2845391708846613,maximum-likelihood spatial error; intercept only,0.07759296910316879,0.025864323034389597
TVD,Science,4,64,-0.006777200851280095,,0.0018649077399582451,-3.634067630301022,0.0002789876808763521,-0.010432352856088244,-0.0031220488464719456,-0.2707339804490333,0.21813014272973516,-1.24115804015438,0.21454737203704077,maximum-likelihood spatial error; intercept only,0.003068864489639873,0.0013949384043817606
TVD,All six anchors,4,64,-0.00809272564986317,,0.00196784461346419,-4.112482049899637,3.914279136871424e-05,-0.011949630219424127,-0.004235821080302214,0.29587759295041877,0.16676423183433417,1.7742269412085174,0.07602561957042596,maximum-likelihood spatial error; intercept only,0.00046971349642457085,0.00023485674821228543
W1,Agency,6,64,-0.003330542068060773,-0.003330542068060773,0.0022049437599848893,-1.5104884435163994,0.13091883600340146,-0.007652152425567485,0.000991068289445939,0.06452261148779462,0.23513039233983732,0.2744120436567773,0.7837679886253662,maximum-likelihood spatial error; intercept only,0.5236753440136058,0.4067664644236436
W1,Trust,6,64,0.0033311619268431274,0.0033311619268431274,0.003386499734303127,0.9836592907716891,0.32528306220767,-0.003306255586045463,0.009968579439731718,-0.09911324623900851,0.2562119440235457,-0.3868408501279709,0.6988740330487779,maximum-likelihood spatial error; intercept only,0.97584918662301,0.65056612441534
W1,Distribution,6,64,-0.00873502315365064,-0.00873502315365064,0.0038895545187185823,-2.2457644215071713,0.02471910133336601,-0.016358409926244086,-0.0011116363810571954,0.2312676604478655,0.20893168600231976,1.1069056344344905,0.2683347295760381,maximum-likelihood spatial error; intercept only,0.14831460800019605,0.12359550666683004
W1,Market,6,64,-0.008549342609915253,-0.008549342609915253,0.0017614426374325091,-4.853602625616485,1.21238555329333e-06,-0.012001706740116216,-0.005096978479714291,-0.3912403183180445,0.2828172628403022,-1.383367883519067,0.16655209298734652,maximum-likelihood spatial error; intercept only,1.4548626639519961e-05,8.48669887305331e-06
W1,Inclusion,6,64,0.004728429845574616,0.004728429845574616,0.0017148622245603381,2.757323461823241,0.005827667187213431,0.0013673616469881142,0.008089498044161116,-0.2993235051083109,0.2759576150115766,-1.084672025070785,0.2780669422873967,maximum-likelihood spatial error; intercept only,0.04662133749770745,0.03496600312328059
W1,Science,6,64,0.0002162927564322338,0.0002162927564322338,0.002059692119185469,0.10501217847926199,0.9163661451239005,-0.0038206296164122653,0.004253215129276733,0.24500352724922453,0.20655379849247824,1.1861487372169846,0.23556356641832088,maximum-likelihood spatial error; intercept only,0.97584918662301,0.9163661451239005
W1,All six anchors,6,64,-0.0019526706820083694,-0.0019526706820083694,0.0011930480965671672,-1.636707428331609,0.1016916161059109,-0.004291001983104082,0.0003856606190873427,0.08595387370481818,0.2320340059168635,0.3704365373738148,0.7110572541459385,maximum-likelihood spatial error; intercept only,0.5084580805295545,0.4067664644236436
TVD,Agency,6,64,-0.0050914849057933234,,0.0019499870278110668,-2.6110352700698245,0.009026858346017791,-0.00891338925062332,-0.0012695805609633276,-0.19357569673882952,0.26635079552939067,-0.7267697337043217,0.4673670268835164,maximum-likelihood spatial error; intercept only,0.06318800842212453,0.018053716692035583
TVD,Trust,6,64,0.003331161926842451,,0.0033864997343057137,0.983659290770738,0.32528306220813785,-0.0033062555860512103,0.009968579439736112,-0.09911324623817988,0.25621194402345027,-0.38684085012488084,0.6988740330510657,maximum-likelihood spatial error; intercept only,0.97584918662301,0.32528306220813785
TVD,Distribution,6,64,-0.026155494279753524,,0.0075891504601805085,-3.446432432324107,0.0005680405939146159,-0.0410299558549629,-0.01128103270454415,0.48540394530871134,0.159107272287846,3.0507967255610526,0.0022823503629282407,maximum-likelihood spatial error; intercept only,0.006002870316326492,0.002728577416512042
TVD,Market,6,64,-0.020988978403110793,,0.0021724717612391477,-9.661335432566899,4.400891418243159e-22,-0.02524694481256982,-0.016731011993651766,-0.42352495893586906,0.2848977652783608,-1.486585753040435,0.13712425291577615,maximum-likelihood spatial error; intercept only,6.1612479855404224e-21,3.0806239927702112e-21
TVD,Inclusion,6,64,0.00782173144890489,,0.0023724126035962394,3.2969524091417575,0.0009774006128794165,0.003171888189387362,0.01247157470842242,-0.4895376319978878,0.2886189663804078,-1.6961381233437849,0.08985972531840786,maximum-likelihood spatial error; intercept only,0.00879660551591475,0.0029322018386382497
TVD,Science,6,64,-0.006785873412080803,,0.001962794318083171,-3.457251404063449,0.0005457154833024084,-0.010632879584583673,-0.0029388672395779334,-0.21968606459489323,0.26889366658875125,-0.8169997731143418,0.41392855770613524,maximum-likelihood spatial error; intercept only,0.006002870316326492,0.002728577416512042
TVD,All six anchors,6,64,-0.008048522879879465,,0.0015008016973890256,-5.362815683032368,8.193460141126943e-08,-0.010990040154698536,-0.005107005605060394,0.047634490901484944,0.23751510949718388,0.200553518478578,0.8410477063907005,maximum-likelihood spatial error; intercept only,1.0651498183465026e-06,4.916076084676166e-07
W1,Agency,8,64,-0.0033842125926192073,-0.0033842125926192073,0.0016642374016353156,-2.0334914894316203,0.04200289253095135,-0.006646057961548947,-0.00012236722368946795,-0.23158807933701772,0.31392596511297866,-0.737715592444453,0.46068729492646976,maximum-likelihood spatial error; intercept only,0.21001446265475676,0.1680115701238054
W1,Trust,8,64,0.003558617149392048,0.003558617149392048,0.00279368508466356,1.2738075486488154,0.20273162927214394,-0.001916905000695262,0.009034139299479358,-0.3183199628370284,0.32369624760097687,-0.9833909574059201,0.3254150590396343,maximum-likelihood spatial error; intercept only,0.6081948875316893,0.4054632585442879
W1,Distribution,8,64,-0.008729460626798165,-0.008729460626798165,0.0034332187683872887,-2.542646191724834,0.01100165675193483,-0.015458445763884212,-0.002000475489712118,0.12079044850055366,0.2602013315544686,0.46421917896783815,0.6424907216735967,maximum-likelihood spatial error; intercept only,0.06600994051160898,0.055008283759674155
W1,Market,8,64,-0.008562994778510842,-0.008562994778510842,0.0014495472669086406,-5.907358093104897,3.4763755617879393e-09,-0.011404055215540247,-0.005721934341481437,-0.6537816071458056,0.34899733598418026,-1.873314033478585,0.06102503313051934,maximum-likelihood spatial error; intercept only,4.519288230324321e-08,2.4334628932515575e-08
W1,Inclusion,8,64,0.00482277043959076,0.00482277043959076,0.0015501402313626656,3.111183325234555,0.0018633921683262108,0.0017845514151333488,0.007860989464048172,-0.4278807450568054,0.3341335367915728,-1.280568090127722,0.20034541416452323,maximum-likelihood spatial error; intercept only,0.013043745178283475,0.011180353009957265
W1,Science,8,64,0.00016752709322333093,0.00016752709322333093,0.002455407213441359,0.06822782482117681,0.9456042775700028,-0.004644982612501586,0.004980036798948247,0.37444116452926296,0.20684545807710775,1.8102460068989235,0.07025764594799538,maximum-likelihood spatial error; intercept only,0.9456042775700028,0.9456042775700028
W1,All six anchors,8,64,-0.0019547961364514504,-0.0019547961364514504,0.0011135492188472334,-1.7554645123590416,0.07917988565594217,-0.004137312500404739,0.00022772022750183795,0.019081896351204157,0.27806560375376393,0.06862372078245892,0.9452891369189761,maximum-likelihood spatial error; intercept only,0.31671954262376867,0.2375396569678265
TVD,Agency,8,64,-0.005216499749646951,,0.0013942626142127408,-3.7414040199251883,0.00018299506416309978,-0.007949204258494586,-0.002483795240799315,-0.6125471081423304,0.3469511781284535,-1.7655138438974949,0.07747744563823963,maximum-likelihood spatial error; intercept only,0.0018299506416309978,0.0007319802566523991
TVD,Trust,8,64,0.003558617149551009,,0.002793685084201127,1.2738075489165663,0.20273162917722976,-0.0019169049996299484,0.009034139298731966,-0.318319963047816,0.32369624762309773,-0.9833909579899063,0.3254150587523258,maximum-likelihood spatial error; intercept only,0.6081948875316893,0.20273162917722976
TVD,Distribution,8,64,-0.02686224642631327,,0.0056057547579478895,-4.791905387624697,1.6520481028154662e-06,-0.03784932385805518,-0.015875168994571358,0.2638389130788858,0.23170142594837667,1.1387021551506091,0.2548274035520285,maximum-likelihood spatial error; intercept only,1.8172529130970127e-05,8.26024051407733e-06
TVD,Market,8,64,-0.020854033049161693,,0.002159705783509867,-9.655960181423675,4.637938401788173e-22,-0.02508697860204389,-0.016621087496279496,-0.4420754661059807,0.3353310352051689,-1.3183255341561253,0.1873946967742287,maximum-likelihood spatial error; intercept only,6.493113762503442e-21,3.246556881251721e-21
TVD,Inclusion,8,64,0.007884079478533713,,0.0021617991029383127,3.646999144285743,0.00026532080744378153,0.003647031094963623,0.012121127862103804,-0.6253371319665646,0.347617704870424,-1.7989219858627792,0.07203102222169415,maximum-likelihood spatial error; intercept only,0.0023878872669940336,0.0007959624223313446
TVD,Science,8,64,-0.0068921824549017215,,0.002140708794777995,-3.219579641899161,0.001283786946421385,-0.011087894594054737,-0.0026964703157487053,-0.12533234892878722,0.30012128832282065,-0.41760566079529654,0.6762354572729574,maximum-likelihood spatial error; intercept only,0.01027029557137108,0.00256757389284277
TVD,All six anchors,8,64,-0.00807805657593815,,0.00156440490067404,-5.163661001354339,2.421661000598967e-07,-0.011144233838497228,-0.005011879313379071,0.08697791443918548,0.26635760838672673,0.3265456352682877,0.7440115678461141,maximum-likelihood spatial error; intercept only,2.9059932007187605e-06,1.4529966003593803e-06
