country,country_code,cultural_region,question_id,human_directed,signed_bias_55,signed_bias_56,delta_signed_bias_56_minus_55,delta_tvd_56_minus_55,delta_w1_56_minus_55
Bangladesh,50,African-Islamic,Q106,0.824372760,-0.377928315,-0.413928315,-0.036000000,0.000516129,0.036000000
Bangladesh,50,African-Islamic,Q108,0.283154122,0.129734767,0.192623656,0.062888889,0.030000000,0.055935484
Bangladesh,50,African-Islamic,Q121,0.481481481,-0.055981481,-0.017981481,0.038000000,-0.005185185,-0.004000000
Bangladesh,50,African-Islamic,Q159,0.853801170,-0.095356725,-0.112734503,-0.017377778,0.018000000,0.017377778
Bangladesh,50,African-Islamic,Q48,0.632478632,-0.012700855,0.006276923,0.018977778,-0.006400000,-0.010837607
Bangladesh,50,African-Islamic,Q57,0.055555556,0.172444444,0.160444444,-0.012000000,-0.012000000,-0.012000000
Egypt,818,African-Islamic,Q106,0.279202279,0.191464387,0.218575499,0.027111111,-0.020205128,0.024398860
Egypt,818,African-Islamic,Q108,0.255892256,0.106552189,0.128996633,0.022444444,-0.004000000,-0.000451178
Egypt,818,African-Islamic,Q121,0.382812500,0.095687500,0.084687500,-0.011000000,-0.002250000,-0.004000000
Egypt,818,African-Islamic,Q159,0.769547325,-0.065102881,-0.082325103,-0.017222222,0.005185185,0.015658436
Egypt,818,African-Islamic,Q48,0.818181818,-0.228604040,-0.244292929,-0.015688889,0.000800000,0.015688889
Egypt,818,African-Islamic,Q57,0.000000000,0.098000000,0.088000000,-0.010000000,-0.010000000,-0.010000000
Ethiopia,231,African-Islamic,Q106,0.424603175,0.102285714,0.008730159,-0.093555556,-0.042000000,-0.030888889
Ethiopia,231,African-Islamic,Q108,0.417283951,-0.008172840,-0.008617284,-0.000444444,-0.018000000,-0.005333333
Ethiopia,231,African-Islamic,Q121,0.555555556,-0.010555556,0.010944444,0.021500000,-0.022000000,-0.003722222
Ethiopia,231,African-Islamic,Q159,0.937777778,-0.206444444,-0.241555556,-0.035111111,0.031000000,0.035111111
Ethiopia,231,African-Islamic,Q48,0.785714286,-0.202825397,-0.198380952,0.004444444,-0.008857143,-0.005333333
Ethiopia,231,African-Islamic,Q57,0.000000000,0.246000000,0.232000000,-0.014000000,-0.014000000,-0.014000000
Iraq,368,African-Islamic,Q106,0.675381264,-0.162047930,-0.216759041,-0.054711111,0.042223529,0.054711111
Iraq,368,African-Islamic,Q108,0.694444444,-0.335333333,-0.304000000,0.031333333,-0.021714286,-0.031333333
Iraq,368,African-Islamic,Q121,0.294117647,0.132882353,0.133382353,0.000500000,0.002000000,0.000500000
Iraq,368,African-Islamic,Q159,0.773809524,-0.097253968,-0.130253968,-0.033000000,0.001000000,0.020301587
Iraq,368,African-Islamic,Q48,0.555555556,0.014888889,0.025555556,0.010666667,-0.016000000,-0.013333333
Iraq,368,African-Islamic,Q57,0.285714286,-0.101714286,-0.149714286,-0.048000000,0.048000000,0.048000000
Jordan,400,African-Islamic,Q106,0.208994709,0.229449735,0.293671958,0.064222222,0.026000000,0.064222222
Jordan,400,African-Islamic,Q108,0.256704981,0.135072797,0.141739464,0.006666667,-0.058000000,-0.005333333
Jordan,400,African-Islamic,Q121,0.159722222,0.227277778,0.196277778,-0.031000000,-0.044000000,-0.031000000
Jordan,400,African-Islamic,Q159,0.816425121,-0.126758454,-0.155758454,-0.029000000,0.010000000,0.022024155
Jordan,400,African-Islamic,Q48,0.734567901,-0.119901235,-0.168123457,-0.048222222,0.013000000,0.035555556
Jordan,400,African-Islamic,Q57,0.187500000,-0.073500000,-0.081500000,-0.008000000,0.008000000,0.008000000
Kenya,404,African-Islamic,Q106,0.367816092,0.082406130,0.035517241,-0.046888889,-0.108000000,-0.047333333
Kenya,404,African-Islamic,Q108,0.376344086,0.093655914,0.163655914,0.070000000,0.044000000,0.070000000
Kenya,404,African-Islamic,Q121,0.381578947,0.183421053,0.224921053,0.041500000,0.065473684,0.041500000
Kenya,404,African-Islamic,Q159,0.669841270,0.059047619,0.056714286,-0.002333333,-0.008000000,-0.003222222
Kenya,404,African-Islamic,Q48,0.656565657,-0.016010101,-0.015787879,0.000222222,0.012000000,0.001333333
Kenya,404,African-Islamic,Q57,0.111111111,0.018888889,-0.009111111,-0.028000000,-0.009777778,-0.009777778
Lebanon,422,African-Islamic,Q106,0.435555556,0.080666667,0.028888889,-0.051777778,0.002000000,-0.030000000
Lebanon,422,African-Islamic,Q108,0.591269841,-0.178825397,-0.162714286,0.016111111,-0.008000000,-0.014111111
Lebanon,422,African-Islamic,Q121,0.270270270,0.000229730,-0.020270270,-0.020500000,-0.002000000,0.002500000
Lebanon,422,African-Islamic,Q159,0.685185185,-0.082518519,-0.076740741,0.005777778,0.009333333,-0.004666667
Lebanon,422,African-Islamic,Q48,0.606837607,-0.047948718,-0.058393162,-0.010444444,-0.006000000,0.003777778
Lebanon,422,African-Islamic,Q57,0.133333333,-0.011333333,-0.029333333,-0.018000000,0.018000000,0.018000000
Libya,434,African-Islamic,Q106,0.384615385,0.122940171,0.100495726,-0.022444444,-0.048000000,-0.027743590
Libya,434,African-Islamic,Q108,0.459259259,-0.132814815,-0.072592593,0.060222222,-0.076333333,-0.049555556
Libya,434,African-Islamic,Q121,0.241379310,0.124620690,0.105620690,-0.019000000,-0.024000000,-0.019000000
Libya,434,African-Islamic,Q159,0.946127946,-0.269461279,-0.288239057,-0.018777778,0.030000000,0.018777778
Libya,434,African-Islamic,Q48,0.791666667,-0.243444444,-0.255444444,-0.012000000,0.006000000,0.011333333
Libya,434,African-Islamic,Q57,0.000000000,0.118000000,0.130000000,0.012000000,0.012000000,0.012000000
Maldives,462,African-Islamic,Q106,0.611111111,-0.149111111,-0.160000000,-0.010888889,-0.042000000,-0.001174603
Maldives,462,African-Islamic,Q108,0.300000000,0.138666667,0.113555556,-0.025111111,-0.026000000,-0.025111111
Maldives,462,African-Islamic,Q121,0.333333333,0.186666667,0.209166667,0.022500000,0.016000000,0.022500000
Maldives,462,African-Islamic,Q159,0.858237548,-0.116348659,-0.122348659,-0.006000000,0.011000000,0.006000000
Maldives,462,African-Islamic,Q48,0.888888889,-0.204888889,-0.225177778,-0.020288889,0.031000000,0.020288889
Maldives,462,African-Islamic,Q57,0.125000000,0.043000000,0.011000000,-0.032000000,-0.032000000,-0.032000000
Morocco,504,African-Islamic,Q106,0.234126984,0.260761905,0.233650794,-0.027111111,-0.084000000,-0.031555556
Morocco,504,African-Islamic,Q108,0.483333333,-0.069555556,-0.083555556,-0.014000000,-0.014000000,-0.001555556
Morocco,504,African-Islamic,Q121,0.431818182,0.065681818,0.066681818,0.001000000,0.040000000,0.014909091
Morocco,504,African-Islamic,Q159,0.835748792,-0.140082126,-0.161859903,-0.021777778,-0.014478261,0.018782609
Morocco,504,African-Islamic,Q48,0.743589744,-0.120923077,-0.166700855,-0.045777778,-0.001000000,0.038051282
Morocco,504,African-Islamic,Q57,0.200000000,-0.054000000,-0.064000000,-0.010000000,0.010000000,0.010000000
Nigeria,566,African-Islamic,Q106,0.164983165,0.263461279,0.244572391,-0.018888889,-0.064787879,-0.018888889
Nigeria,566,African-Islamic,Q108,0.303418803,0.202358974,0.252358974,0.050000000,-0.049846154,0.033487179
Nigeria,566,African-Islamic,Q121,0.776785714,-0.171285714,-0.196285714,-0.025000000,0.026000000,0.025000000
Nigeria,566,African-Islamic,Q159,0.812500000,-0.090944444,-0.094944444,-0.004000000,-0.002250000,0.002388889
Nigeria,566,African-Islamic,Q48,0.777777778,-0.109333333,-0.119000000,-0.009666667,0.003000000,0.005222222
Nigeria,566,African-Islamic,Q57,0.200000000,-0.096000000,-0.092000000,0.004000000,-0.004000000,-0.004000000
Pakistan,586,African-Islamic,Q106,0.241054614,0.217612053,0.201834275,-0.015777778,-0.070000000,-0.021555556
Pakistan,586,African-Islamic,Q108,0.530651341,-0.118873563,-0.055762452,0.063111111,-0.042000000,-0.027494253
Pakistan,586,African-Islamic,Q121,0.403061224,0.034438776,0.075938776,0.041500000,0.004081633,0.024500000
Pakistan,586,African-Islamic,Q159,0.846666667,-0.150222222,-0.162555556,-0.012333333,-0.055000000,0.004555556
Pakistan,586,African-Islamic,Q48,0.735042735,-0.160598291,-0.118042735,0.042555556,-0.020923077,-0.036333333
Pakistan,586,African-Islamic,Q57,0.318181818,-0.126181818,-0.132181818,-0.006000000,0.006000000,0.006000000
Tunisia,788,African-Islamic,Q106,0.359259259,0.190740741,0.200074074,0.009333333,-0.010666667,0.008296296
Tunisia,788,African-Islamic,Q108,0.386243386,-0.038910053,-0.017465608,0.021444444,-0.054000000,-0.012555556
Tunisia,788,African-Islamic,Q121,0.431034483,0.030965517,0.007965517,-0.023000000,0.006000000,0.008000000
Tunisia,788,African-Islamic,Q159,0.761316872,-0.077983539,-0.108205761,-0.030222222,-0.029074074,0.019728395
Tunisia,788,African-Islamic,Q48,0.520202020,0.072464646,0.038020202,-0.034444444,-0.029000000,-0.035333333
Tunisia,788,African-Islamic,Q57,0.200000000,-0.042000000,-0.044000000,-0.002000000,0.002000000,0.002000000
Turkey,792,African-Islamic,Q106,0.550617284,-0.037506173,-0.097795062,-0.060288889,0.047755556,0.060288889
Turkey,792,African-Islamic,Q108,0.395264117,0.027402550,0.045624772,0.018222222,0.008000000,0.014222222
Turkey,792,African-Islamic,Q121,0.271428571,0.059071429,-0.000428571,-0.059500000,0.050000000,-0.011500000
Turkey,792,African-Islamic,Q159,0.786195286,-0.124084175,-0.102039731,0.022044444,-0.038000000,-0.022044444
Turkey,792,African-Islamic,Q48,0.692307692,-0.097752137,-0.084529915,0.013222222,-0.009000000,-0.013222222
Turkey,792,African-Islamic,Q57,0.192307692,-0.066307692,-0.052307692,0.014000000,-0.014000000,-0.014000000
Zimbabwe,716,African-Islamic,Q106,0.384384384,0.132726727,0.057615616,-0.075111111,-0.067945946,-0.044588589
Zimbabwe,716,African-Islamic,Q108,0.381381381,0.065063063,0.094840841,0.029777778,-0.046000000,-0.006522523
Zimbabwe,716,African-Islamic,Q121,0.394230769,0.133269231,0.156269231,0.023000000,0.036000000,0.023000000
Zimbabwe,716,African-Islamic,Q159,0.860082305,-0.184971193,-0.192304527,-0.007333333,-0.010000000,0.007333333
Zimbabwe,716,African-Islamic,Q48,0.812500000,-0.250055556,-0.221944444,0.028111111,-0.029000000,-0.027444444
Zimbabwe,716,African-Islamic,Q57,0.000000000,0.112000000,0.110000000,-0.002000000,-0.002000000,-0.002000000
Andorra,20,Catholic Europe,Q106,0.301587302,0.164190476,0.154523810,-0.009666667,-0.017000000,-0.009666667
Andorra,20,Catholic Europe,Q108,0.395833333,0.133722222,0.128166667,-0.005555556,-0.046000000,-0.018888889
Andorra,20,Catholic Europe,Q121,0.798611111,-0.170611111,-0.129111111,0.041500000,-0.078000000,-0.041500000
Andorra,20,Catholic Europe,Q159,0.707070707,-0.009181818,-0.031648485,-0.022466667,0.022363636,0.007888889
Andorra,20,Catholic Europe,Q48,0.898148148,-0.159770370,-0.177703704,-0.017933333,0.033000000,0.017933333
Andorra,20,Catholic Europe,Q57,0.153846154,0.350153846,0.310153846,-0.040000000,-0.040000000,-0.040000000
Cyprus,196,Catholic Europe,Q106,0.617283951,-0.141506173,-0.145728395,-0.004222222,-0.034000000,-0.007481481
Cyprus,196,Catholic Europe,Q108,0.322751323,0.113248677,0.082582011,-0.030666667,-0.046000000,-0.022222222
Cyprus,196,Catholic Europe,Q121,0.379629630,0.037370370,0.016370370,-0.021000000,0.020000000,0.011000000
Cyprus,196,Catholic Europe,Q159,0.712962963,-0.044629630,-0.053740741,-0.009111111,0.007000000,0.003037037
Cyprus,196,Catholic Europe,Q48,0.644444444,0.019555556,0.020888889,0.001333333,0.002000000,0.002666667
Cyprus,196,Catholic Europe,Q57,0.000000000,0.126000000,0.124000000,-0.002000000,-0.002000000,-0.002000000
China,156,Confucian,Q106,0.494363929,-0.061697262,-0.089252818,-0.027555556,-0.010000000,0.017133655
China,156,Confucian,Q108,0.425665102,0.047001565,0.014334898,-0.032666667,-0.074000000,-0.038031299
China,156,Confucian,Q121,0.647058824,-0.089558824,-0.034058824,0.055500000,-0.012000000,-0.035500000
China,156,Confucian,Q159,0.856060606,-0.068838384,-0.101771717,-0.032933333,0.014872727,0.019733333
China,156,Confucian,Q48,0.759637188,-0.091192744,-0.119237188,-0.028044444,0.021000000,0.024888889
China,156,Confucian,Q57,0.615384615,0.006615385,0.014615385,0.008000000,0.008000000,0.008000000
Hong Kong SAR,344,Confucian,Q106,0.326164875,0.108057348,0.104057348,-0.004000000,0.027200000,0.002189247
Hong Kong SAR,344,Confucian,Q108,0.390123457,0.132098765,0.128098765,-0.004000000,0.004800000,-0.004000000
Hong Kong SAR,344,Confucian,Q121,0.459183673,0.033316327,0.067816327,0.034500000,0.020000000,0.016561224
Hong Kong SAR,344,Confucian,Q159,0.634502924,0.018385965,0.038608187,0.020222222,-0.012000000,0.005251462
Hong Kong SAR,344,Confucian,Q48,0.601851852,0.015148148,0.013259259,-0.001888889,-0.006000000,-0.003814815
Hong Kong SAR,344,Confucian,Q57,0.433333333,-0.003333333,0.124666667,0.128000000,0.121333333,0.121333333
Japan,392,Confucian,Q106,0.589743590,-0.112299145,-0.126188034,-0.013888889,-0.007230769,0.013888889
Japan,392,Confucian,Q108,0.469534050,0.063132616,0.045043728,-0.018088889,0.007032258,-0.000133333
Japan,392,Confucian,Q121,0.538461538,-0.014461538,-0.004961538,0.009500000,-0.012153846,-0.007500000
Japan,392,Confucian,Q159,0.767973856,-0.172084967,-0.170973856,0.001111111,-0.038000000,-0.005555556
Japan,392,Confucian,Q48,0.656565657,-0.058343434,-0.086076768,-0.027733333,0.000418182,0.007818182
Japan,392,Confucian,Q57,0.350000000,0.018000000,-0.006000000,-0.024000000,-0.012000000,-0.012000000
Macau SAR,446,Confucian,Q106,0.469696970,-0.042585859,-0.033585859,0.009000000,0.016000000,0.000939394
Macau SAR,446,Confucian,Q108,0.534391534,-0.082391534,-0.065169312,0.017222222,-0.026000000,-0.001000000
Macau SAR,446,Confucian,Q121,0.575000000,0.025000000,0.049000000,0.024000000,0.054000000,0.022000000
Macau SAR,446,Confucian,Q159,0.812865497,-0.105087719,-0.104198830,0.000888889,-0.007000000,-0.000888889
Macau SAR,446,Confucian,Q48,0.722222222,-0.053222222,-0.100777778,-0.047555556,0.048200000,0.030844444
Macau SAR,446,Confucian,Q57,0.277777778,0.162222222,0.182222222,0.020000000,0.020000000,0.020000000
Mongolia,496,Confucian,Q106,0.272222222,0.208666667,0.223333333,0.014666667,0.004000000,0.014666667
Mongolia,496,Confucian,Q108,0.505847953,-0.053403509,-0.060292398,-0.006888889,0.000000000,0.006888889
Mongolia,496,Confucian,Q121,0.422619048,0.049880952,0.040380952,-0.009500000,-0.030000000,-0.008500000
Mongolia,496,Confucian,Q159,0.744444444,-0.043333333,-0.051555556,-0.008222222,-0.008000000,0.004888889
Mongolia,496,Confucian,Q48,0.640211640,-0.016433862,-0.006833862,0.009600000,-0.024000000,-0.000977778
Mongolia,496,Confucian,Q57,0.210526316,0.027473684,0.019473684,-0.008000000,-0.008000000,-0.008000000
Singapore,702,Confucian,Q106,0.269841270,0.143714286,0.158269841,0.014555556,-0.027142857,0.010746032
Singapore,702,Confucian,Q108,0.416020672,0.176201550,0.150201550,-0.026000000,0.005767442,-0.026000000
Singapore,702,Confucian,Q121,0.587500000,0.048500000,0.005000000,-0.043500000,0.016000000,-0.010500000
Singapore,702,Confucian,Q159,0.691609977,0.033612245,0.037612245,0.004000000,-0.005400000,0.000398186
Singapore,702,Confucian,Q48,0.606060606,0.058161616,0.077050505,0.018888889,-0.019000000,0.011111111
Singapore,702,Confucian,Q57,0.444444444,-0.074444444,-0.098444444,-0.024000000,0.024000000,0.024000000
South Korea,410,Confucian,Q106,0.300000000,0.153777778,0.189644444,0.035866667,0.064000000,0.037733333
South Korea,410,Confucian,Q108,0.447811448,0.076632997,0.054099663,-0.022533333,0.032812121,-0.005893603
South Korea,410,Confucian,Q121,0.568181818,-0.030181818,-0.027181818,0.003000000,0.004000000,-0.003000000
South Korea,410,Confucian,Q159,0.670634921,0.010142857,-0.007301587,-0.017444444,-0.005000000,0.011666667
South Korea,410,Confucian,Q48,0.655555556,-0.027444444,-0.046577778,-0.019133333,0.023000000,0.017488889
South Korea,410,Confucian,Q57,0.187500000,0.138500000,0.142500000,0.004000000,0.004000000,0.004000000
Taiwan ROC,158,Confucian,Q106,0.174074074,0.279259259,0.275037037,-0.004222222,-0.001000000,-0.004222222
Taiwan ROC,158,Confucian,Q108,0.492063492,0.034603175,0.008047619,-0.026555556,-0.025142857,-0.026809524
Taiwan ROC,158,Confucian,Q121,0.525000000,0.036500000,0.074500000,0.038000000,0.000000000,0.026000000
Taiwan ROC,158,Confucian,Q159,0.772486772,-0.086820106,-0.082731217,0.004088889,-0.008400000,-0.003866667
Taiwan ROC,158,Confucian,Q48,0.791666667,-0.142111111,-0.119355556,0.022755556,-0.047400000,-0.022844444
Taiwan ROC,158,Confucian,Q57,0.500000000,-0.212000000,-0.170000000,0.042000000,-0.042000000,-0.042000000
Vietnam,704,Confucian,Q106,0.098765432,0.351234568,0.344790123,-0.006444444,-0.034000000,-0.006444444
Vietnam,704,Confucian,Q108,0.400000000,0.034222222,0.038666667,0.004444444,-0.006000000,-0.006158730
Vietnam,704,Confucian,Q121,0.583333333,0.024166667,0.058166667,0.034000000,0.074000000,0.023000000
Vietnam,704,Confucian,Q159,0.880658436,-0.120991770,-0.114769547,0.006222222,0.003177778,-0.006222222
Vietnam,704,Confucian,Q48,0.783950617,-0.129950617,-0.104528395,0.025422222,-0.053600000,-0.025555556
Vietnam,704,Confucian,Q57,0.222222222,0.217777778,0.273777778,0.056000000,0.056000000,0.056000000
Australia,36,English-Speaking,Q106,0.430894309,0.030439024,0.040439024,0.010000000,-0.044000000,-0.014444444
Australia,36,English-Speaking,Q108,0.518518519,0.017259259,0.004814815,-0.012444444,-0.029333333,-0.014716049
Australia,36,English-Speaking,Q121,0.505813953,0.145186047,0.162686047,0.017500000,0.020000000,0.017500000
Australia,36,English-Speaking,Q159,0.740740741,-0.078185185,-0.059362963,0.018822222,-0.025000000,-0.018708642
Australia,36,English-Speaking,Q48,0.811965812,-0.091743590,-0.110165812,-0.018422222,0.022400000,0.018422222
Australia,36,English-Speaking,Q57,0.538461538,0.003538462,-0.038461538,-0.042000000,0.034923077,0.034923077
Canada,124,English-Speaking,Q106,0.404558405,0.080774929,0.074108262,-0.006666667,-0.009717949,-0.006888889
Canada,124,English-Speaking,Q108,0.462745098,0.054366013,0.045254902,-0.009111111,0.002000000,-0.007333333
Canada,124,English-Speaking,Q121,0.679687500,0.019812500,0.017812500,-0.002000000,0.016000000,0.000000000
Canada,124,English-Speaking,Q159,0.738304094,-0.056304094,-0.049637427,0.006666667,-0.014000000,-0.006888889
Canada,124,English-Speaking,Q48,0.774853801,-0.050298246,-0.055787135,-0.005488889,0.002000000,0.003500585
Canada,124,English-Speaking,Q57,0.340909091,0.221090909,0.137090909,-0.084000000,-0.084000000,-0.084000000
Great Britain,826,English-Speaking,Q106,0.517890772,0.001442561,-0.009890772,-0.011333333,-0.022000000,-0.009555556
Great Britain,826,English-Speaking,Q108,0.442622951,0.026265938,0.039599271,0.013333333,-0.024000000,-0.001748634
Great Britain,826,English-Speaking,Q121,0.684375000,-0.101375000,-0.105375000,-0.004000000,0.002000000,0.004000000
Great Britain,826,English-Speaking,Q159,0.797530864,-0.162086420,-0.130086420,0.032000000,-0.054000000,-0.032000000
Great Britain,826,English-Speaking,Q48,0.836805556,-0.148805556,-0.137050000,0.011755556,-0.008400000,-0.011755556
Great Britain,826,English-Speaking,Q57,0.678571429,-0.220571429,-0.258571429,-0.038000000,0.038000000,0.038000000
New Zealand,554,English-Speaking,Q106,0.511111111,-0.037777778,-0.022222222,0.015555556,-0.020000000,-0.013777778
New Zealand,554,English-Speaking,Q108,0.564102564,-0.054324786,-0.018080342,0.036244444,0.019184615,-0.014719658
New Zealand,554,English-Speaking,Q121,0.620967742,0.024032258,0.028032258,0.004000000,0.004000000,0.003000000
New Zealand,554,English-Speaking,Q159,0.687830688,-0.003497354,-0.004475132,-0.000977778,-0.017400000,-0.005777778
New Zealand,554,English-Speaking,Q48,0.820987654,-0.108098765,-0.107498765,0.000600000,-0.006800000,-0.000600000
New Zealand,554,English-Speaking,Q57,0.400000000,0.184000000,0.166000000,-0.018000000,-0.018000000,-0.018000000
Northern Ireland,909,English-Speaking,Q106,0.317460317,0.198095238,0.208539683,0.010444444,-0.014000000,0.006000000
Northern Ireland,909,English-Speaking,Q108,0.532163743,-0.093274854,-0.090163743,0.003111111,-0.044000000,-0.008888889
Northern Ireland,909,English-Speaking,Q121,0.538461538,0.008038462,0.000538462,-0.007500000,0.016000000,0.007500000
Northern Ireland,909,English-Speaking,Q159,0.740740741,-0.071185185,-0.062740741,0.008444444,-0.017000000,-0.007555556
Northern Ireland,909,English-Speaking,Q48,0.900000000,-0.193555556,-0.200955556,-0.007400000,0.001200000,0.007400000
Northern Ireland,909,English-Speaking,Q57,0.166666667,0.223333333,0.193333333,-0.030000000,-0.030000000,-0.030000000
United States,840,English-Speaking,Q106,0.549905838,-0.129172505,-0.100794727,0.028377778,-0.022000000,-0.025577778
United States,840,English-Speaking,Q108,0.485380117,0.070397661,0.095175439,0.024777778,0.007319298,0.012093957
United States,840,English-Speaking,Q121,0.598101266,-0.001101266,0.024398734,0.025500000,-0.009569620,-0.000500000
United States,840,English-Speaking,Q159,0.741452991,-0.071230769,-0.063452991,0.007777778,-0.018000000,-0.008000000
United States,840,English-Speaking,Q48,0.839869281,-0.097291503,-0.096669281,0.000622222,-0.009058824,-0.000622222
United States,840,English-Speaking,Q57,0.290322581,0.053677419,0.045677419,-0.008000000,-0.008000000,-0.008000000
Argentina,32,Latin America,Q106,0.479166667,0.071500000,0.069655556,-0.001844444,0.011200000,0.005222222
Argentina,32,Latin America,Q108,0.379629630,-0.004518519,0.033259259,0.037777778,0.003666667,0.009037037
Argentina,32,Latin America,Q121,0.534090909,0.037909091,0.055409091,0.017500000,0.008000000,0.011500000
Argentina,32,Latin America,Q159,0.744855967,-0.053633745,-0.057411523,-0.003777778,-0.011111111,-0.001555556
Argentina,32,Latin America,Q48,0.866666667,-0.177111111,-0.193333333,-0.016222222,0.023000000,0.016222222
Argentina,32,Latin America,Q57,0.166666667,0.005333333,-0.016666667,-0.022000000,0.011333333,0.011333333
Bolivia,68,Latin America,Q106,0.340000000,0.220444444,0.190666667,-0.029777778,-0.048000000,-0.029777778
Bolivia,68,Latin America,Q108,0.560386473,-0.164830918,-0.151053140,0.013777778,0.018000000,-0.013777778
Bolivia,68,Latin America,Q121,0.476562500,0.040937500,0.086437500,0.045500000,0.040000000,0.034500000
Bolivia,68,Latin America,Q159,0.720538721,-0.023205387,-0.026094276,-0.002888889,-0.015636364,-0.008424242
Bolivia,68,Latin America,Q48,0.860082305,-0.208304527,-0.191637860,0.016666667,-0.014000000,-0.016666667
Bolivia,68,Latin America,Q57,0.150000000,-0.024000000,-0.056000000,-0.032000000,0.032000000,0.032000000
Brazil,76,Latin America,Q106,0.494089835,-0.001200946,0.020132388,0.021333333,-0.032000000,-0.005333333
Brazil,76,Latin America,Q108,0.309368192,0.101742919,0.144854031,0.043111111,-0.017568627,0.024958606
Brazil,76,Latin America,Q121,0.547619048,0.010880952,0.050880952,0.040000000,0.017047619,0.022238095
Brazil,76,Latin America,Q159,0.685534591,0.021020964,0.037243187,0.016222222,-0.056000000,-0.010888889
Brazil,76,Latin America,Q48,0.766666667,-0.087333333,-0.078600000,0.008733333,0.009000000,-0.003044444
Brazil,76,Latin America,Q57,0.047619048,0.022380952,0.022380952,0.000000000,0.000000000,0.000000000
Chile,152,Latin America,Q106,0.790849673,-0.201960784,-0.210183007,-0.008222222,0.004000000,0.008222222
Chile,152,Latin America,Q108,0.407407407,-0.016740741,0.014148148,0.030888889,-0.016000000,-0.006888889
Chile,152,Latin America,Q121,0.462500000,0.009000000,-0.014000000,-0.023000000,0.040000000,0.015000000
Chile,152,Latin America,Q159,0.656565657,0.020989899,0.034301010,0.013311111,-0.011618182,-0.005892929
Chile,152,Latin America,Q48,0.712962963,-0.044851852,-0.025518519,0.019333333,-0.021800000,-0.002222222
Chile,152,Latin America,Q57,0.076923077,0.057076923,0.057076923,0.000000000,0.000000000,0.000000000
Colombia,170,Latin America,Q106,0.451851852,0.031925926,-0.019629630,-0.051555556,-0.089000000,-0.034296296
Colombia,170,Latin America,Q108,0.674603175,-0.238825397,-0.196158730,0.042666667,-0.016000000,-0.042666667
Colombia,170,Latin America,Q121,0.304878049,0.166121951,0.136621951,-0.029500000,-0.026829268,-0.024914634
Colombia,170,Latin America,Q159,0.769230769,-0.046564103,-0.055319658,-0.008755556,0.036000000,0.005911111
Colombia,170,Latin America,Q48,0.880000000,-0.191777778,-0.171711111,0.020066667,-0.007000000,-0.018555556
Colombia,170,Latin America,Q57,0.000000000,0.060000000,0.050600000,-0.009400000,-0.009400000,-0.009400000
Ecuador,218,Latin America,Q106,0.274305556,0.255027778,0.213027778,-0.042000000,-0.056000000,-0.038444444
Ecuador,218,Latin America,Q108,0.531250000,-0.109250000,-0.110027778,-0.000777778,-0.018000000,-0.003222222
Ecuador,218,Latin America,Q121,0.473684211,0.005315789,-0.050684211,-0.056000000,-0.016000000,0.000578947
Ecuador,218,Latin America,Q159,0.787037037,-0.070925926,-0.070592593,0.000333333,-0.020600000,-0.003666667
Ecuador,218,Latin America,Q48,0.782608696,-0.107053140,-0.098475362,0.008577778,-0.015478261,-0.010533333
Ecuador,218,Latin America,Q57,0.052631579,0.043368421,0.029368421,-0.014000000,-0.014000000,-0.014000000
Guatemala,320,Latin America,Q106,0.216049383,0.264617284,0.225617284,-0.039000000,-0.061000000,-0.038777778
Guatemala,320,Latin America,Q108,0.400584795,0.094081871,0.075926316,-0.018155556,-0.044052632,-0.021888889
Guatemala,320,Latin America,Q121,0.385714286,0.160785714,0.190785714,0.030000000,0.040000000,0.030000000
Guatemala,320,Latin America,Q159,0.679738562,0.026150327,0.005261438,-0.020888889,-0.003764706,-0.005699346
Guatemala,320,Latin America,Q48,0.810457516,-0.121901961,-0.106901961,0.015000000,-0.007000000,-0.008189542
Guatemala,320,Latin America,Q57,0.466666667,-0.330666667,-0.376666667,-0.046000000,0.046000000,0.046000000
Mexico,484,Latin America,Q106,0.457671958,-0.001005291,-0.006783069,-0.005777778,-0.038761905,-0.015555556
Mexico,484,Latin America,Q108,0.469841270,-0.034952381,0.029603175,0.064555556,-0.027942857,-0.015139683
Mexico,484,Latin America,Q121,0.534313725,0.040686275,0.067186275,0.026500000,0.009333333,0.021500000
Mexico,484,Latin America,Q159,0.761111111,-0.032444444,-0.046244444,-0.013800000,0.023200000,0.007755556
Mexico,484,Latin America,Q48,0.922705314,-0.214816425,-0.194216425,0.020600000,-0.025200000,-0.020866667
Mexico,484,Latin America,Q57,0.000000000,0.114000000,0.112000000,-0.002000000,-0.002000000,-0.002000000
Nicaragua,558,Latin America,Q106,0.392156863,0.128954248,0.117843137,-0.011111111,-0.062000000,-0.020444444
Nicaragua,558,Latin America,Q108,0.619883041,-0.209883041,-0.189216374,0.020666667,-0.019052632,-0.020666667
Nicaragua,558,Latin America,Q121,0.431250000,0.141750000,0.149250000,0.007500000,0.012000000,0.007500000
Nicaragua,558,Latin America,Q159,0.748971193,-0.037860082,-0.032082305,0.005777778,-0.017000000,-0.006798354
Nicaragua,558,Latin America,Q48,0.888888889,-0.208333333,-0.196111111,0.012222222,-0.006000000,-0.012222222
Nicaragua,558,Latin America,Q57,0.083333333,0.052666667,0.048666667,-0.004000000,-0.004000000,-0.004000000
Peru,604,Latin America,Q106,0.348659004,0.149563218,0.133340996,-0.016222222,-0.020000000,-0.016222222
Peru,604,Latin America,Q108,0.530864198,-0.114864198,-0.081530864,0.033333333,-0.021333333,-0.025777778
Peru,604,Latin America,Q121,0.589743590,-0.160743590,-0.204743590,-0.044000000,0.039282051,0.036641026
Peru,604,Latin America,Q159,0.694444444,0.021222222,0.031777778,0.010555556,0.006333333,0.003814815
Peru,604,Latin America,Q48,0.847222222,-0.171555556,-0.181777778,-0.010222222,0.006000000,0.010222222
Peru,604,Latin America,Q57,0.045454545,0.042545455,0.030545455,-0.012000000,-0.012000000,-0.012000000
Philippines,608,Latin America,Q106,0.424242424,-0.012686869,-0.011797980,0.000888889,-0.066000000,-0.024444444
Philippines,608,Latin America,Q108,0.590643275,-0.038421053,-0.036421053,0.002000000,-0.016000000,-0.008222222
Philippines,608,Latin America,Q121,0.637931034,0.005568966,-0.020931034,-0.026500000,0.022000000,0.019500000
Philippines,608,Latin America,Q159,0.727272727,0.032505051,0.043705051,0.011200000,0.007636364,0.006755556
Philippines,608,Latin America,Q48,0.794871795,-0.119316239,-0.104982906,0.014333333,-0.002600000,-0.011933333
Philippines,608,Latin America,Q57,0.000000000,0.054000000,0.052800000,-0.001200000,-0.001200000,-0.001200000
Puerto Rico,630,Latin America,Q106,0.263888889,0.264333333,0.260111111,-0.004222222,-0.042000000,-0.008666667
Puerto Rico,630,Latin America,Q108,0.604575163,-0.197686275,-0.186286275,0.011400000,-0.049200000,-0.016377778
Puerto Rico,630,Latin America,Q121,0.557692308,0.021307692,0.061307692,0.040000000,0.035538462,0.004076923
Puerto Rico,630,Latin America,Q159,0.799283154,-0.071838710,-0.088949821,-0.017111111,-0.006000000,0.005777778
Puerto Rico,630,Latin America,Q48,1.000000000,-0.309222222,-0.292333333,0.016888889,-0.019000000,-0.016888889
Puerto Rico,630,Latin America,Q57,0.000000000,0.152000000,0.118000000,-0.034000000,-0.034000000,-0.034000000
Armenia,51,Orthodox Europe,Q106,0.057142857,0.463301587,0.411079365,-0.052222222,-0.059000000,-0.052222222
Armenia,51,Orthodox Europe,Q108,0.257142857,0.123301587,0.146079365,0.022777778,-0.021000000,0.010682540
Armenia,51,Orthodox Europe,Q121,0.544117647,-0.035117647,-0.047117647,-0.012000000,0.000000000,0.005000000
Armenia,51,Orthodox Europe,Q159,0.944444444,-0.278222222,-0.263222222,0.015000000,-0.014000000,-0.015000000
Armenia,51,Orthodox Europe,Q48,0.883597884,-0.304375661,-0.268597884,0.035777778,-0.034000000,-0.034888889
Armenia,51,Orthodox Europe,Q57,0.000000000,0.126000000,0.180000000,0.054000000,0.054000000,0.054000000
Greece,300,Orthodox Europe,Q106,0.417777778,0.169555556,0.151666667,-0.017888889,-0.009000000,-0.017888889
Greece,300,Orthodox Europe,Q108,0.342995169,0.043004831,0.054338164,0.011333333,-0.012000000,-0.003101449
Greece,300,Orthodox Europe,Q121,0.382812500,-0.008312500,-0.061812500,-0.053500000,0.084000000,0.035250000
Greece,300,Orthodox Europe,Q159,0.703703704,-0.086814815,-0.069259259,0.017555556,-0.013000000,-0.012444444
Greece,300,Orthodox Europe,Q48,0.656565657,-0.069010101,-0.032010101,0.037000000,-0.023000000,-0.023444444
Greece,300,Orthodox Europe,Q57,0.000000000,0.102000000,0.102000000,0.000000000,0.000000000,0.000000000
Romania,642,Orthodox Europe,Q106,0.157407407,0.282148148,0.254814815,-0.027333333,-0.056000000,-0.029111111
Romania,642,Orthodox Europe,Q108,0.635327635,-0.138660969,-0.143994302,-0.005333333,-0.035076923,-0.002222222
Romania,642,Orthodox Europe,Q121,0.386363636,0.057136364,0.067136364,0.010000000,-0.019090909,0.000000000
Romania,642,Orthodox Europe,Q159,0.741666667,-0.074777778,-0.080666667,-0.005888889,-0.010000000,0.002333333
Romania,642,Orthodox Europe,Q48,0.841269841,-0.199714286,-0.184358730,0.015355556,-0.027400000,-0.015355556
Romania,642,Orthodox Europe,Q57,0.214285714,-0.100285714,-0.092285714,0.008000000,-0.008000000,-0.008000000
Russia,643,Orthodox Europe,Q106,0.287878788,0.227010101,0.246143434,0.019133333,-0.021763636,0.011941414
Russia,643,Orthodox Europe,Q108,0.393333333,-0.003777778,-0.010222222,-0.006444444,-0.032000000,-0.010888889
Russia,643,Orthodox Europe,Q121,0.439393939,-0.000893939,-0.032393939,-0.031500000,0.002000000,0.009500000
Russia,643,Orthodox Europe,Q159,0.878205128,-0.223982906,-0.217205128,0.006777778,-0.024000000,-0.006777778
Russia,643,Orthodox Europe,Q48,0.631313131,-0.034535354,-0.035090909,-0.000555556,-0.006000000,-0.002555556
Russia,643,Orthodox Europe,Q57,0.250000000,-0.012000000,-0.020000000,-0.008000000,0.008000000,0.008000000
Serbia,688,Orthodox Europe,Q106,0.353535354,0.179353535,0.188131313,0.008777778,-0.003090909,0.004777778
Serbia,688,Orthodox Europe,Q108,0.470899471,-0.072899471,-0.065232804,0.007666667,-0.031000000,-0.015222222
Serbia,688,Orthodox Europe,Q121,0.351851852,0.049148148,0.068648148,0.019500000,-0.034814815,-0.008203704
Serbia,688,Orthodox Europe,Q159,0.860082305,-0.218304527,-0.216526749,0.001777778,-0.006000000,-0.002888889
Serbia,688,Orthodox Europe,Q48,0.750000000,-0.132888889,-0.110644444,0.022244444,-0.002000000,-0.022377778
Serbia,688,Orthodox Europe,Q57,0.000000000,0.196000000,0.206000000,0.010000000,0.010000000,0.010000000
Ukraine,804,Orthodox Europe,Q106,0.641025641,-0.116136752,-0.088358974,0.027777778,-0.008000000,-0.027777778
Ukraine,804,Orthodox Europe,Q108,0.348659004,0.060007663,0.050896552,-0.009111111,-0.024965517,-0.012314176
Ukraine,804,Orthodox Europe,Q121,0.532258065,-0.044758065,-0.057758065,-0.013000000,0.017806452,0.002000000
Ukraine,804,Orthodox Europe,Q159,0.805555556,-0.170666667,-0.133200000,0.037466667,-0.028400000,-0.037466667
Ukraine,804,Orthodox Europe,Q48,0.500000000,0.076888889,0.069333333,-0.007555556,-0.001000000,-0.008000000
Ukraine,804,Orthodox Europe,Q57,0.230769231,0.063230769,0.053230769,-0.010000000,-0.010000000,-0.010000000
Czechia,203,Protestant Europe,Q106,0.430555556,0.041888889,0.025888889,-0.016000000,-0.037500000,-0.018777778
Czechia,203,Protestant Europe,Q108,0.440000000,0.078222222,0.080444444,0.002222222,0.002000000,0.003111111
Czechia,203,Protestant Europe,Q121,0.625000000,-0.252500000,-0.276500000,-0.024000000,0.030000000,0.024000000
Czechia,203,Protestant Europe,Q159,0.666666667,-0.038666667,-0.027555556,0.011111111,-0.013000000,-0.007555556
Czechia,203,Protestant Europe,Q48,0.711111111,-0.049111111,-0.040777778,0.008333333,-0.003000000,-0.006555556
Czechia,203,Protestant Europe,Q57,0.333333333,-0.021333333,-0.075333333,-0.054000000,0.054000000,0.054000000
Germany,276,Protestant Europe,Q106,0.455938697,0.060283525,0.058172414,-0.002111111,-0.001103448,-0.005222222
Germany,276,Protestant Europe,Q108,0.444444444,0.023333333,0.013777778,-0.009555556,-0.026000000,-0.011777778
Germany,276,Protestant Europe,Q121,0.485849057,0.061650943,0.065150943,0.003500000,0.000528302,0.001669811
Germany,276,Protestant Europe,Q159,0.800653595,-0.169320261,-0.172098039,-0.002777778,0.016000000,0.003000000
Germany,276,Protestant Europe,Q48,0.666666667,0.030333333,0.012288889,-0.018044444,0.007000000,-0.005733333
Germany,276,Protestant Europe,Q57,0.555555556,-0.101555556,-0.105555556,-0.004000000,0.004000000,0.004000000
Netherlands,528,Protestant Europe,Q106,0.605820106,-0.112708995,-0.110931217,0.001777778,-0.033600000,-0.010152381
Netherlands,528,Protestant Europe,Q108,0.463492063,0.053619048,0.044952381,-0.008666667,-0.017285714,-0.009809524
Netherlands,528,Protestant Europe,Q121,0.516666667,0.054333333,0.061833333,0.007500000,0.026000000,0.008500000
Netherlands,528,Protestant Europe,Q159,0.675438596,-0.015994152,-0.010838596,0.005155556,-0.012336842,-0.004598830
Netherlands,528,Protestant Europe,Q48,0.760683761,-0.032994872,-0.035217094,-0.002222222,0.030400000,0.005200000
Netherlands,528,Protestant Europe,Q57,0.750000000,-0.080000000,-0.132000000,-0.052000000,0.052000000,0.052000000
Slovakia,703,Protestant Europe,Q106,0.463601533,0.020176245,0.064509579,0.044333333,-0.025965517,0.002701149
Slovakia,703,Protestant Europe,Q108,0.495726496,-0.078170940,-0.083282051,-0.005111111,-0.003076923,0.001555556
Slovakia,703,Protestant Europe,Q121,0.323529412,0.030470588,0.012470588,-0.018000000,-0.002000000,-0.003705882
Slovakia,703,Protestant Europe,Q159,0.677777778,-0.039444444,-0.054888889,-0.015444444,-0.001333333,0.006111111
Slovakia,703,Protestant Europe,Q48,0.738562092,-0.079228758,-0.088006536,-0.008777778,-0.031000000,0.002633987
Slovakia,703,Protestant Europe,Q57,0.133333333,0.106666667,0.088666667,-0.018000000,-0.018000000,-0.018000000
India,356,West & South Asia,Q106,0.316784870,0.115081797,0.111881797,-0.003200000,-0.075140426,-0.024000000
India,356,West & South Asia,Q108,0.468599034,0.048734300,0.091845411,0.043111111,-0.040982609,0.002127536
India,356,West & South Asia,Q121,0.546511628,-0.000011628,0.054988372,0.055000000,0.000558140,0.004418605
India,356,West & South Asia,Q159,0.739682540,-0.024682540,-0.005126984,0.019555556,-0.012000000,-0.012444444
India,356,West & South Asia,Q48,0.768888889,-0.139333333,-0.119888889,0.019444444,-0.009000000,-0.017888889
India,356,West & South Asia,Q57,0.052631579,0.179368421,0.135368421,-0.044000000,-0.044000000,-0.044000000
Indonesia,360,West & South Asia,Q106,0.407936508,0.013841270,0.008952381,-0.004888889,-0.058000000,-0.020000000
Indonesia,360,West & South Asia,Q108,0.431524548,0.098919897,0.068919897,-0.030000000,-0.062000000,-0.028201550
Indonesia,360,West & South Asia,Q121,0.511764706,0.051735294,0.043235294,-0.008500000,-0.012000000,-0.008500000
Indonesia,360,West & South Asia,Q159,0.831111111,-0.087666667,-0.100000000,-0.012333333,0.018000000,0.009666667
Indonesia,360,West & South Asia,Q48,0.661498708,0.007434625,0.031479070,0.024044444,-0.007400000,-0.006981912
Indonesia,360,West & South Asia,Q57,0.000000000,0.084000000,0.066000000,-0.018000000,-0.018000000,-0.018000000
Iran,364,West & South Asia,Q106,0.217777778,0.305777778,0.280222222,-0.025555556,-0.040600000,-0.025555556
Iran,364,West & South Asia,Q108,0.318518519,0.072370370,0.088148148,0.015777778,-0.022000000,-0.000814815
Iran,364,West & South Asia,Q121,0.527777778,-0.103777778,-0.138277778,-0.034500000,0.031777778,0.023388889
Iran,364,West & South Asia,Q159,0.855555556,-0.174777778,-0.180777778,-0.006000000,-0.007000000,0.005111111
Iran,364,West & South Asia,Q48,0.740740741,-0.159851852,-0.178407407,-0.018555556,0.018000000,0.014777778
Iran,364,West & South Asia,Q57,0.352941176,-0.196941176,-0.202941176,-0.006000000,0.006000000,0.006000000
Kazakhstan,398,West & South Asia,Q106,0.256038647,0.210850242,0.201961353,-0.008888889,-0.006000000,-0.008888889
Kazakhstan,398,West & South Asia,Q108,0.407407407,0.002370370,-0.000074074,-0.002444444,-0.028000000,-0.015100529
Kazakhstan,398,West & South Asia,Q121,0.551470588,-0.009970588,-0.016470588,-0.006500000,-0.022000000,-0.011500000
Kazakhstan,398,West & South Asia,Q159,0.848484848,-0.144484848,-0.132707071,0.011777778,-0.016000000,-0.012666667
Kazakhstan,398,West & South Asia,Q48,0.644444444,0.008555556,0.009088889,0.000533333,-0.007400000,-0.005066667
Kazakhstan,398,West & South Asia,Q57,0.200000000,0.038000000,0.044000000,0.006000000,0.006000000,0.006000000
Kyrgyzstan,417,West & South Asia,Q106,0.059027778,0.440305556,0.407861111,-0.032444444,-0.042500000,-0.032444444
Kyrgyzstan,417,West & South Asia,Q108,0.418518519,-0.032074074,-0.008074074,0.024000000,-0.032000000,-0.015555556
Kyrgyzstan,417,West & South Asia,Q121,0.428571429,0.095928571,0.091428571,-0.004500000,-0.018000000,-0.004500000
Kyrgyzstan,417,West & South Asia,Q159,0.821428571,-0.119317460,-0.135650794,-0.016333333,0.029000000,0.015666667
Kyrgyzstan,417,West & South Asia,Q48,0.989898990,-0.358010101,-0.337232323,0.020777778,-0.021000000,-0.020777778
Kyrgyzstan,417,West & South Asia,Q57,0.000000000,0.176000000,0.226000000,0.050000000,0.050000000,0.050000000
Malaysia,458,West & South Asia,Q106,0.460317460,-0.012761905,-0.047206349,-0.034444444,0.016000000,0.002105820
Malaysia,458,West & South Asia,Q108,0.455938697,0.037616858,0.051394636,0.013777778,0.032000000,0.012000000
Malaysia,458,West & South Asia,Q121,0.368750000,0.161750000,0.116250000,-0.045500000,-0.066000000,-0.045500000
Malaysia,458,West & South Asia,Q159,0.769230769,-0.022119658,-0.044275214,-0.022155556,-0.001230769,0.010907692
Malaysia,458,West & South Asia,Q48,0.674603175,-0.004380952,-0.016069841,-0.011688889,-0.000285714,0.001339683
Malaysia,458,West & South Asia,Q57,0.142857143,-0.040857143,0.039142857,0.080000000,-0.001714286,-0.001714286
Myanmar,104,West & South Asia,Q106,0.417989418,0.066010582,0.023899471,-0.042111111,-0.062380952,-0.033666667
Myanmar,104,West & South Asia,Q108,0.312312312,0.126576577,0.140798799,0.014222222,-0.052000000,-0.008888889
Myanmar,104,West & South Asia,Q121,0.413793103,0.036706897,-0.005793103,-0.042500000,0.025586207,0.006293103
Myanmar,104,West & South Asia,Q159,0.811111111,-0.116111111,-0.130111111,-0.014000000,-0.003333333,0.005111111
Myanmar,104,West & South Asia,Q48,0.811111111,-0.246000000,-0.221222222,0.024777778,-0.007000000,-0.024777778
Myanmar,104,West & South Asia,Q57,0.200000000,0.034000000,0.016000000,-0.018000000,-0.018000000,-0.018000000
Tajikistan,762,West & South Asia,Q106,0.152777778,0.324333333,0.295000000,-0.029333333,-0.052000000,-0.029333333
Tajikistan,762,West & South Asia,Q108,0.646464646,-0.263797980,-0.223131313,0.040666667,-0.028000000,-0.040666667
Tajikistan,762,West & South Asia,Q121,0.640000000,-0.061500000,-0.048000000,0.013500000,-0.006000000,-0.011500000
Tajikistan,762,West & South Asia,Q159,0.850694444,-0.150694444,-0.143916667,0.006777778,-0.022000000,-0.006777778
Tajikistan,762,West & South Asia,Q48,0.817460317,-0.190460317,-0.183349206,0.007111111,-0.021000000,-0.007111111
Tajikistan,762,West & South Asia,Q57,0.176470588,0.001529412,0.009529412,0.008000000,0.008000000,0.008000000
Thailand,764,West & South Asia,Q106,0.468750000,-0.032083333,-0.039416667,-0.007333333,-0.004000000,-0.003000000
Thailand,764,West & South Asia,Q108,0.394265233,0.116623656,0.069068100,-0.047555556,-0.058000000,-0.040824373
Thailand,764,West & South Asia,Q121,0.358974359,0.184025641,0.178025641,-0.006000000,-0.014000000,-0.006000000
Thailand,764,West & South Asia,Q159,0.535087719,0.178023392,0.169023392,-0.009000000,-0.016000000,-0.009000000
Thailand,764,West & South Asia,Q48,0.626984127,0.035149206,0.039015873,0.003866667,0.003600000,0.002933333
Thailand,764,West & South Asia,Q57,0.076923077,0.249076923,0.241076923,-0.008000000,-0.008000000,-0.008000000
Uzbekistan,860,West & South Asia,Q106,0.191111111,0.244888889,0.226222222,-0.018666667,-0.034000000,-0.019555556
Uzbekistan,860,West & South Asia,Q108,0.583333333,-0.192000000,-0.178222222,0.013777778,-0.032571429,-0.017777778
Uzbekistan,860,West & South Asia,Q121,0.545454545,0.032045455,0.020545455,-0.011500000,0.006000000,0.001500000
Uzbekistan,860,West & South Asia,Q159,0.715555556,0.029333333,0.022577778,-0.006755556,-0.018800000,-0.007422222
Uzbekistan,860,West & South Asia,Q48,0.683760684,-0.025094017,-0.014205128,0.010888889,-0.020000000,-0.008888889
Uzbekistan,860,West & South Asia,Q57,0.384615385,-0.184615385,-0.184615385,0.000000000,0.000000000,0.000000000
