cultural_region,question_id,countries,mean_bias_55,mean_bias_56,mean_delta_bias,positive_countries_56,mean_delta_tvd
African-Islamic,Q106,15,0.076528132,0.049009613,-0.027518519,11,-0.029274027
African-Islamic,Q108,15,0.001068091,0.028579202,0.027511111,8,-0.022392918
African-Islamic,Q121,15,0.069092653,0.069125986,0.000033333,11,0.009741342
African-Islamic,Q159,15,-0.117899001,-0.131676778,-0.013777778,1,-0.002752254
African-Islamic,Q48,15,-0.115175502,-0.120397725,-0.005222222,3,-0.004025348
African-Islamic,Q57,15,0.015819747,0.005153080,-0.010666667,6,0.000414815
Catholic Europe,Q106,2,0.011342152,0.004397707,-0.006944444,1,-0.025500000
Catholic Europe,Q108,2,0.123485450,0.105374339,-0.018111111,2,-0.046000000
Catholic Europe,Q121,2,-0.066620370,-0.056370370,0.010250000,1,-0.029000000
Catholic Europe,Q159,2,-0.026905724,-0.042694613,-0.015788889,0,0.014681818
Catholic Europe,Q48,2,-0.070107407,-0.078407407,-0.008300000,1,0.017500000
Catholic Europe,Q57,2,0.238076923,0.217076923,-0.021000000,2,-0.021000000
Confucian,Q106,9,0.114236404,0.116233935,0.001997531,6,0.003536264
Confucian,Q108,9,0.047566428,0.034781242,-0.012785185,7,-0.008970115
Confucian,Q121,9,0.009240196,0.025406863,0.016166667,6,0.012649573
Confucian,Q159,9,-0.059446135,-0.061897987,-0.002451852,2,-0.007305499
Confucian,Q48,9,-0.049487630,-0.054786396,-0.005298765,2,-0.006375758
Confucian,Q57,9,0.031201255,0.053645699,0.022444444,6,0.019037037
English-Speaking,Q106,6,0.023966912,0.031696541,0.007729630,3,-0.021952991
English-Speaking,Q108,6,0.003448205,0.012766724,0.009318519,4,-0.011471570
English-Speaking,Q121,6,0.015765500,0.021348833,0.005583333,5,0.008071730
English-Speaking,Q159,6,-0.073748168,-0.061625946,0.012122222,0,-0.024233333
English-Speaking,Q48,6,-0.114965536,-0.118021091,-0.003055556,0,0.000223529
English-Speaking,Q57,6,0.077511449,0.040844782,-0.036666667,4,-0.011179487
Latin America,Q106,12,0.097459362,0.081833436,-0.015625926,8,-0.041630159
Latin America,Q108,12,-0.077845644,-0.054408607,0.023437037,5,-0.018623618
Latin America,Q121,12,0.039960028,0.042293362,0.002333333,8,0.018364350
Latin America,Q159,12,-0.017881995,-0.018700513,-0.000818519,5,-0.005713389
Latin America,Q48,12,-0.163464790,-0.152966642,0.010498148,0,-0.006673188
Latin America,Q57,12,0.020725424,0.006008757,-0.014716667,9,0.001061111
Orthodox Europe,Q106,6,0.200872029,0.193912770,-0.006959259,5,-0.026142424
Orthodox Europe,Q108,6,0.001829311,0.005310792,0.003481481,3,-0.026007073
Orthodox Europe,Q121,6,0.002867060,-0.010549607,-0.013416667,2,0.008316788
Orthodox Europe,Q159,6,-0.175461486,-0.163346671,0.012114815,0,-0.015900000
Orthodox Europe,Q48,6,-0.110605900,-0.093561456,0.017044444,1,-0.015566667
Orthodox Europe,Q57,6,0.062490842,0.071490842,0.009000000,4,0.009000000
Protestant Europe,Q106,4,0.002409916,0.009409916,0.007000000,3,-0.024542241
Protestant Europe,Q108,4,0.019250916,0.013973138,-0.005277778,3,-0.011090659
Protestant Europe,Q121,4,-0.026511284,-0.034261284,-0.007750000,3,0.013632075
Protestant Europe,Q159,4,-0.065856381,-0.066345270,-0.000488889,0,-0.002667544
Protestant Europe,Q48,4,-0.032750352,-0.037928130,-0.005177778,1,0.000850000
Protestant Europe,Q57,4,-0.024055556,-0.056055556,-0.032000000,1,0.023000000
West & South Asia,Q106,10,0.167624421,0.146937754,-0.020686667,8,-0.035862138
West & South Asia,Q108,10,0.001533997,0.010067331,0.008533333,6,-0.032355404
West & South Asia,Q121,10,0.038693186,0.029593186,-0.009100000,6,-0.007407788
West & South Asia,Q159,10,-0.063249778,-0.068096445,-0.004846667,2,-0.004936410
West & South Asia,Q48,10,-0.107199119,-0.099079119,0.008120000,3,-0.007148571
West & South Asia,Q57,10,0.033956105,0.038956105,0.005000000,8,-0.001971429
