country,human_G,human_pressure,innovation_support_55,innovation_support_bias_55,assistance_55,assistance_bias_55,cooperation_55,cooperation_bias_55,arrival_probability_55,arrival_probability_bias_55,poisson_intensity_55,poisson_intensity_bias_55,G_T_55,G_T_bias_55,weighted_pressure_per_round_55,weighted_pressure_per_round_bias_55,Q48_directed_bias_55,Q57_directed_bias_55,Q106_directed_bias_55,Q108_directed_bias_55,Q121_directed_bias_55,Q159_directed_bias_55,directed_score_MAE_55,six_item_mean_TVD_55,six_item_mean_W1_55,innovation_support_56,innovation_support_bias_56,assistance_56,assistance_bias_56,cooperation_56,cooperation_bias_56,arrival_probability_56,arrival_probability_bias_56,poisson_intensity_56,poisson_intensity_bias_56,G_T_56,G_T_bias_56,weighted_pressure_per_round_56,weighted_pressure_per_round_bias_56,Q48_directed_bias_56,Q57_directed_bias_56,Q106_directed_bias_56,Q108_directed_bias_56,Q121_directed_bias_56,Q159_directed_bias_56,directed_score_MAE_56,six_item_mean_TVD_56,six_item_mean_W1_56,upgrade_change_innovation_support,upgrade_absolute_bias_change_innovation_support,upgrade_change_assistance,upgrade_absolute_bias_change_assistance,upgrade_change_cooperation,upgrade_absolute_bias_change_cooperation,upgrade_change_arrival_probability,upgrade_absolute_bias_change_arrival_probability,upgrade_change_poisson_intensity,upgrade_absolute_bias_change_poisson_intensity,upgrade_change_G_T,upgrade_absolute_bias_change_G_T,upgrade_change_weighted_pressure_per_round,upgrade_absolute_bias_change_weighted_pressure_per_round,upgrade_directed_MAE_change,upgrade_six_item_mean_TVD_change,upgrade_six_item_mean_W1_change
Andorra,0.36154272936753507,12.408457066660192,0.63088,-0.05068565656565649,0.48086666666666666,0.009140476190476199,0.5396000000000001,0.0538628205128206,0.230136,-0.004750849261849266,0.046027200000000004,-0.000950169852369849,0.35423012325808056,-0.0073126061094545,11.94712688,-0.46133018666019154,-0.15977037037037034,0.3501538461538462,0.16419047619047628,0.13372222222222224,-0.17061111111111105,-0.00918181818181818,0.1646049740383074,0.38804656454656455,0.20026995720329052,0.61876,-0.06280565656565651,0.4796333333333333,0.007907142857142835,0.54005,0.05431282051282055,0.22775700000000001,-0.007129849261849258,0.045551400000000006,-0.0014259698523698475,0.35056831692082363,-0.010974412446711435,11.851715089999999,-0.5567419766601933,-0.1777037037037037,0.3101538461538461,0.15452380952380956,0.1281666666666667,-0.12911111111111107,-0.031648484848484926,0.15521793700127037,0.3671071706071705,0.18623106831440162,-0.01212000000000002,0.01212000000000002,-0.001233333333333364,-0.001233333333333364,0.00044999999999995044,0.00044999999999995044,-0.0023789999999999922,0.0023789999999999922,-0.00047579999999999845,0.00047579999999999845,-0.0036618063372569343,0.0036618063372569343,-0.09541179000000177,0.09541179000000177,-0.009387037037037027,-0.020939393939394035,-0.014038888888888906
Argentina,0.35050226171700943,10.705724704607807,0.6142333333333334,-0.06922345679012343,0.5526666666666666,0.022805555555555523,0.4232,0.012972727272727302,0.2151666666666667,-0.012547418630751955,0.04303333333333334,-0.0025094837261503897,0.33118901368913894,-0.01931324802787049,9.625122222222224,-1.0806024823855829,-0.1771111111111111,0.005333333333333384,0.07149999999999995,-0.004518518518518477,0.037909090909091,-0.05363374485596706,0.058334299788003495,0.24780387205387203,0.08071003242299533,0.6082333333333334,-0.07522345679012343,0.54078,0.010918888888888922,0.42185,0.011622727272727285,0.21383166666666667,-0.013882418630751986,0.04276633333333334,-0.002776483726150393,0.3291341538908043,-0.02136810782620513,9.819577796666666,-0.886146907941141,-0.19333333333333336,-0.016666666666666607,0.06965555555555553,0.03325925925925921,0.05540909090909096,-0.05741152263374483,0.07095590472627508,0.2554853535353535,0.0893365756328719,-0.006000000000000005,0.006000000000000005,-0.011886666666666601,-0.011886666666666601,-0.0013500000000000179,-0.0013500000000000179,-0.0013350000000000306,0.0013350000000000306,-0.00026700000000000335,0.00026700000000000335,-0.0020548597983346406,0.0020548597983346406,0.19445557444444184,-0.19445557444444184,0.012621604938271587,0.007681481481481484,0.008626543209876561
Armenia,0.36326545583885406,13.216339869281047,0.5736333333333333,-0.1747793650793651,0.542,0.10200000000000004,0.3905,0.027264705882352913,0.2037766666666667,-0.03222940242763769,0.04075533333333334,-0.006445880485527536,0.31365728851832886,-0.0496081673205252,9.332971333333335,-3.883368535947712,-0.3043756613756613,0.126,0.4633015873015874,0.1233015873015873,-0.03511764705882359,-0.27822222222222215,0.22171978420998026,0.506719421101774,0.2318959954352111,0.5888666666666666,-0.15954603174603177,0.5195,0.07949999999999996,0.4031,0.03986470588235291,0.20808333333333334,-0.02792273576097104,0.04161666666666667,-0.005584547152194204,0.32028619952818743,-0.042979256310666625,9.998404166666667,-3.21793570261438,-0.2685978835978835,0.18,0.4110793650793651,0.1460793650793651,-0.0471176470588236,-0.26322222222222225,0.21934941383960993,0.4943860877684407,0.22649123353044917,0.015233333333333321,-0.015233333333333321,-0.022500000000000075,-0.022500000000000075,0.0126,0.0126,0.004306666666666653,-0.004306666666666653,0.000861333333333332,-0.000861333333333332,0.0066289110098585735,-0.0066289110098585735,0.6654328333333321,-0.6654328333333321,-0.0023703703703703283,-0.012333333333333363,-0.00540476190476194
Australia,0.36093290340574896,12.340944652638735,0.6148333333333333,-0.050978632478632435,0.4776666666666667,0.003953929539295409,0.5579000000000001,0.044617352415026956,0.22875666666666666,-0.00573399125422383,0.04575133333333333,-0.001146798250844766,0.3521070246699386,-0.008825878735810366,11.948723222222222,-0.39222143041651236,-0.09174358974358987,0.0035384615384616014,0.030439024390243985,0.017259259259259307,0.14518604651162792,-0.07818518518518502,0.06105859443806128,0.23622534594457453,0.08674593760778922,0.6149533333333332,-0.05085863247863254,0.48439999999999994,0.010687262872628667,0.55055,0.03726735241502688,0.22804566666666665,-0.0064449912542238474,0.04560913333333333,-0.001288998250844768,0.3510126386649828,-0.009920264740766183,11.758034573333335,-0.5829100793053996,-0.1101658119658121,-0.038461538461538436,0.04043902439024383,0.004814814814814938,0.162686046511628,-0.05936296296296284,0.0693216998511667,0.2327236365428651,0.09057529816492756,0.00011999999999989797,-0.00011999999999989797,0.006733333333333258,0.006733333333333258,-0.007350000000000079,-0.007350000000000079,-0.0007110000000000172,0.0007110000000000172,-0.00014220000000000205,0.00014220000000000205,-0.0010943860049558163,0.0010943860049558163,-0.19068864888888726,0.19068864888888726,0.00826310541310541,-0.0035017094017094352,0.0038293605571383393
Bangladesh,0.33137561738312166,7.268860253749898,0.6134666666666666,-0.03241727395411609,0.5100666666666667,-0.15229892473118278,0.39604999999999996,0.03493888888888891,0.2122983333333333,-0.0029895659019343324,0.04245966666666666,-0.0005979131803868706,0.32677401529596295,-0.004601602087158707,10.401203011111111,3.1323427573612133,-0.012700854700854691,0.1724444444444444,-0.3779283154121864,0.12973476702508963,-0.05598148148148141,-0.09535672514619875,0.14069109803504257,0.3116494573673408,0.1557521831068803,0.6139466666666666,-0.03193727395411605,0.4804,-0.18196559139784946,0.40385,0.04273888888888894,0.21317433333333335,-0.002113565901934289,0.042634866666666674,-0.0004227131803868564,0.328122372736668,-0.003253244646453657,11.07653836,3.807678106250103,0.006276923076923069,0.1604444444444444,-0.41392831541218644,0.19262365591397862,-0.017981481481481376,-0.11273450292397647,0.15066488720883173,0.3158046146751862,0.16949812557540336,0.00048000000000003595,-0.00048000000000003595,-0.029666666666666675,0.029666666666666675,0.007800000000000029,0.007800000000000029,0.0008760000000000434,-0.0008760000000000434,0.00017520000000001423,-0.00017520000000001423,0.0013483574407050503,-0.0013483574407050503,0.6753353488888898,0.6753353488888898,0.00997378917378916,0.004155157307845436,0.013745942468523065
Bolivia,0.3442223195784271,12.660284985676002,0.6047333333333333,-0.06945297418630747,0.5494666666666667,0.11558260869565218,0.39305,0.005081249999999982,0.2102516666666667,-0.013382469837261463,0.04205033333333334,-0.002676493967452287,0.3236237433454575,-0.020598576232969568,9.472538422222224,-3.1877465634537785,-0.20830452674897115,-0.023999999999999994,0.2204444444444444,-0.16483091787439624,0.04093749999999996,-0.02320538720538723,0.11362046271219982,0.2501796497584541,0.12462533785249157,0.6088666666666667,-0.06531964085297415,0.5364,0.10251594202898551,0.39709999999999995,0.009131249999999924,0.21148333333333333,-0.012150803170594832,0.04229666666666666,-0.0024301606341189663,0.3255195503254441,-0.018702769252982976,9.804367333333333,-2.8559176523426686,-0.19163786008230455,-0.05600000000000009,0.1906666666666666,-0.1510531400966184,0.08643749999999994,-0.02609427609427617,0.11698157382331097,0.2522402558190601,0.12426759374474745,0.004133333333333322,-0.004133333333333322,-0.013066666666666671,-0.013066666666666671,0.0040499999999999425,0.0040499999999999425,0.001231666666666631,-0.001231666666666631,0.00024633333333332064,-0.00024633333333332064,0.0018958069799865918,-0.0018958069799865918,0.3318289111111099,-0.3318289111111099,0.003361111111111148,0.0020606060606060406,-0.00035774410774411236
Brazil,0.3309158815126001,9.5580660686595,0.6157666666666667,-0.019893710691823885,0.5245333333333333,-0.030883159504936808,0.38854999999999995,0.009978571428571392,0.21200833333333333,-0.0029808849955076655,0.042401666666666664,-0.0005961769991015345,0.3263276412573734,-0.004588240255226694,10.080289555555556,0.5222234868960562,-0.08733333333333326,0.022380952380952293,-0.0012009456264775453,0.1017429193899782,0.010880952380952325,0.02102096436058709,0.04076001124538012,0.3111075393358199,0.09009874618030445,0.6232533333333333,-0.012407044025157243,0.518,-0.03741649283827009,0.40054999999999996,0.021978571428571403,0.21470566666666668,-0.0002835516621743084,0.04294113333333334,-5.67103324348589e-05,0.3304794328898638,-0.00043644862273628515,10.348813133333335,0.7907470646738357,-0.0786,0.022380952380952293,0.020132387706855714,0.1448540305010893,0.05088095238095236,0.03724318658280923,0.05901525159210982,0.2978540379352597,0.09475375188629058,0.0074866666666666415,-0.0074866666666666415,-0.00653333333333328,0.00653333333333328,0.01200000000000001,0.01200000000000001,0.002697333333333357,-0.002697333333333357,0.0005394666666666756,-0.0005394666666666756,0.004151791632490409,-0.004151791632490409,0.26852357777777947,0.26852357777777947,0.0182552403467297,-0.013253501400560197,0.004655005705986134
Canada,0.3561870446080498,11.974313464259772,0.6219666666666666,-0.031980701754386054,0.49046666666666666,0.007922674710910016,0.57845,0.07227102272727282,0.23223833333333332,0.0008309619218500597,0.046447666666666665,0.00016619238437001055,0.35746607850105094,0.001279033893001158,11.833317211111112,-0.1409962531486606,-0.050298245614035175,0.22109090909090917,0.0807749287749287,0.05436601307189537,0.01981250000000001,-0.05630409356725141,0.08044111501983664,0.19318146095390676,0.09180123309615697,0.62232,-0.031627368421052626,0.4912,0.00865600804424338,0.55265,0.04647102272727277,0.22972900000000002,-0.0016783714114832482,0.0459458,-0.0003356742822966524,0.35360366038323254,-0.0025833842248172423,11.68861152,-0.28570194425977213,-0.05578713450292383,0.1370909090909091,0.0741082621082621,0.0452549019607843,0.01781250000000001,-0.0496374269005847,0.06328185576057734,0.1785618028342486,0.07486614537685872,0.00035333333333342765,-0.00035333333333342765,0.0007333333333333636,0.0007333333333333636,-0.025800000000000045,-0.025800000000000045,-0.002509333333333308,0.0008474094896331885,-0.000501866666666663,0.00016948189792664187,-0.0038624181178184003,0.0013043503318160843,-0.14470569111111153,0.14470569111111153,-0.017159259259259305,-0.014619658119658152,-0.016935087719298247
Chile,0.3207034455767712,8.02096386819426,0.6037,-0.007158585858585864,0.5594666666666667,-0.05556601307189546,0.38165,0.019823076923076888,0.208905,0.0005505905205905048,0.041781,0.00011011810411809542,0.3215509259708578,0.0008474803940866082,9.2029616,1.1819977318057404,-0.04485185185185192,0.05707692307692311,-0.20196078431372544,-0.016740740740740778,0.008999999999999952,0.020989898989898892,0.058436699828856686,0.3129840029251794,0.10266733955949638,0.6134933333333333,0.0026347474747474564,0.5477333333333333,-0.06729934640522883,0.37475,0.012923076923076926,0.21017366666666668,0.0018192571872571728,0.04203473333333334,0.00036385143745143456,0.3235036841212851,0.002800238544513889,9.505454364444446,1.4844904962501868,-0.025518518518518496,0.05707692307692311,-0.21018300653594768,0.014148148148148132,-0.014000000000000012,0.034301010101010054,0.05920460106342459,0.3120809726221491,0.10403703652919334,0.00979333333333332,-0.004523838383838408,-0.011733333333333373,0.011733333333333373,-0.006899999999999962,-0.006899999999999962,0.001268666666666668,0.001268666666666668,0.00025373333333333914,0.00025373333333333914,0.0019527581504272806,0.0019527581504272806,0.3024927644444464,0.3024927644444464,0.0007679012345679012,-0.0009030303030302944,0.0013696969696969652
China,0.3768246086500276,11.736203086035072,0.6367,-0.04800933828076681,0.488,-0.03260964822752943,0.55385,-0.024883031674208134,0.232725,-0.01209017082357422,0.046544999999999996,-0.0024180341647148454,0.35821516596810926,-0.01860944268191833,11.915519999999999,0.17931691396492688,-0.0911927437641723,0.0066153846153845786,-0.061697262479871284,0.047001564945227,-0.08955882352941169,-0.06883838383838381,0.06081736052874178,0.23421215844597051,0.08149569412266948,0.6184066666666667,-0.0663026716141002,0.4895333333333333,-0.0310763148941961,0.5729,-0.005833031674208122,0.23097133333333336,-0.013843837490240846,0.04619426666666667,-0.0027687674980481705,0.35551588571866155,-0.021308722931366042,11.790316662222223,0.054113576187150514,-0.11923718820861684,0.014615384615384586,-0.08925281803542678,0.014334898278560326,-0.0340588235294117,-0.10177171717171718,0.062211804973186235,0.22552427965809166,0.08086645724137097,-0.018293333333333384,0.018293333333333384,0.001533333333333331,-0.001533333333333331,0.01905000000000001,-0.01905000000000001,-0.0017536666666666256,0.0017536666666666256,-0.0003507333333333251,0.0003507333333333251,-0.002699280249447711,0.002699280249447711,-0.12520333777777637,-0.12520333777777637,0.001394444444444455,-0.008687878787878855,-0.0006292368812985116
Colombia,0.33570435022018635,12.36247253938474,0.6232666666666666,-0.07150256410256417,0.5144,0.08122539682539681,0.3593,0.06783658536585363,0.21058333333333334,-0.007516854283927482,0.04211666666666667,-0.0015033708567854936,0.3241342515849938,-0.011570098635192538,10.225926666666668,-2.136545872718072,-0.1917777777777777,0.0600000000000001,0.03192592592592591,-0.23882539682539683,0.16612195121951218,-0.046564102564102705,0.12253585905211926,0.3995434497751571,0.1603696672192607,0.62666,-0.06810923076923081,0.4861333333333333,0.05295873015873015,0.34763,0.056166585365853616,0.21009499999999998,-0.00800518761726085,0.042018999999999994,-0.00160103752345217,0.32338259874989755,-0.0123217514702888,10.796081733333333,-1.5663908060514071,-0.17171111111111115,0.0505999999999999,-0.019629629629629608,-0.19615873015873025,0.1366219512195122,-0.05531965811965811,0.10500684670644021,0.38083857172637653,0.1397159936269692,0.0033933333333333593,-0.0033933333333333593,-0.028266666666666662,-0.028266666666666662,-0.011670000000000014,-0.011670000000000014,-0.0004883333333333684,0.0004883333333333684,-9.766666666667645e-05,9.766666666667645e-05,-0.0007516528350962615,0.0007516528350962615,0.5701550666666648,-0.5701550666666648,-0.01752901234567905,-0.01870487804878057,-0.020653673592291477
Cyprus,0.3122052902088939,8.349435626102292,0.5997,-0.007522222222222208,0.5119333333333334,-0.07642645502645506,0.3629,0.049011111111111116,0.20623000000000002,0.0033966666666666867,0.041246000000000005,0.0006793333333333373,0.31743351027007494,0.00522822006118101,10.065398866666667,1.7159632405643759,0.019555555555555548,0.126,-0.14150617283950623,0.11324867724867732,0.03737037037037039,-0.044629629629629575,0.08038506760728985,0.35129100529100526,0.11005261610817163,0.5973666666666666,-0.009855555555555617,0.5198666666666667,-0.06849312169312172,0.356,0.0421111111111111,0.2050733333333333,0.0022399999999999642,0.04101466666666666,0.00044799999999999007,0.3156531448517924,0.0034478546428984846,9.84625431111111,1.4968186850088188,0.020888888888888846,0.124,-0.1457283950617284,0.08258201058201065,0.016370370370370313,-0.053740740740740645,0.07388506760728981,0.3424576719576719,0.10755261610817157,-0.0023333333333334094,0.0023333333333334094,0.007933333333333348,-0.007933333333333348,-0.006900000000000017,-0.006900000000000017,-0.0011566666666667225,-0.0011566666666667225,-0.00023133333333334727,-0.00023133333333334727,-0.0017803654182825257,-0.0017803654182825257,-0.21914455555555712,-0.21914455555555712,-0.0065000000000000335,-0.00883333333333336,-0.0025000000000000577
Czechia,0.3408091438311549,11.133568055555555,0.587,-0.02633333333333332,0.4862666666666667,-0.010899999999999965,0.40535,-0.08215,0.20793499999999998,-0.01348166666666667,0.041587,-0.0026963333333333284,0.32005788177281685,-0.02075126205833805,10.682314066666667,-0.45125398888888846,-0.049111111111111105,-0.021333333333333315,0.04188888888888881,0.07822222222222214,-0.2525,-0.03866666666666674,0.08028703703703702,0.2866666666666667,0.09110185185185182,0.5928333333333333,-0.020499999999999963,0.48079999999999995,-0.016366666666666696,0.38195,-0.10554999999999998,0.20676166666666668,-0.014654999999999974,0.04135233333333334,-0.002930999999999989,0.3182518626741557,-0.022557281156999176,10.735065733333336,-0.39850232222221926,-0.04077777777777769,-0.07533333333333331,0.025888888888888795,0.08044444444444449,-0.2765,-0.027555555555555666,0.08775,0.2920833333333333,0.09913888888888885,0.005833333333333357,-0.005833333333333357,-0.005466666666666731,0.005466666666666731,-0.023399999999999976,0.023399999999999976,-0.001173333333333304,0.001173333333333304,-0.0002346666666666608,0.0002346666666666608,-0.0018060190986611269,0.0018060190986611269,0.052751666666669195,-0.052751666666669195,0.007462962962962977,0.005416666666666625,0.008037037037037023
Ecuador,0.3385796609372203,12.693999226629376,0.6174999999999999,-0.05339371980676333,0.5322,0.10928333333333334,0.37249999999999994,0.014605263157894677,0.21075,-0.009218217645563187,0.04215,-0.0018436435291126346,0.3243907883887809,-0.014188872548439424,9.858884999999999,-2.8351142266293774,-0.10705314009661837,0.043368421052631397,0.25502777777777774,-0.10925000000000001,0.005315789473684274,-0.07092592592592584,0.09849017572110629,0.312723885498771,0.12571575745590488,0.6201733333333334,-0.05072038647342991,0.5198333333333333,0.0969166666666666,0.35150000000000003,-0.006394736842105231,0.20918466666666669,-0.010783550978896494,0.04183693333333334,-0.0021567101957792947,0.32198139472761256,-0.016598266209607748,10.044350411111113,-2.6496488155182636,-0.09847536231884046,0.029368421052631606,0.2130277777777777,-0.11002777777777772,-0.05068421052631572,-0.07059259259259254,0.09536269034098928,0.2893775086871768,0.11416780423953062,0.0026733333333334164,-0.0026733333333334164,-0.012366666666666748,-0.012366666666666748,-0.020999999999999908,-0.008210526315789446,-0.0015653333333333075,0.0015653333333333075,-0.0003130666666666601,0.0003130666666666601,-0.002409393661168324,0.002409393661168324,0.1854654111111138,-0.1854654111111138,-0.0031274853801170066,-0.023346376811594183,-0.011547953216374265
Egypt,0.333623225126673,10.685834065450544,0.5882066666666667,-0.08811207631874296,0.5324666666666666,0.025473659673659665,0.37295,0.058106250000000026,0.20493633333333333,-0.011811790263748623,0.04098726666666667,-0.002362358052749723,0.31544227159907945,-0.018180953527593524,9.581456704444443,-1.104377361006101,-0.22860404040404037,0.098,0.1914643874643875,0.10655218855218851,0.09568749999999998,-0.06510288065843617,0.13090183284650872,0.32608081671415007,0.14418324861866527,0.5783333333333334,-0.09798540965207625,0.5338666666666667,0.026873659673659733,0.36665,0.05180625,0.2023316666666667,-0.014416456930415267,0.04046633333333334,-0.0028832913860830506,0.31143311442949484,-0.022190110697178134,9.431353422222223,-1.2544806432283213,-0.24429292929292923,0.0879999999999998,0.21857549857549852,0.1289966329966329,0.08468750000000003,-0.08232510288065842,0.14114627729095314,0.3210024928774929,0.15106574979375906,-0.00987333333333329,0.00987333333333329,0.0014000000000000679,0.0014000000000000679,-0.006300000000000028,-0.006300000000000028,-0.002604666666666644,0.002604666666666644,-0.0005209333333333274,0.0005209333333333274,-0.0040091571695846095,0.0040091571695846095,-0.15010328222222036,0.15010328222222036,0.010244444444444417,-0.005078323836657184,0.006882501175093786
Ethiopia,0.3541380631936359,11.453290148652053,0.5942666666666666,-0.12278095238095244,0.5353333333333333,0.03313756613756613,0.4373,0.07063333333333333,0.21258333333333335,-0.017492857142857143,0.04251666666666667,-0.0034985714285714273,0.32721269323043894,-0.026925369963196943,9.878038888888888,-1.5752512597631654,-0.2028253968253969,0.246,0.10228571428571426,-0.008172839506172813,-0.01055555555555554,-0.20644444444444454,0.12938065843621402,0.4505449735449735,0.1867645502645502,0.5850666666666666,-0.13198095238095242,0.5074,0.005204232804232767,0.43955,0.0728833333333333,0.21096833333333334,-0.01910785714285715,0.04219366666666667,-0.003821571428571424,0.324726851601742,-0.029411211591893915,10.3923001,-1.0609900486520534,-0.19838095238095255,0.2319999999999999,0.0087301587301587,-0.008617283950617283,0.010944444444444423,-0.24155555555555552,0.11670473251028805,0.4382354497354497,0.18273677248677245,-0.009199999999999986,0.009199999999999986,-0.027933333333333366,-0.027933333333333366,0.0022499999999999742,0.0022499999999999742,-0.0016150000000000053,0.0016150000000000053,-0.0003229999999999969,0.0003229999999999969,-0.002485841628696972,0.002485841628696972,0.514261211111112,-0.514261211111112,-0.012675925925925965,-0.012309523809523826,-0.004027777777777741
Germany,0.35291463441740795,11.385005166673045,0.5984999999999999,-0.041696078431372685,0.5145333333333333,0.011085057471264315,0.50045,-0.011971383647798817,0.219745,-0.00953635405105438,0.043949,-0.0019072708102108732,0.33823607968917035,-0.014678554728237592,10.667887266666668,-0.717117900006377,0.030333333333333323,-0.10155555555555568,0.06028352490421446,0.023333333333333373,0.0616509433962264,-0.16932026143790857,0.07441282532676197,0.2655408860441582,0.0990937249889276,0.5922533333333333,-0.04794274509803931,0.5167666666666667,0.013318390804597735,0.5003,-0.0121213836477988,0.21848066666666666,-0.01080068738438772,0.04369613333333333,-0.002160137476877544,0.3362899914956415,-0.016624642921766464,10.55771408222222,-0.8272910844508239,0.012288888888888905,-0.10555555555555568,0.058172413793103395,0.013777777777777778,0.06515094339622635,-0.17209803921568634,0.07117393643787308,0.2656116949793133,0.09674980465349785,-0.006246666666666623,0.006246666666666623,0.0022333333333334204,0.0022333333333334204,-0.00014999999999998348,0.00014999999999998348,-0.0012643333333333395,0.0012643333333333395,-0.0002528666666666707,0.0002528666666666707,-0.001946088193528872,0.001946088193528872,-0.1101731844444469,0.1101731844444469,-0.0032388888888888884,7.080893515509779e-05,-0.0023439203354297528
Great Britain,0.3831868351099253,11.885294389504386,0.5970333333333334,-0.09326759259259243,0.5151333333333333,-0.00744701305918305,0.5123,-0.09658392857142861,0.2206366666666667,-0.02831191137566136,0.04412733333333334,-0.005662382275132272,0.3396085515894314,-0.04357828352049392,10.697936511111113,-1.1873578783932732,-0.14880555555555552,-0.2205714285714287,0.0014425612052731962,0.026265938069216788,-0.10137499999999999,-0.16208641975308635,0.11009115052576009,0.3009022523893321,0.1401443134413847,0.61016,-0.08014092592592581,0.5077333333333334,-0.014847013059183012,0.49970000000000003,-0.10918392857142856,0.22200200000000003,-0.02694657804232803,0.044400400000000007,-0.005389315608465603,0.34171010108605526,-0.04147673402387003,10.928418453333334,-0.9568759361710519,-0.13705,-0.2585714285714286,-0.009890772128060221,0.039599271402550096,-0.10537499999999989,-0.13008641975308632,0.11342881530918753,0.2895022523893321,0.137967689276236,0.01312666666666662,-0.01312666666666662,-0.007399999999999962,0.007399999999999962,-0.012599999999999945,0.012599999999999945,0.0013653333333333295,-0.0013653333333333295,0.0002730666666666687,-0.0002730666666666687,0.002101549496623889,-0.002101549496623889,0.2304819422222213,-0.2304819422222213,0.003337664783427438,-0.011400000000000021,-0.0021766241651486884
Greece,0.312616575065723,9.69937519213878,0.5613333333333334,-0.04674747474747476,0.5604,0.03796521739130432,0.34295,0.02810625,0.19656166666666666,-0.006538869949494958,0.03931233333333333,-0.0013077739898989943,0.30255181028238554,-0.010064764783337454,8.640850866666668,-1.0585243254721117,-0.06901010101010108,0.1019999999999999,0.16955555555555557,0.043004830917874326,-0.0083125,-0.0868148148148149,0.07978296704972429,0.26333756038647343,0.0990830878226711,0.5777,-0.03038080808080812,0.5516333333333333,0.029198550724637617,0.32689999999999997,0.01205624999999999,0.19823000000000002,-0.004870536616161603,0.039646,-0.0009741073232323247,0.30511974368829436,-0.0074968313774286255,8.887972433333333,-0.8114027588054462,-0.032010101010101044,0.1019999999999999,0.15166666666666662,0.05433816425120774,-0.06181249999999999,-0.06925925925925924,0.07851444853120575,0.2678375603864734,0.09547821664714774,0.01636666666666664,-0.01636666666666664,-0.0087666666666667,-0.0087666666666667,-0.01605000000000001,-0.01605000000000001,0.001668333333333355,-0.001668333333333355,0.0003336666666666696,-0.0003336666666666696,0.002567933405908829,-0.002567933405908829,0.24712156666666552,-0.24712156666666552,-0.0012685185185185438,0.0044999999999999485,-0.0036048711755233553
Guatemala,0.34629881585505273,12.494680655888088,0.6183333333333333,-0.028725490196078507,0.4958,0.051160623781676406,0.40474999999999994,-0.05096428571428574,0.21414166666666667,-0.010841526610644275,0.042828333333333336,-0.0021683053221288537,0.3296113123458483,-0.01668750350920445,10.797022833333333,-1.6976578225547545,-0.1219019607843137,-0.3306666666666668,0.2646172839506173,0.09408187134502932,0.1607857142857143,0.026150326797385604,0.16636730397162117,0.40926485330974494,0.18742694290191705,0.6165666666666667,-0.03049215686274509,0.48954666666666663,0.04490729044834302,0.39995,-0.055764285714285655,0.21330833333333335,-0.0116748599439776,0.04266166666666667,-0.002334971988795523,0.3283286283269128,-0.017970187528139947,10.88839497777778,-1.6062856781103072,-0.1069019607843138,-0.3766666666666667,0.2256172839506172,0.07592631578947373,0.19078571428571434,0.005261437908496758,0.1635265632308804,0.4042952970661949,0.18766768364265782,-0.0017666666666665831,0.0017666666666665831,-0.0062533333333333885,-0.0062533333333333885,-0.0047999999999999154,0.0047999999999999154,-0.0008333333333333248,0.0008333333333333248,-0.00016666666666666913,0.00016666666666666913,-0.0012826840189354982,0.0012826840189354982,0.0913721444444473,-0.0913721444444473,-0.0028407407407407548,-0.004969556243550055,0.00024074074074076357
Hong Kong SAR,0.3247090942582847,10.952614766705691,0.5809666666666667,0.010060233918128714,0.4736,-0.007212425328554373,0.47674999999999995,0.008994897959183623,0.21386833333333335,0.0029115365795441273,0.04277366666666667,0.0005823073159088241,0.3291905919876375,0.004481497729352801,11.258029066666667,0.3054142999609759,0.015148148148148244,-0.0033333333333334103,0.10805734767025088,0.13209876543209875,0.033316326530612284,0.01838596491228084,0.0517233143377874,0.22432417128330295,0.06898492971776314,0.5864666666666667,0.015560233918128663,0.4736,-0.007212425328554373,0.5255,0.05774489795918364,0.21984333333333334,0.008886536579544108,0.04396866666666667,0.0017773073159088257,0.3383874364034048,0.013678342145120093,11.572553066666666,0.6199382999609746,0.013259259259259193,0.12466666666666676,0.10405734767025099,0.12809876543209886,0.06781632653061231,0.03860818713450298,0.07941775878223185,0.25021306017219186,0.09190500510250417,0.005499999999999949,0.005499999999999949,0.0,0.0,0.048750000000000016,0.048750000000000016,0.00597499999999998,0.00597499999999998,0.0011950000000000016,0.0011950000000000016,0.009196844415767291,0.009196844415767291,0.3145239999999987,0.3145239999999987,0.027694444444444452,0.025888888888888906,0.02292007538474103
India,0.33630217481826014,11.919518937179017,0.6033666666666666,-0.04920476190476197,0.47435999999999995,0.01990424915201966,0.43355,0.053807037943696456,0.21402833333333335,-0.004460248586582755,0.04280566666666667,-0.0008920497173165454,0.3294368673192731,-0.006865307498987061,11.250185313333336,-0.6693336238456808,-0.13933333333333342,0.1793684210526315,0.11508179669030733,0.04873429951690833,-1.1627906976729996e-05,-0.024682539682539528,0.08453533636378281,0.2963970104843892,0.11938040449872245,0.6150666666666667,-0.03750476190476193,0.46046666666666664,0.0060109158186863465,0.43684999999999996,0.057107037943696426,0.21669833333333335,-0.0017902485865827489,0.04333966666666667,-0.0003580497173165456,0.3335465869159423,-0.0027555879023178353,11.691597411111115,-0.2279215260679024,-0.11988888888888893,0.1353684210526316,0.11188179669030729,0.09184541062801943,0.05498837209302321,-0.00512698412698398,0.08651664557997574,0.26630286136894193,0.10408253909034137,0.011700000000000044,-0.011700000000000044,-0.013893333333333313,-0.013893333333333313,0.0032999999999999696,0.0032999999999999696,0.0026700000000000057,-0.0026700000000000057,0.0005339999999999998,-0.0005339999999999998,0.004109719596669226,-0.004109719596669226,0.44141209777777846,-0.44141209777777846,0.001981309216192925,-0.030094149115447277,-0.015297865408381073
Indonesia,0.33079322407585426,10.89755535326083,0.6237133333333333,-0.024069612403100793,0.4674,-0.02552358803986715,0.39425,0.04072058823529412,0.21416766666666665,-0.00074186365709078,0.042833533333333326,-0.000148372731418156,0.32965133208723896,-0.0011418919886153067,11.406569926666664,0.5090145734058353,0.007434625322997435,0.0839999999999999,0.013841269841269932,0.09891989664082701,0.0517352941176471,-0.08766666666666678,0.057266292098234695,0.295875914706968,0.1125924887267568,0.6272266666666667,-0.020556279069767425,0.4749333333333333,-0.017990254706533815,0.3863,0.03277058823529411,0.21407533333333334,-0.0008341969904240853,0.042815066666666665,-0.00016683939808481707,0.32950921069794104,-0.001284013377913229,11.240382168888889,0.34282681562805983,0.03147906976744186,0.066,0.008952380952380934,0.06891989664082698,0.04323529411764715,-0.10000000000000009,0.05309777357971617,0.2726425813736347,0.10058968941581796,0.0035133333333333683,-0.0035133333333333683,0.007533333333333336,-0.007533333333333336,-0.007950000000000013,-0.007950000000000013,-9.23333333333054e-05,9.23333333333054e-05,-1.846666666666108e-05,1.846666666666108e-05,-0.00014212138929792228,0.00014212138929792228,-0.1661877577777755,-0.1661877577777755,-0.004168518518518523,-0.023233333333333328,-0.012002799310938839
Iran,0.3574060690094984,12.311725344952793,0.5785,-0.10038888888888886,0.5398,0.07002222222222215,0.374,-0.09021568627450977,0.2031,-0.029099346405228738,0.04062,-0.0058198692810457475,0.31261574909495327,-0.04479031991454513,9.346662,-2.9650633449527923,-0.1598518518518518,-0.1969411764705882,0.30577777777777776,0.07237037037037042,-0.10377777777777769,-0.1747777777777778,0.16891612200435727,0.393582788671024,0.1869120067780198,0.5711333333333333,-0.1077555555555556,0.5274,0.057622222222222186,0.36185,-0.10236568627450976,0.20041166666666665,-0.031787679738562086,0.04008233333333333,-0.00635753594771242,0.3084778104498674,-0.04892825855963101,9.471455366666666,-2.840269978286127,-0.17840740740740735,-0.2029411764705882,0.2802222222222222,0.08814814814814814,-0.13827777777777767,-0.18077777777777781,0.1781290849673202,0.3912790849673203,0.1907299080125877,-0.0073666666666667435,0.0073666666666667435,-0.012399999999999967,-0.012399999999999967,-0.012149999999999994,0.012149999999999994,-0.002688333333333348,0.002688333333333348,-0.0005376666666666724,0.0005376666666666724,-0.004137938645085881,0.004137938645085881,0.1247933666666654,-0.1247933666666654,0.009212962962962923,-0.0023037037037036967,0.0038179012345679053
Iraq,0.31886015670713563,10.476315199282329,0.5740999999999999,-0.024709523809523848,0.5462666666666667,0.05198562091503267,0.3833,0.009350420168067197,0.20315,-0.0040068627450980665,0.04063,-0.0008013725490196161,0.31269271013608935,-0.006167446571046287,9.217592666666667,-1.2587225326156624,0.01488888888888884,-0.10171428571428578,-0.1620479302832244,-0.3353333333333333,0.1328823529411765,-0.09725396825396815,0.14068679323581282,0.33219747899159663,0.1625651001141197,0.5674,-0.031409523809523776,0.5204533333333333,0.026172287581699316,0.36905,-0.004899579831932788,0.200385,-0.006771862745098056,0.040077,-0.001354372549019614,0.30843676456126146,-0.010423392145874177,9.60939588,-0.8669193192823297,0.025555555555555554,-0.1497142857142858,-0.2167590413943355,-0.3040000000000001,0.1333823529411765,-0.13025396825396807,0.15994420064322026,0.3414490196078431,0.175706105405125,-0.006699999999999928,0.006699999999999928,-0.025813333333333355,-0.025813333333333355,-0.014249999999999985,-0.0044508403361344095,-0.0027649999999999897,0.0027649999999999897,-0.0005529999999999979,0.0005529999999999979,-0.004255945574827891,0.004255945574827891,0.3918032133333327,-0.3918032133333327,0.019257407407407445,0.009251540616246445,0.013141005291005287
Japan,0.3419012983563687,10.305260138181609,0.5582333333333334,-0.06912852049910867,0.48343333333333327,-0.05262952853598024,0.4676,0.0010615384615384471,0.20840666666666666,-0.013719550253667917,0.041681333333333334,-0.0027439100507335792,0.32078388092753435,-0.02111741742883433,10.765593711111112,0.4603335729295033,-0.058343434343434364,0.018000000000000016,-0.11229914529914548,0.06313261648745522,-0.014461538461538526,-0.17208496732026146,0.07305361698530584,0.29030994148166817,0.10116540533049068,0.5502466666666667,-0.07711518716577537,0.48469333333333336,-0.05136952853598015,0.46325,-0.0032884615384615734,0.20637433333333333,-0.015751883587001247,0.04127486666666667,-0.0031503767174002467,0.3176556711421545,-0.024245627214214194,10.634606979555555,0.32934684137394576,-0.08607676767676775,-0.006000000000000005,-0.12618803418803415,0.045043727598566397,-0.004961538461538573,-0.1709738562091504,0.07320732068900955,0.27998757889801534,0.10058510230018762,-0.007986666666666697,0.007986666666666697,0.0012600000000000944,-0.0012600000000000944,-0.0043500000000000205,0.0022269230769231263,-0.0020323333333333304,0.0020323333333333304,-0.0004064666666666675,0.0004064666666666675,-0.003128209785379865,0.003128209785379865,-0.1309867315555575,-0.1309867315555575,0.00015370370370371145,-0.010322362583652822,-0.000580303030303056
Jordan,0.32858708605845777,10.979362694093872,0.5913,-0.07399790660225436,0.514,0.028313081554460884,0.35030000000000006,0.04613333333333336,0.20329000000000003,-0.010186247987117564,0.04065800000000001,-0.0020372495974235114,0.31290820105127054,-0.015678885007187227,9.879894000000002,-1.0994686940938703,-0.11990123456790114,-0.0734999999999999,0.2294497354497354,0.13507279693486585,0.2272777777777778,-0.12675845410628017,0.15199333313942673,0.3781223138430785,0.16557733126382132,0.5681333333333334,-0.09716457326892103,0.5312666666666667,0.045579748221127536,0.3386,0.034433333333333316,0.1974866666666667,-0.01598958132045089,0.03949733333333334,-0.0031979162640901754,0.303975589543404,-0.024611496515053788,9.256858355555556,-1.7225043385383163,-0.16812345679012342,-0.0814999999999999,0.2936719576719576,0.1417394636015325,0.19627777777777777,-0.1557584541062801,0.17284518499127857,0.3706223138430784,0.18115543110279073,-0.02316666666666667,0.02316666666666667,0.017266666666666652,0.017266666666666652,-0.011700000000000044,-0.011700000000000044,-0.005803333333333327,0.005803333333333327,-0.001160666666666664,0.001160666666666664,-0.008932611507866561,0.008932611507866561,-0.623035644444446,0.623035644444446,0.020851851851851844,-0.007500000000000062,0.015578099838969406
Kazakhstan,0.3418915370834972,12.114654064085007,0.6071,-0.04077878787878786,0.5171333333333333,0.062543961352657,0.43385,0.008408823529411802,0.21480500000000002,-0.007314875222816347,0.042961000000000006,-0.001462975044563268,0.33063232882492094,-0.011259208258576237,10.372217433333335,-1.7424366307516728,0.00855555555555565,0.03799999999999998,0.2108502415458937,0.0023703703703704115,-0.009970588235294175,-0.14448484848484844,0.0690386006986604,0.26727808962847327,0.1063155155049869,0.6107933333333333,-0.03708545454545453,0.5152,0.060610628019323654,0.43370000000000003,0.008258823529411818,0.2155286666666667,-0.006591208556149669,0.04310573333333334,-0.0013182417112299338,0.3317462116269645,-0.010145325456532683,10.448829760000002,-1.665824304085005,0.009088888888889035,0.043999999999999984,0.2019613526570047,-7.407407407405975e-05,-0.016470588235294126,-0.13270707070707055,0.06738366242705542,0.2550447562951399,0.09844505695119504,0.0036933333333333263,-0.0036933333333333263,-0.0019333333333333425,-0.0019333333333333425,-0.00014999999999998348,-0.00014999999999998348,0.000723666666666678,-0.000723666666666678,0.0001447333333333342,-0.0001447333333333342,0.0011138828020435532,-0.0011138828020435532,0.07661232666666784,-0.07661232666666784,-0.0016549382716049832,-0.012233333333333374,-0.007870458553791856
Kenya,0.314563044046024,10.27054060218805,0.6108333333333333,0.012911255411255373,0.49406666666666665,-0.0033749351130886174,0.40850000000000003,0.060692982456140354,0.2130166666666667,0.008651549327865105,0.04260333333333334,0.0017303098655730223,0.3278796889202854,0.01331664487426143,10.777223222222224,0.5066826200341747,-0.01601010101010103,0.018888888888888983,0.08240613026819921,0.0936559139784946,0.18342105263157893,0.059047619047619015,0.07557161763748028,0.30534007806901664,0.11224246403246456,0.6102,0.012277922077921999,0.45899999999999996,-0.03844160177975531,0.41255,0.0647429824561403,0.213295,0.00892988266119843,0.042659,0.0017859765322396845,0.32830810538260985,0.013745061336585873,11.539259500000002,1.2687188978119526,-0.015787878787878795,-0.009111111111111209,0.03551724137931034,0.16365591397849466,0.22492105263157902,0.056714285714285606,0.08428458060044326,0.30462272914114136,0.1209924640324646,-0.0006333333333333746,-0.0006333333333333746,-0.03506666666666669,0.03506666666666669,0.0040499999999999425,0.0040499999999999425,0.0002783333333333249,0.0002783333333333249,5.56666666666622e-05,5.56666666666622e-05,0.0004284164623244435,0.0004284164623244435,0.7620362777777778,0.7620362777777778,0.008712962962962978,-0.0007173489278752831,0.008750000000000036
Kyrgyzstan,0.35638625845591543,14.073899861712361,0.6002000000000001,-0.14319826839826832,0.5338666666666666,0.14171388888888886,0.41014999999999996,0.08157857142857133,0.21105500000000002,-0.02048179653679652,0.042211000000000005,-0.0040963593073593055,0.3248602507397113,-0.03152600771620412,9.837977066666669,-4.235922795045692,-0.3580101010101009,0.1759999999999999,0.4403055555555555,-0.03207407407407409,0.09592857142857136,-0.11931746031746027,0.20360596039762702,0.515429834054834,0.23520208032708026,0.6015333333333334,-0.14186493506493503,0.5169333333333334,0.12478055555555562,0.42379999999999995,0.09522857142857133,0.21268666666666666,-0.018850129870129878,0.04253733333333333,-0.003770025974025981,0.3273717460487869,-0.029014512407128545,10.274183911111109,-3.799715950601252,-0.3372323232323231,0.2259999999999999,0.40786111111111123,-0.008074074074074122,0.09142857142857141,-0.13565079365079358,0.2010411455828122,0.5096798340548341,0.23393356180856173,0.0013333333333332975,-0.0013333333333332975,-0.016933333333333245,-0.016933333333333245,0.013649999999999995,0.013649999999999995,0.0016316666666666424,-0.0016316666666666424,0.0003263333333333243,-0.0003263333333333243,0.002511495309075573,-0.002511495309075573,0.43620684444444,-0.43620684444444,-0.0025648148148148253,-0.005749999999999922,-0.00126851851851853
Lebanon,0.30727384571807603,10.914028617628617,0.5484666666666667,-0.03914017094017097,0.5311333333333333,0.07784761904761905,0.31775000000000003,-0.0033310810810810443,0.19146833333333335,-0.008161142296142287,0.03829366666666667,-0.0016322284592284603,0.29471204555865194,-0.012561800159424097,8.977311922222222,-1.9367166954063944,-0.04794871794871802,-0.01133333333333321,0.08066666666666666,-0.1788253968253969,0.00022972972972973293,-0.08251851851851844,0.06692039383706049,0.23193050193050188,0.08084659109659108,0.5470666666666667,-0.04054017094017093,0.5107666666666667,0.05748095238095241,0.30619999999999997,-0.014881081081081105,0.19003333333333336,-0.00959614229614228,0.038006666666666675,-0.0019192284592284559,0.2925032636780451,-0.014770582040030955,9.297064111111112,-1.6169645065175047,-0.05839316239316239,-0.029333333333333503,0.028888888888888797,-0.16271428571428587,-0.020270270270270285,-0.07674074074074078,0.0627234468901136,0.23415272415272415,0.07676325776325775,-0.0013999999999999568,0.0013999999999999568,-0.020366666666666644,-0.020366666666666644,-0.01155000000000006,0.01155000000000006,-0.0014349999999999918,0.0014349999999999918,-0.0002869999999999956,0.0002869999999999956,-0.002208781880606858,0.002208781880606858,0.3197521888888897,-0.3197521888888897,-0.004196946946946889,0.0022222222222222643,-0.004083333333333328
Libya,0.34095135153691153,11.571481630332206,0.5674666666666668,-0.1538717171717171,0.5543333333333333,0.0767264957264957,0.3452,0.07278620689655174,0.19801333333333337,-0.023495722744688252,0.039602666666666675,-0.004699144548937648,0.3047862458433712,-0.03616510569354031,8.824794222222225,-2.746687408109981,-0.24344444444444435,0.118,0.12294017094017096,-0.13281481481481477,0.1246206896551724,-0.2694612794612794,0.16854689988598034,0.35967139565415424,0.17846427880335924,0.5582333333333334,-0.16310505050505053,0.5295333333333333,0.05192649572649566,0.34310000000000007,0.0706862068965518,0.19595666666666667,-0.02555238941135496,0.039191333333333335,-0.005110477882270988,0.3016205816846384,-0.03933076985227313,9.219107977777778,-2.3523736525544283,-0.25544444444444436,0.1300000000000001,0.10049572649572652,-0.07259259259259249,0.10562068965517238,-0.2882390572390572,0.1587320850711655,0.34294917343193204,0.1694329397720202,-0.009233333333333427,0.009233333333333427,-0.024800000000000044,-0.024800000000000044,-0.0020999999999999353,-0.0020999999999999353,-0.0020566666666667066,0.0020566666666667066,-0.00041133333333333993,0.00041133333333333993,-0.003165664158732817,0.003165664158732817,0.3943137555555527,-0.3943137555555527,-0.009814814814814832,-0.016722222222222194,-0.009031339031339042
Macau SAR,0.3504630288157746,11.826336263638897,0.6130333333333332,-0.04749298245614053,0.4925333333333333,0.011941702741702753,0.512,0.0561666666666667,0.22380666666666663,-0.003881929824561481,0.04476133333333333,-0.0007763859649122934,0.3444878815974618,-0.005975147218312826,11.357442311111111,-0.468893952527786,-0.05322222222222228,0.1622222222222222,-0.042585858585858616,-0.0823915343915344,0.025000000000000022,-0.10508771929824579,0.07841825945334722,0.26037846636794004,0.08794218121060222,0.5990333333333333,-0.06149298245614043,0.49006666666666665,0.00947503607503608,0.5252,0.06936666666666669,0.22232666666666667,-0.005361929824561434,0.044465333333333336,-0.001072385964912284,0.34220983477983247,-0.008253194035942157,11.337177822222223,-0.48915844141667364,-0.10077777777777774,0.18222222222222212,-0.03358585858585861,-0.06516931216931221,0.049000000000000044,-0.10419883040935685,0.08915900019408791,0.2779117997012734,0.0999246727930938,-0.013999999999999901,0.013999999999999901,-0.0024666666666666726,-0.0024666666666666726,0.01319999999999999,0.01319999999999999,-0.0014799999999999536,0.0014799999999999536,-0.0002959999999999907,0.0002959999999999907,-0.002278046817629331,0.002278046817629331,-0.020264488888887655,0.020264488888887655,0.01074074074074069,0.017533333333333345,0.01198249158249158
Malaysia,0.3262813377738327,10.571066470133589,0.6252,-0.007950183150183143,0.4862,-0.015113628899835752,0.38974999999999993,0.036267857142857074,0.214015,0.002036749084249112,0.042803,0.00040734981684981825,0.3294163443749701,0.003135006601137358,10.996090700000002,0.42502422986641264,-0.004380952380952263,-0.0408571428571429,-0.012761904761904697,0.03761685823754796,0.16175000000000006,-0.022119658119658214,0.04658108605953435,0.18891408782788088,0.062457180165513444,0.6150466666666667,-0.01810351648351638,0.4717333333333333,-0.02958029556650249,0.4001,0.046617857142857155,0.21301933333333334,0.0010410824175824396,0.04260386666666667,0.00020821648351648792,0.327883793509146,0.0016024557353132574,11.253101315555556,0.6820348454219669,-0.016069841269841123,0.0391428571428572,-0.047206349206349196,0.05139463601532579,0.11625000000000008,-0.0442752136752137,0.052389816218264516,0.18537562628941937,0.058980331705331644,-0.010153333333333237,0.010153333333333237,-0.014466666666666739,0.014466666666666739,0.010350000000000081,0.010350000000000081,-0.0009956666666666725,-0.0009956666666666725,-0.00019913333333333033,-0.00019913333333333033,-0.0015325508658241005,-0.0015325508658241005,0.25701061555555427,0.25701061555555427,0.005808730158730166,-0.003538461538461518,-0.0034768484601818
Maldives,0.3518313802973177,9.295488505747125,0.6277666666666666,-0.09637126436781618,0.507,-0.08633333333333337,0.4064,0.06889999999999996,0.21619333333333335,-0.012384252873563206,0.04323866666666667,-0.0024768505747126413,0.33276928040046744,-0.01906209989685026,10.658331333333333,1.3628428275862081,-0.2048888888888889,0.0429999999999999,-0.14911111111111125,0.1386666666666666,0.1866666666666667,-0.1163486590038314,0.1397803320561941,0.3220254515599343,0.14402371829958036,0.61988,-0.10425793103448278,0.5112666666666668,-0.08206666666666662,0.40354999999999996,0.06604999999999994,0.21433100000000002,-0.014246586206896533,0.04286620000000001,-0.0028493172413793025,0.3299027381549504,-0.021928642142367283,10.475070406666667,1.1795819009195423,-0.2251777777777777,0.010999999999999899,-0.1600000000000001,0.11355555555555541,0.20916666666666667,-0.1223486590038314,0.1402081098339719,0.31502545155993433,0.14244091406677611,-0.007886666666666597,0.007886666666666597,0.004266666666666752,-0.004266666666666752,-0.002850000000000019,-0.002850000000000019,-0.001862333333333327,0.001862333333333327,-0.00037246666666666123,0.00037246666666666123,-0.002866542245517023,0.002866542245517023,-0.18326092666666582,-0.18326092666666582,0.0004277777777777769,-0.006999999999999951,-0.0015828042328042413
Mexico,0.34949301305500174,11.435814199109599,0.6309666666666667,-0.07417826086956525,0.5065333333333333,0.010184126984126907,0.4067,0.046405882352941186,0.21686333333333338,-0.010195063938618909,0.04337266666666668,-0.002039012787723782,0.33380055835169153,-0.01569245470331021,10.701482622222226,-0.7343315768873726,-0.2148164251207728,0.1140000000000001,-0.0010052910052910646,-0.0349523809523809,0.04068627450980389,-0.03244444444444439,0.07298413600544885,0.3200717939349653,0.11384158784286656,0.6330066666666667,-0.07213826086956521,0.48543333333333333,-0.010915873015873045,0.4140499999999999,0.0537558823529411,0.21800633333333333,-0.00905206393861896,0.043601266666666666,-0.0018104127877237933,0.3355598877520634,-0.013933125302938332,11.217879225555555,-0.21793497355404412,-0.19421642512077286,0.1119999999999998,-0.00678306878306878,0.02960317460317463,0.06718627450980386,-0.04624444444444442,0.07600556457687739,0.30984322250639384,0.1097905296418084,0.0020400000000000418,-0.0020400000000000418,-0.021099999999999952,0.0007317460317461388,0.007349999999999912,0.007349999999999912,0.0011429999999999496,-0.0011429999999999496,0.00022859999999998853,-0.00022859999999998853,0.0017593294003718785,-0.0017593294003718785,0.5163966033333285,-0.5163966033333285,0.003021428571428536,-0.010228571428571476,-0.004051058201058166
Mongolia,0.32642829498327036,12.090062676794325,0.5974666666666667,-0.017930158730158685,0.5085333333333333,0.07862105263157887,0.41314999999999996,0.02320639097744359,0.21080833333333332,-0.0012653926482874,0.04216166666666667,-0.00025307852965747446,0.32448057627010635,-0.001947718713164015,10.360526888888888,-1.7295357879054372,-0.016433862433862467,0.0274736842105264,0.20866666666666672,-0.05340350877192973,0.04988095238095236,-0.043333333333333224,0.06653200129954515,0.20914160401002502,0.07377186020607071,0.59788,-0.01751682539682542,0.515,0.0850877192982456,0.4079,0.017956390977443615,0.210366,-0.0017077259816207224,0.0420732,-0.0003415451963241431,0.3237997275928554,-0.0026285673904149487,10.202751,-1.8873116767943259,-0.006833862433862414,0.01947368421052631,0.22333333333333333,-0.06029239766081873,0.040380952380952406,-0.05155555555555558,0.06697829759584147,0.198141604010025,0.07526630465051513,0.0004133333333332656,-0.0004133333333332656,0.006466666666666732,0.006466666666666732,-0.005249999999999977,-0.005249999999999977,-0.00044233333333332236,0.00044233333333332236,-8.846666666666864e-05,8.846666666666864e-05,-0.0006808486772509337,0.0006808486772509337,-0.15777588888888872,0.15777588888888872,0.0004462962962963196,-0.01100000000000001,0.0014944444444444233
Morocco,0.3443465671798185,12.858277768125598,0.5955,-0.07830156075808248,0.5243333333333333,0.09909523809523807,0.39305,0.0035045454545454824,0.20840500000000003,-0.015309857606161964,0.04168100000000001,-0.0030619715212323872,0.3207813155594965,-0.02356525162032197,9.913131166666668,-2.94514660145893,-0.12092307692307691,-0.05399999999999991,0.26076190476190475,-0.06955555555555548,0.06568181818181806,-0.14008212560386468,0.1185007468377033,0.3152679928766885,0.12741876360354618,0.5752333333333334,-0.09856822742474913,0.5204,0.09516190476190473,0.39035,0.0008045454545454467,0.20408166666666666,-0.019633190939495337,0.04081633333333333,-0.0039266381878990675,0.31412675086925923,-0.030219816310559255,9.787756733333334,-3.0705210347922645,-0.16670085470085472,-0.06400000000000011,0.23365079365079358,-0.0835555555555555,0.06668181818181818,-0.16185990338164247,0.12940815424511076,0.304688282731761,0.13552407536103186,-0.020266666666666655,0.020266666666666655,-0.003933333333333344,-0.003933333333333344,-0.0027000000000000357,-0.0027000000000000357,-0.0043233333333333734,0.0043233333333333734,-0.0008646666666666802,0.0008646666666666802,-0.006654564690237286,0.006654564690237286,-0.12537443333333442,0.12537443333333442,0.010907407407407463,-0.010579710144927479,0.00810531175748569
Myanmar,0.34747467768127827,10.5716672337362,0.5780333333333334,-0.10863333333333325,0.5135333333333333,-0.018169798369798373,0.40535,0.021212068965517195,0.20614166666666667,-0.019605459770114964,0.04122833333333333,-0.003921091954022994,0.3172975457640677,-0.030177131917210553,10.028104944444445,-0.5435622892917547,-0.246,0.03399999999999989,0.06601058201058208,0.12657657657657656,0.0367068965517241,-0.11611111111111105,0.10423419437499896,0.36304126540333437,0.13921664562756514,0.5812666666666667,-0.10539999999999994,0.49663333333333337,-0.03506979836979829,0.3872,0.003062068965517195,0.20497333333333337,-0.020773793103448263,0.04099466666666667,-0.004154758620689654,0.31549922276952025,-0.03197545491175802,10.317674355555557,-0.2539928781806431,-0.2212222222222222,0.015999999999999875,0.023899470899470976,0.14079879879879875,-0.005793103448275938,-0.13011111111111107,0.08963745107997982,0.343519918933712,0.1268951258319074,0.0032333333333333103,-0.0032333333333333103,-0.016899999999999915,0.016899999999999915,-0.01815,-0.01815,-0.001168333333333299,0.001168333333333299,-0.0002336666666666598,0.0002336666666666598,-0.0017983229945474632,0.0017983229945474632,0.28956941111111156,-0.28956941111111156,-0.014596743295019143,-0.01952134646962239,-0.012321519795657737
Netherlands,0.3604352479314093,10.70850969303601,0.61614,-0.014696707152496602,0.49279999999999996,-0.04989841269841272,0.5722999999999999,-0.00770000000000004,0.230458,-0.0037093414304993355,0.046091599999999996,-0.0007418682860998727,0.35472575236299725,-0.0057094955684120485,11.688829760000003,0.9803200669639924,-0.032994871794871816,-0.08000000000000007,-0.11270899470899481,0.05361904761904779,0.054333333333333345,-0.015994152046783672,0.05827506658383858,0.2196710944026733,0.07006000899685105,0.61702,-0.01381670715249661,0.4959333333333333,-0.0467650793650794,0.55895,-0.021050000000000013,0.229299,-0.004868341430499329,0.0458598,-0.0009736682860998699,0.3529417954294618,-0.007493452501947495,11.55819826,0.8496885669639891,-0.03521709401709394,-0.132,-0.11093121693121699,0.04495238095238108,0.06183333333333341,-0.010838596491228092,0.06596210362087558,0.2272006683375104,0.07691655313497416,0.0008799999999999919,-0.0008799999999999919,0.0031333333333333213,-0.0031333333333333213,-0.013349999999999973,0.013349999999999973,-0.0011589999999999934,0.0011589999999999934,-0.00023179999999999729,0.00023179999999999729,-0.0017839569335354466,0.0017839569335354466,-0.13063150000000334,-0.13063150000000334,0.007687037037036999,0.007529573934837108,0.006856544138123102
New Zealand,0.35580341132767246,11.92538879917375,0.6191666666666666,-0.03347883597883594,0.48906666666666665,0.004964102564102568,0.5687,0.06240967741935477,0.23070333333333334,-0.00045479945383172793,0.04614066666666667,-9.09598907663442e-05,0.35510337453817187,-0.000700036789500591,11.787402311111112,-0.13798648806263714,-0.10809876543209873,0.18399999999999994,-0.0377777777777778,-0.05432478632478632,0.024032258064516143,-0.0034973544973544435,0.06862182368275556,0.2501061614610001,0.09250589202381314,0.6190533333333332,-0.03359216931216935,0.48286,-0.00124256410256407,0.5645,0.05820967741935479,0.23026066666666667,-0.0008974661204984025,0.046052133333333335,-0.0001794932240996791,0.35442201278731333,-0.0013813985403591245,11.907700115999997,-0.01768868317375194,-0.1074987654320988,0.16600000000000004,-0.0222222222222222,-0.01808034188034191,0.028032258064516147,-0.004475132275132299,0.0577181199790519,0.24360359735843606,0.08419335641127752,-0.00011333333333340967,0.00011333333333340967,-0.006206666666666638,-0.0037215384615384983,-0.0041999999999999815,-0.0041999999999999815,-0.00044266666666667454,0.00044266666666667454,-8.853333333333491e-05,8.853333333333491e-05,-0.0006813617508585335,0.0006813617508585335,0.1202978048888852,-0.1202978048888852,-0.010903703703703659,-0.006502564102564057,-0.008312535612535615
Nicaragua,0.3443377125536154,12.713787831734383,0.6174999999999999,-0.07385802469135805,0.5333333333333333,0.10165118679050567,0.41269999999999996,0.05832499999999996,0.21477,-0.00893910493827163,0.042954,-0.001787820987654322,0.3305784560961256,-0.013759256457489821,10.0226,-2.691187831734382,-0.20833333333333326,0.0526666666666666,0.1289542483660131,-0.2098830409356725,0.14174999999999993,-0.03786008230452664,0.129907895267702,0.3108970272169446,0.14085980360305259,0.6229,-0.06845802469135798,0.5238,0.09211785345717238,0.41375,0.05937500000000001,0.215955,-0.007754104938271611,0.043191,-0.0015508209876543208,0.3324024327710519,-0.01193527978256348,10.2837771,-2.4300107317343826,-0.19611111111111101,0.048666666666666705,0.11784313725490203,-0.1892163742690059,0.14925,-0.03208230452674887,0.12219493230473909,0.29488825528712004,0.1314211890625862,0.005400000000000071,-0.005400000000000071,-0.009533333333333283,-0.009533333333333283,0.001050000000000051,0.001050000000000051,0.0011850000000000194,-0.0011850000000000194,0.0002370000000000011,-0.0002370000000000011,0.001823976674926342,-0.001823976674926342,0.2611770999999994,-0.2611770999999994,-0.007712962962962908,-0.016008771929824583,-0.009438614540466378
Nigeria,0.3612862779905891,12.710821285196287,0.617,-0.060083333333333266,0.4768,0.018330691530691556,0.41284999999999994,-0.08018571428571436,0.214685,-0.020035238095238134,0.042936999999999996,-0.004007047619047625,0.3304476223261941,-0.030838655664394976,11.2323192,-1.478502085196288,-0.1093333333333334,-0.09600000000000021,0.2634612794612795,0.20235897435897438,-0.17128571428571437,-0.0909444444444445,0.15556395764729106,0.3761905871905871,0.1628243248521026,0.6129,-0.06418333333333326,0.4561333333333333,-0.0023359751359751657,0.40654999999999997,-0.08648571428571433,0.213235,-0.021485238095238113,0.042647000000000004,-0.004297047619047617,0.3282157521332465,-0.0330705258573426,11.597140866666667,-1.1136804185296203,-0.1190000000000001,-0.09200000000000011,0.2445723905723906,0.2523589743589744,-0.19628571428571429,-0.0949444444444445,0.166526920610254,0.36087658175158177,0.17002589180366956,-0.0040999999999999925,0.0040999999999999925,-0.020666666666666722,-0.01599471639471639,-0.006299999999999972,0.006299999999999972,-0.001449999999999979,0.001449999999999979,-0.00028999999999999165,0.00028999999999999165,-0.002231870192947627,0.002231870192947627,0.3648216666666677,-0.3648216666666677,0.010962962962962952,-0.015314005439005351,0.007201566951566957
Northern Ireland,0.35340246975039574,12.958780712464925,0.6128,-0.07942222222222217,0.523,0.08741102756892238,0.48095,0.06941153846153847,0.220655,-0.008943290598290632,0.044131,-0.0017886581196581292,0.3396367706378479,-0.013765699112547825,10.5252435,-2.433537212464925,-0.19355555555555548,0.2233333333333334,0.19809523809523816,-0.09327485380116962,0.00803846153846155,-0.07118518518518513,0.1312471045848239,0.3974208277103013,0.15611493298773996,0.6131133333333333,-0.0791088888888889,0.5252,0.08961102756892236,0.46969999999999995,0.05816153846153843,0.21959266666666666,-0.010005623931623964,0.04391853333333333,-0.002001124786324797,0.33800160505050897,-0.015400864699886774,10.426259813333333,-2.532520899131592,-0.20095555555555555,0.19333333333333338,0.20853968253968252,-0.09016374269005861,0.0005384615384614877,-0.06274074074074076,0.12604525273297204,0.382787494376968,0.15185752558033258,0.0003133333333332766,-0.0003133333333332766,0.0021999999999999797,0.0021999999999999797,-0.011250000000000038,-0.011250000000000038,-0.0010623333333333318,0.0010623333333333318,-0.00021246666666666775,0.00021246666666666775,-0.0016351655873389492,0.0016351655873389492,-0.09898368666666713,0.09898368666666713,-0.005201851851851846,-0.014633333333333276,-0.0042574074074073764
Pakistan,0.34869486258163,13.295148789161356,0.5812666666666667,-0.09324615384615387,0.5140666666666667,0.10094568478472632,0.38885,-0.02752291280148428,0.20513833333333337,-0.021401522049379174,0.04102766666666667,-0.00428030440987584,0.3157531942052695,-0.03294166837636053,9.968355411111114,-3.326793378050242,-0.16059829059829067,-0.12618181818181828,0.2176120527306968,-0.11887356321839082,0.03443877551020408,-0.15022222222222226,0.13465445374360382,0.3657772459651895,0.1551357212075046,0.5903333333333334,-0.0841794871794872,0.4904,0.07727901811805965,0.39949999999999997,-0.016872912801484286,0.20801666666666668,-0.018523188716045857,0.04160333333333334,-0.0037046377432091715,0.3201835848066726,-0.028511277774957433,10.600529333333336,-2.69461945582802,-0.1180427350427351,-0.1321818181818183,0.20183427495291908,-0.0557624521072797,0.07593877551020406,-0.16255555555555556,0.1243859352250853,0.33613700525352025,0.14674779017302178,0.009066666666666667,-0.009066666666666667,-0.02366666666666667,-0.02366666666666667,0.010649999999999993,-0.010649999999999993,0.002878333333333316,-0.002878333333333316,0.0005756666666666688,-0.0005756666666666688,0.0044303906014031,-0.0044303906014031,0.632173922222222,-0.632173922222222,-0.010268518518518524,-0.029640240711669263,-0.00838793103448282
Peru,0.34102352248886514,12.288856513856514,0.6174,-0.04510000000000003,0.5246666666666666,0.07932822477650059,0.35509999999999997,-0.035459440559440614,0.20899,-0.01256594405594405,0.041798,-0.00251318881118881,0.32168175974078916,-0.019341762748075975,9.933991333333335,-2.354865180523179,-0.17155555555555557,0.0425454545454544,0.14956321839080455,-0.11486419753086413,-0.16074358974358977,0.021222222222222253,0.11008237299808177,0.256534813207227,0.11516483580276675,0.6174999999999999,-0.04500000000000004,0.5098,0.064461558109834,0.33829999999999993,-0.05225944055944065,0.20733,-0.014225944055944073,0.041465999999999996,-0.002845188811188816,0.31912665317506966,-0.021896869313795475,10.163316599999998,-2.1255399138565156,-0.1817777777777777,0.0305454545454545,0.13334099616858236,-0.0815308641975308,-0.20474358974358986,0.031777777777777794,0.11061941003511883,0.25624848842090214,0.11461117958244389,9.999999999998899e-05,-9.999999999998899e-05,-0.014866666666666584,-0.014866666666666584,-0.016800000000000037,0.016800000000000037,-0.0016600000000000226,0.0016600000000000226,-0.0003320000000000059,0.0003320000000000059,-0.0025551065657195005,0.0025551065657195005,0.2293252666666632,-0.2293252666666632,0.0005370370370370581,-0.00028632478632484304,-0.0005536562203228568
Philippines,0.339346785072263,12.123905023096578,0.6306,-0.026043356643356663,0.4578,0.007720255183413072,0.40925,0.01787068965517241,0.217045,-0.0034216023631541415,0.043408999999999996,-0.0006843204726308325,0.3340801834678194,-0.005266601604443588,11.7681799,-0.3557251230965779,-0.11931623931623947,0.054,-0.01268686868686869,-0.03842105263157891,0.005568965517241287,0.03250505050505048,0.04374969610949647,0.27415373404574855,0.08105429287053603,0.6382599999999999,-0.018383356643356774,0.4574666666666667,0.007386921850079775,0.40093999999999996,0.009560689655172372,0.21774599999999997,-0.002720602363154162,0.043549199999999996,-0.0005441204726308324,0.3351591772645479,-0.004187607807715099,11.813446319999997,-0.31045870309658063,-0.10498290598290605,0.0528,-0.011797979797979807,-0.03642105263157891,-0.02093103448275868,0.04370505050505047,0.045106337233378986,0.2647931279851425,0.07779688546312864,0.007659999999999889,-0.007659999999999889,-0.0003333333333332966,-0.0003333333333332966,-0.00831000000000004,-0.00831000000000004,0.0007009999999999794,-0.0007009999999999794,0.00014020000000000005,-0.00014020000000000005,0.001078993796728489,-0.001078993796728489,0.045266419999997254,-0.045266419999997254,0.001356641123882514,-0.00936060606060607,-0.0032574074074073894
Puerto Rico,0.3612362846875469,14.133034867172674,0.6254666666666666,-0.11431827956989249,0.5364,0.13860588235294113,0.41929999999999995,0.051992307692307616,0.21702333333333332,-0.017664425144747725,0.04340466666666666,-0.0035328850289495506,0.33404683368332705,-0.027189451004219878,10.061201733333332,-4.071833133839341,-0.3092222222222223,0.1519999999999999,0.26433333333333336,-0.19768627450980397,0.02130769230769225,-0.07183870967741934,0.16939803867507852,0.43674764430172397,0.18882188416217505,0.6254,-0.11438494623655915,0.5317133333333334,0.13391921568627452,0.42110000000000003,0.053792307692307695,0.21719000000000002,-0.01749775847808102,0.043438000000000004,-0.003499551695616207,0.3343033704871143,-0.026932914200432645,10.170718113333333,-3.9623167538393407,-0.29233333333333333,0.118,0.2601111111111111,-0.1862862745098039,0.061307692307692285,-0.08894982078853053,0.16783137200841183,0.4176373878914676,0.17780877874906967,-6.666666666665932e-05,6.666666666665932e-05,-0.004686666666666617,-0.004686666666666617,0.0018000000000000793,0.0018000000000000793,0.00016666666666670382,-0.00016666666666670382,3.333333333334354e-05,-3.333333333334354e-05,0.00025653680378723287,-0.00025653680378723287,0.10951638000000052,-0.10951638000000052,-0.0015666666666666884,-0.019110256410256377,-0.011013105413105378
Romania,0.34323958017352746,14.347007807007802,0.5925333333333334,-0.082347619047619,0.4828666666666666,0.12624273504273492,0.3672500000000001,-0.01294480519480512,0.2052316666666667,-0.017764004329004268,0.04104633333333334,-0.0035528008658008564,0.31589685481539026,-0.0273427253581372,10.613213588888891,-3.733794218118911,-0.19971428571428562,-0.10028571428571409,0.28214814814814804,-0.13866096866096855,0.057136363636363596,-0.07477777777777772,0.1421205430372096,0.33532232582232574,0.1541995812829146,0.5953733333333333,-0.07950761904761905,0.4762666666666666,0.11964273504273493,0.37265000000000004,-0.00754480519480516,0.20633966666666664,-0.016656004329004326,0.041267933333333326,-0.003331200865800868,0.31760231148696677,-0.025637268686560688,10.806696142222222,-3.5403116647855803,-0.18435873015873006,-0.0922857142857141,0.2548148148148148,-0.14399430199430185,0.0671363636363636,-0.08066666666666666,0.1372094319260985,0.3093943537943537,0.14547365535698864,0.0028399999999999537,-0.0028399999999999537,-0.006599999999999995,-0.006599999999999995,0.00539999999999996,-0.00539999999999996,0.0011079999999999424,-0.0011079999999999424,0.00022159999999998847,-0.00022159999999998847,0.0017054566715765107,-0.0017054566715765107,0.19348255333333064,-0.19348255333333064,-0.004911111111111116,-0.025927972027972035,-0.00872592592592597
Russia,0.34055709193652495,11.762609451154907,0.5752999999999999,-0.0775554778554779,0.5376,0.06923636363636365,0.40295000000000003,-0.003868181818181715,0.20535499999999998,-0.015897913752913773,0.041070999999999996,-0.003179582750582756,0.31608669205019263,-0.024470399886332317,9.4956152,-2.266994251154907,-0.03453535353535353,-0.01200000000000001,0.22701010101010105,-0.0037777777777778243,-0.0008939393939392803,-0.22398290598290593,0.08370001295001295,0.2991670551670551,0.11244412069412064,0.5771666666666667,-0.0756888111888111,0.5452733333333333,0.07690969696969696,0.3911,-0.015718181818181742,0.20454333333333335,-0.0167095804195804,0.04090866666666667,-0.0033419160839160827,0.3148373578157495,-0.02571973412077544,9.301130815555558,-2.4614786355993488,-0.03509090909090906,-0.0200000000000001,0.2461434343434344,-0.010222222222222188,-0.03239393939393931,-0.21720512820512816,0.09350927220927219,0.28687311577311575,0.11398065268065262,0.0018666666666667941,-0.0018666666666667941,0.00767333333333331,0.00767333333333331,-0.011850000000000027,0.011850000000000027,-0.0008116666666666272,0.0008116666666666272,-0.00016233333333332683,0.00016233333333332683,-0.0012493342344431224,0.0012493342344431224,-0.19448438444444172,0.19448438444444172,0.00980925925925924,-0.012293939393939357,0.0015365319865319749
Serbia,0.33425795397148084,11.622630181889443,0.5776666666666667,-0.10535802469135802,0.5404666666666667,0.0756759018759019,0.3791,0.07354444444444441,0.20344333333333334,-0.01371716049382718,0.040688666666666665,-0.0027434320987654373,0.31314421491075467,-0.021113739060726167,9.348899311111111,-2.2737308707783317,-0.13288888888888895,0.196,0.17935353535353538,-0.07289947089947096,0.04914814814814811,-0.21830452674897127,0.1414324283398358,0.39844227994227993,0.16679695544510356,0.5848733333333334,-0.09815135802469133,0.5408,0.07600923520923519,0.38794999999999996,0.08239444444444438,0.20576966666666666,-0.01139082716049386,0.04115393333333333,-0.002278165432098772,0.31672495561801495,-0.01753299835346589,9.448943093333334,-2.1736870885561093,-0.11064444444444443,0.2059999999999999,0.18813131313131315,-0.0652328042328042,0.06864814814814818,-0.2165267489711934,0.14253057648798387,0.3872913259579926,0.1611444863093011,0.0072066666666666945,-0.0072066666666666945,0.0003333333333332966,0.0003333333333332966,0.008849999999999969,0.008849999999999969,0.002326333333333319,-0.002326333333333319,0.0004652666666666652,-0.0004652666666666652,0.003580740707260277,-0.003580740707260277,0.10004378222222243,-0.10004378222222243,0.0010981481481480704,-0.011150953984287337,-0.005652469135802474
Singapore,0.336810096781767,11.900531440755099,0.6168333333333333,0.0275321583178727,0.4464,-0.009746179401993349,0.5018,-0.007783333333333364,0.22354666666666667,0.004728098330241182,0.04470933333333334,0.0009456196660482391,0.34408768418355395,0.007277587401786967,12.375543466666667,0.47501202591156755,0.05816161616161608,-0.07444444444444442,0.14371428571428568,0.17620155038759688,0.04849999999999999,0.03361224489795922,0.08910569026765038,0.22294258931667568,0.09902968302973837,0.6236999999999999,0.03439882498453928,0.4585666666666667,0.00242048726467331,0.48155,-0.02803333333333341,0.222895,0.00407643166357452,0.044579,0.0008152863327149026,0.3430846252807465,0.006274528498979526,12.068278283333333,0.16774684257823402,0.07705050505050504,-0.09844444444444445,0.15826984126984128,0.15020155038759686,0.0050000000000000044,0.037612244897959224,0.08776309767505781,0.22198002010294363,0.10065557116276934,0.0068666666666665765,0.0068666666666665765,0.012166666666666659,-0.007325692137320039,-0.020250000000000046,0.020250000000000046,-0.0006516666666666615,-0.0006516666666666615,-0.00013033333333333647,-0.00013033333333333647,-0.001003058902807441,-0.001003058902807441,-0.3072651833333335,-0.3072651833333335,-0.001342592592592562,-0.0009625692137320563,0.0016258881330309671
Slovakia,0.32121425914188767,10.63543489190548,0.5893,-0.03560196078431366,0.5198666666666667,0.029504155614500482,0.3782,0.04114117647058824,0.20568,-0.0030062745098038968,0.041136,-0.0006012549019607794,0.3165869388175775,-0.00462732032431018,9.8753824,-0.7600524919054799,-0.07922875816993469,0.10666666666666669,0.020176245210727917,-0.07817094017094017,0.030470588235294194,-0.039444444444444504,0.05902627381633469,0.24423140202146285,0.08060529560090064,0.5820333333333333,-0.04286862745098041,0.5347,0.044337488947833736,0.36739999999999995,0.030341176470588205,0.20314666666666664,-0.005539607843137256,0.04062933333333333,-0.0011079215686274485,0.31268757940001357,-0.0085266797418741,9.4524144,-1.183020491905479,-0.08800653594771246,0.08866666666666659,0.0645095785440612,-0.0832820512820513,0.012470588235294233,-0.05488888888888899,0.06530405159411246,0.23066877307952352,0.07915461571208691,-0.0072666666666667545,0.0072666666666667545,0.014833333333333254,0.014833333333333254,-0.010800000000000032,-0.010800000000000032,-0.0025333333333333596,0.0025333333333333596,-0.0005066666666666692,0.0005066666666666692,-0.003899359417563919,0.003899359417563919,-0.4229679999999991,0.4229679999999991,0.006277777777777764,-0.013562628941939325,-0.0014506798888137273
South Korea,0.32668712594735566,11.553247556736194,0.5926666666666667,-0.00519047619047619,0.47879999999999995,0.0231434343434343,0.45919999999999994,0.032495454545454494,0.21445333333333333,0.002211450216450195,0.04289066666666667,0.0004422900432900431,0.33009103616893015,0.003403910221574491,11.177307733333336,-0.3759398234028577,-0.027444444444444493,0.1384999999999999,0.15377777777777774,0.07663299663299666,-0.030181818181818088,0.010142857142857231,0.07277998236331569,0.23881998556998552,0.09085413660413656,0.5816933333333334,-0.01616380952380947,0.49632,0.040663434343434335,0.4613,0.03459545454545454,0.2124686666666667,0.0002267835497835602,0.04249373333333334,4.5356709956714814e-05,0.32703619590943345,0.00034906996207778596,10.701621802666669,-0.8516257540695253,-0.04657777777777783,0.1424999999999999,0.1896444444444444,0.05409966329966326,-0.027181818181818085,-0.0073015873015872534,0.07788421516754845,0.25928867243867243,0.10118668430335093,-0.01097333333333328,0.01097333333333328,0.017520000000000036,0.017520000000000036,0.0021000000000000463,0.0021000000000000463,-0.0019846666666666346,-0.0019846666666666346,-0.0003969333333333283,-0.0003969333333333283,-0.003054840259496705,-0.003054840259496705,-0.47568593066666764,0.47568593066666764,0.005104232804232764,0.020468686868686914,0.010332547699214364
Taiwan ROC,0.36109998340688654,13.967962270093222,0.6005666666666667,-0.068679365079365,0.478,0.07339682539682535,0.45485,-0.052649999999999975,0.21559833333333334,-0.019000873015873027,0.04311966666666667,-0.003800174603174604,0.33185344401094746,-0.029246539395939075,11.254233000000001,-2.7137292700932214,-0.14211111111111108,-0.21200000000000002,0.2792592592592592,0.034603174603174636,0.03650000000000009,-0.0868201058201058,0.13188227513227516,0.29823015873015873,0.14105246913580244,0.60862,-0.06062603174603165,0.48469999999999996,0.08009682539682533,0.47885,-0.028649999999999953,0.21960900000000003,-0.014990206349206336,0.043921800000000004,-0.0029980412698412673,0.33802674565728014,-0.0230732377496064,11.316451770000004,-2.6515105000932184,-0.11935555555555555,-0.1700000000000001,0.275037037037037,0.008047619047619081,0.07450000000000012,-0.08273121693121688,0.1216119047619048,0.2775730158730158,0.12876199294532628,0.008053333333333357,-0.008053333333333357,0.006699999999999984,0.006699999999999984,0.02400000000000002,-0.02400000000000002,0.00401066666666669,-0.00401066666666669,0.0008021333333333366,-0.0008021333333333366,0.006173301646332674,-0.006173301646332674,0.062218770000002976,-0.062218770000002976,-0.01027037037037036,-0.02065714285714293,-0.012290476190476157
Tajikistan,0.3610756591189085,15.203492543608352,0.5981,-0.10234642857142862,0.5283333333333333,0.1764393939393939,0.42695000000000005,-0.017991176470588177,0.212315,-0.022268403361344558,0.042463,-0.004453680672268909,0.32679966897634166,-0.034275990142566826,10.014190833333334,-5.189301710275018,-0.19046031746031744,0.0015294117647060013,0.3243333333333333,-0.2637979797979798,-0.0615,-0.15069444444444446,0.16538591446679685,0.31664162634750875,0.16555258113346347,0.6022666666666666,-0.09817976190476196,0.5073333333333333,0.15543939393939388,0.43339999999999995,-0.011541176470588277,0.21379333333333334,-0.020790070028011226,0.04275866666666667,-0.0041580140056022424,0.3290751504259332,-0.03200050869297527,10.53288488888889,-4.670607654719461,-0.18334920634920637,0.009529411764705786,0.29499999999999993,-0.22313131313131312,-0.04800000000000004,-0.1439166666666667,0.15048776631864866,0.29647495968084203,0.15098776631864866,0.004166666666666652,-0.004166666666666652,-0.02100000000000002,-0.02100000000000002,0.0064499999999999,-0.0064499999999999,0.0014783333333333315,-0.0014783333333333315,0.0002956666666666663,-0.0002956666666666663,0.0022754814495915543,-0.0022754814495915543,0.5186940555555566,-0.5186940555555566,-0.014898148148148188,-0.02016666666666672,-0.014564814814814808
Thailand,0.29676367379447277,9.209239043120624,0.6125733333333333,0.06395177944862152,0.47773333333333334,-0.04461209677419353,0.4607,0.12993076923076918,0.21858466666666665,0.025783432812801182,0.04371693333333333,0.005156686562560242,0.3364500704612046,0.03968639666673185,11.415948524444444,2.20670948132382,0.035149206349206374,0.249076923076923,-0.0320833333333333,0.11662365591397855,0.18402564102564106,0.17802339181286542,0.13249702525199128,0.32701860399551397,0.15752960760392845,0.6110333333333333,0.06241177944862153,0.4898,-0.03254543010752686,0.4565,0.1257307692307692,0.21785666666666667,0.025055432812801204,0.04357133333333334,0.005011086562560246,0.3353295177022626,0.03856584390778983,11.115047133333334,1.9058080902127106,0.03901587301587306,0.241076923076923,-0.03941666666666671,0.06906810035842281,0.17802564102564106,0.16902339181286552,0.12260443265939869,0.31095193732884735,0.14688110103284122,-0.0015399999999999858,-0.0015399999999999858,0.01206666666666667,-0.01206666666666667,-0.0041999999999999815,-0.0041999999999999815,-0.0007279999999999787,-0.0007279999999999787,-0.00014559999999999573,-0.00014559999999999573,-0.0011205527589420172,-0.0011205527589420172,-0.30090139111110936,-0.30090139111110936,-0.009892592592592592,-0.016066666666666618,-0.010648506571087235
Tunisia,0.3168057668259313,10.457726347584584,0.5828,-0.0016556677890011695,0.5608000000000001,0.06889523809523818,0.386,-0.003310344827586187,0.20515999999999998,-0.0006621680405588526,0.041032,-0.00013243360811177052,0.3157865439897617,-0.0010192228361696198,9.010627199999998,-1.447099147584586,0.07246464646464645,-0.04200000000000001,0.19074074074074077,-0.038910052910053006,0.030965517241379414,-0.07798353909465017,0.07551074940857831,0.30323612147750073,0.11766992555242872,0.5634,-0.021055667789001142,0.5571666666666667,0.0652619047619048,0.3785,-0.010810344827586194,0.20052999999999999,-0.005292168040558848,0.040105999999999996,-0.0010584336081117737,0.30865995158055626,-0.008145815245375054,8.880136833333331,-1.5775895142512528,0.038020202020201954,-0.04400000000000001,0.20007407407407407,-0.017465608465608518,0.007965517241379394,-0.10820576131687232,0.06928852718635604,0.28411266468737734,0.11602589263061802,-0.019399999999999973,0.019399999999999973,-0.0036333333333333773,-0.0036333333333333773,-0.007500000000000007,0.007500000000000007,-0.004629999999999995,0.004629999999999995,-0.0009260000000000032,0.0009260000000000032,-0.0071265924092054345,0.0071265924092054345,-0.1304903666666668,0.1304903666666668,-0.006222222222222268,-0.019123456790123394,-0.0016440329218107008
Turkey,0.3272726201594622,9.640167053886547,0.577,-0.06655089355089361,0.5271333333333333,-0.01947261687917423,0.33694999999999997,-0.002170879120879099,0.199095,-0.013527266622266665,0.039819,-0.002705453324453329,0.3064511696999494,-0.02082145045951278,9.414538899999998,-0.22562815388654833,-0.09775213675213679,-0.06630769230769229,-0.03750617283950619,0.027402550091074562,0.0590714285714285,-0.12408417508417502,0.06868735927433556,0.18985716469323025,0.07042068393388973,0.58758,-0.055970893550893575,0.50358,-0.04302595021250755,0.32330000000000003,-0.01582087912087904,0.199846,-0.012776266622266663,0.039969199999999996,-0.0025552533244533326,0.307607124537814,-0.019665495621648155,9.920755132,0.2805880781134533,-0.08452991452991454,-0.05230769230769228,-0.09779506172839508,0.04562477231329687,-0.0004285714285713893,-0.1020397306397306,0.06378762382460013,0.19731642395248947,0.07271142467463049,0.010580000000000034,-0.010580000000000034,-0.023553333333333315,0.023553333333333315,-0.01364999999999994,0.01364999999999994,0.0007510000000000017,-0.0007510000000000017,0.00015019999999999617,-0.00015019999999999617,0.0011559548378646256,-0.0011559548378646256,0.5062162320000017,0.05495992422690499,-0.004899735449735432,0.007459259259259221,0.00229074074074076
Ukraine,0.3251206133156839,8.708560757478358,0.5635333333333333,-0.028133333333333344,0.5348666666666667,-0.05284332449160034,0.43445,0.005541811414392084,0.20615166666666668,-0.00507248552522746,0.041230333333333334,-0.0010144971050454962,0.317312937972295,-0.007807675343388942,9.588801188888889,0.880240431410531,0.0768888888888889,0.06323076923076928,-0.11613675213675223,0.060007662835249,-0.044758064516129015,-0.17066666666666674,0.0886148007124092,0.2677878982345056,0.10823287429210672,0.5725066666666667,-0.019159999999999955,0.5459333333333334,-0.04177665782493367,0.42755,-0.0013581885856079334,0.20725633333333332,-0.003967818858560818,0.04145126666666667,-0.0007935637717121635,0.3190132639077958,-0.006107349407888152,9.410819242222221,0.7022584847438633,0.06933333333333336,0.053230769230769276,-0.08835897435897444,0.05089655172413787,-0.057758064516129026,-0.13319999999999999,0.07546294886055734,0.25869472062975957,0.09263977084383086,0.008973333333333389,-0.008973333333333389,0.011066666666666669,-0.011066666666666669,-0.006900000000000017,-0.00418362282878415,0.0011046666666666427,-0.0011046666666666427,0.0002209333333333327,-0.0002209333333333327,0.0017003259355007905,-0.0017003259355007905,-0.17798194666666767,-0.17798194666666767,-0.013151851851851859,-0.009093177604746039,-0.015593103448275858
United States,0.3563789551719866,11.128409409424377,0.62384,-0.05055668174962302,0.45948666666666665,-0.05987104965804341,0.4823,0.015772846059616152,0.22299799999999997,-0.008534051743963017,0.044599599999999996,-0.001706810348792602,0.34324316502548685,-0.013135790146499737,12.053339230666667,0.9249298212422907,-0.09729150326797387,0.05367741935483866,-0.12917250470809793,0.0703976608187134,-0.0011012658227848027,-0.07123076923076921,0.07047852053386298,0.23256167182290033,0.09853304350081377,0.6263599999999999,-0.048036681749623056,0.4605666666666667,-0.05879104965804338,0.48755,0.02102284605961613,0.22402699999999998,-0.007505051743963015,0.044805399999999995,-0.001501010348792603,0.3448270232520684,-0.011551931919918212,12.084763136666664,0.9563537272422877,-0.09666928104575168,0.0456774193548386,-0.1007947269303201,0.0951754385964913,0.024398734177215275,-0.06345299145299155,0.07102809859293475,0.22267681423340666,0.09343203635331539,0.0025199999999999667,-0.0025199999999999667,0.0010800000000000254,-0.0010800000000000254,0.005249999999999977,0.005249999999999977,0.0010290000000000021,-0.0010290000000000021,0.00020579999999999904,-0.00020579999999999904,0.0015838582265815249,-0.0015838582265815249,0.031423905999997004,0.031423905999997004,0.0005495780590717703,-0.009884857589493673,-0.005101007147498379
Uzbekistan,0.34149318217579844,13.703618896658897,0.6210666666666667,0.0012717948717948513,0.5134,0.13106666666666666,0.43324999999999997,-0.04577097902097904,0.21753833333333333,-0.004322738927738934,0.04350766666666667,-0.0008645477855477868,0.33483953240702924,-0.006653649768769199,10.585415300000001,-3.118203596658896,-0.02509401709401704,-0.18461538461538468,0.2448888888888889,-0.19200000000000006,0.0320454545454546,0.029333333333333322,0.11799617974617976,0.41653946053946056,0.16983948458948453,0.6223066666666667,0.00251179487179487,0.5036666666666667,0.1213333333333334,0.4298,-0.049220979020978994,0.21744133333333338,-0.004419738927738892,0.04348826666666668,-0.0008839477855477756,0.3346902279872252,-0.00680295418857324,10.79233817777778,-2.911280718881118,-0.014205128205128092,-0.18461538461538468,0.22622222222222219,-0.17822222222222228,0.020545454545454644,0.022577777777777697,0.10773136493136493,0.3999775557775558,0.1611487438487438,0.0012400000000000189,0.0012400000000000189,-0.00973333333333326,-0.00973333333333326,-0.003449999999999953,0.003449999999999953,-9.699999999995823e-05,9.699999999995823e-05,-1.939999999998887e-05,1.939999999998887e-05,-0.00014930441980404163,0.00014930441980404163,0.20692287777777807,-0.20692287777777807,-0.010264814814814838,-0.016561904761904778,-0.008690740740740721
Vietnam,0.3602441820588031,13.81721764974851,0.6241000000000001,-0.07528271604938253,0.5047333333333334,0.09510370370370369,0.51425,0.07258333333333333,0.22624500000000003,-0.007798209876543144,0.045249000000000004,-0.001559641975308633,0.3482410150368671,-0.01200316702193599,11.205160700000002,-2.612056949748508,-0.12995061728395052,0.2177777777777778,0.35123456790123464,0.034222222222222265,0.02416666666666656,-0.12099176954732505,0.14639060356652947,0.35154056437389775,0.17240000979815792,0.6335933333333333,-0.06578938271604928,0.5014666666666666,0.09183703703703694,0.54125,0.09958333333333336,0.2308436666666667,-0.0031995432098764764,0.04616873333333334,-0.0006399086419753008,0.35531937852696066,-0.004924803531842437,11.508326262222226,-2.308891387526284,-0.10452839506172829,0.2737777777777778,0.34479012345679005,0.03866666666666668,0.05816666666666659,-0.11476954732510292,0.15578319615912203,0.358136860670194,0.1781698510679992,0.009493333333333243,-0.009493333333333243,-0.003266666666666751,-0.003266666666666751,0.027000000000000024,0.027000000000000024,0.004598666666666668,-0.004598666666666668,0.0009197333333333321,-0.0009197333333333321,0.007078363490093553,-0.007078363490093553,0.30316556222222424,-0.30316556222222424,0.009392592592592564,0.006596296296296267,0.005769841269841286
Zimbabwe,0.3419869474189125,11.089076683521128,0.5712666666666667,-0.13050802469135803,0.5212,0.020299099099099105,0.39185,0.07358076923076923,0.20343833333333336,-0.01874352801519466,0.04068766666666667,-0.0037487056030389362,0.31313651880664106,-0.02885042861227144,9.740627400000001,-1.348449283521127,-0.2500555555555556,0.1119999999999998,0.1327267267267267,0.06506306306306303,0.1332692307692308,-0.18497119341563784,0.14634762825503564,0.43417837709504375,0.18317445508186245,0.5775,-0.12427469135802471,0.4897333333333333,-0.011167567567567593,0.39814999999999995,0.0798807692307692,0.205315,-0.016866861348528023,0.041063,-0.0033733722697056046,0.31602512321728377,-0.025961824201628736,10.476540066666667,-0.6125366168544613,-0.2219444444444445,0.1099999999999999,0.05761561561561551,0.09484084084084082,0.15626923076923072,-0.19230452674897114,0.1388291097365171,0.4143540527707194,0.17480408471149209,0.006233333333333313,-0.006233333333333313,-0.0314666666666667,-0.009131531531531512,0.006299999999999972,0.006299999999999972,0.0018766666666666376,-0.0018766666666666376,0.0003753333333333317,-0.0003753333333333317,0.0028886044106427033,-0.0028886044106427033,0.7359126666666658,-0.7359126666666658,-0.0075185185185185355,-0.01982432432432435,-0.008370370370370361
