aid_capacity,growth_floor,exposure_cap,feasible_policy_count,max_launch_nu,min_launch_nu,menu_policy_count
0,0.080000000000000002,0.45000000000000001,0,,,58
0.20000000000000001,0.080000000000000002,0.45000000000000001,0,,,568
0.40000000000000002,0.080000000000000002,0.45000000000000001,0,,,958
0.59999999999999998,0.080000000000000002,0.45000000000000001,34,0.99999999999999989,0.79999999999999993,1228
0.80000000000000004,0.080000000000000002,0.45000000000000001,40,0.99999999999999989,0.79999999999999993,1378
0,0.10000000000000001,0.45000000000000001,0,,,58
0.20000000000000001,0.10000000000000001,0.45000000000000001,0,,,568
0.40000000000000002,0.10000000000000001,0.45000000000000001,0,,,958
0.59999999999999998,0.10000000000000001,0.45000000000000001,0,,,1228
0.80000000000000004,0.10000000000000001,0.45000000000000001,0,,,1378
0,0.12,0.45000000000000001,0,,,58
0.20000000000000001,0.12,0.45000000000000001,0,,,568
0.40000000000000002,0.12,0.45000000000000001,0,,,958
0.59999999999999998,0.12,0.45000000000000001,0,,,1228
0.80000000000000004,0.12,0.45000000000000001,0,,,1378
0,0.080000000000000002,0.5,0,,,58
0.20000000000000001,0.080000000000000002,0.5,0,,,568
0.40000000000000002,0.080000000000000002,0.5,8,0.91999999999999982,0.79999999999999993,958
0.59999999999999998,0.080000000000000002,0.5,79,1.1599999999999997,0.79999999999999993,1228
0.80000000000000004,0.080000000000000002,0.5,85,1.1599999999999997,0.79999999999999993,1378
0,0.10000000000000001,0.5,0,,,58
0.20000000000000001,0.10000000000000001,0.5,0,,,568
0.40000000000000002,0.10000000000000001,0.5,0,,,958
0.59999999999999998,0.10000000000000001,0.5,13,1.1599999999999997,1.0399999999999998,1228
0.80000000000000004,0.10000000000000001,0.5,13,1.1599999999999997,1.0399999999999998,1378
0,0.12,0.5,0,,,58
0.20000000000000001,0.12,0.5,0,,,568
0.40000000000000002,0.12,0.5,0,,,958
0.59999999999999998,0.12,0.5,0,,,1228
0.80000000000000004,0.12,0.5,0,,,1378
0,0.080000000000000002,0.55000000000000004,0,,,58
0.20000000000000001,0.080000000000000002,0.55000000000000004,0,,,568
0.40000000000000002,0.080000000000000002,0.55000000000000004,44,1.1999999999999997,0.79999999999999993,958
0.59999999999999998,0.080000000000000002,0.55000000000000004,138,1.2399999999999998,0.79999999999999993,1228
0.80000000000000004,0.080000000000000002,0.55000000000000004,144,1.2399999999999998,0.79999999999999993,1378
0,0.10000000000000001,0.55000000000000004,0,,,58
0.20000000000000001,0.10000000000000001,0.55000000000000004,0,,,568
0.40000000000000002,0.10000000000000001,0.55000000000000004,12,1.1999999999999997,1.0399999999999998,958
0.59999999999999998,0.10000000000000001,0.55000000000000004,47,1.2399999999999998,1.0399999999999998,1228
0.80000000000000004,0.10000000000000001,0.55000000000000004,47,1.2399999999999998,1.0399999999999998,1378
0,0.12,0.55000000000000004,0,,,58
0.20000000000000001,0.12,0.55000000000000004,0,,,568
0.40000000000000002,0.12,0.55000000000000004,0,,,958
0.59999999999999998,0.12,0.55000000000000004,0,,,1228
0.80000000000000004,0.12,0.55000000000000004,0,,,1378
0,0.080000000000000002,0.59999999999999998,0,,,58
0.20000000000000001,0.080000000000000002,0.59999999999999998,1,0.83999999999999986,0.83999999999999986,568
0.40000000000000002,0.080000000000000002,0.59999999999999998,85,1.1999999999999997,0.79999999999999993,958
0.59999999999999998,0.080000000000000002,0.59999999999999998,179,1.2399999999999998,0.79999999999999993,1228
0.80000000000000004,0.080000000000000002,0.59999999999999998,185,1.2399999999999998,0.79999999999999993,1378
0,0.10000000000000001,0.59999999999999998,0,,,58
0.20000000000000001,0.10000000000000001,0.59999999999999998,0,,,568
0.40000000000000002,0.10000000000000001,0.59999999999999998,29,1.1999999999999997,1.0399999999999998,958
0.59999999999999998,0.10000000000000001,0.59999999999999998,64,1.2399999999999998,1.0399999999999998,1228
0.80000000000000004,0.10000000000000001,0.59999999999999998,64,1.2399999999999998,1.0399999999999998,1378
0,0.12,0.59999999999999998,0,,,58
0.20000000000000001,0.12,0.59999999999999998,0,,,568
0.40000000000000002,0.12,0.59999999999999998,0,,,958
0.59999999999999998,0.12,0.59999999999999998,0,,,1228
0.80000000000000004,0.12,0.59999999999999998,0,,,1378
