aid,actual_fold,perceived_fold,budget_capacity
0,0.95616191554100816,1.1426647470246303,2.3999999999999999
0.0050000000000000001,0.96048763877772092,1.146910882638748,2.3879999999999999
0.01,0.96477351409787082,1.1511233664400404,2.3759999999999999
0.014999999999999999,0.96902098251890612,1.1553032635079448,2.3639999999999999
0.02,0.97323140998562263,1.1594515906322496,2.3519999999999999
0.025000000000000001,0.97740609253562805,1.1635693191977146,2.3399999999999999
0.029999999999999999,0.98154626102240694,1.1676573778542254,2.3279999999999998
0.035000000000000003,0.9856530854412261,1.171716654991561,2.3159999999999998
0.040000000000000001,0.98972767889774027,1.1757480010357864,2.3039999999999998
0.044999999999999998,0.99377110125454104,1.179752230582829,2.2919999999999998
0.050000000000000003,0.99778436248685598,1.1837301243827727,2.2799999999999998
0.055,1.0017684257751056,1.1876824311875305,2.2679999999999998
0.059999999999999998,1.0057242103589592,1.1916098694731336,2.2559999999999998
0.065000000000000002,1.0096525941748673,1.1955131290467484,2.2440000000000002
0.070000000000000007,1.0135544162966863,1.1993928725476359,2.2319999999999998
0.074999999999999997,1.0174304791969626,1.2032497368504955,2.2200000000000002
0.080000000000000002,1.0212815508446202,1.2070843343787141,2.2080000000000002
0.085000000000000006,1.0251083666531871,1.2108972543344594,2.1960000000000002
0.089999999999999997,1.0289116312922908,1.2146890638519134,2.1840000000000002
0.095000000000000001,1.0326920203738865,1.218460309079368,2.1720000000000002
0.10000000000000001,1.0364501820235663,1.2222115161954623,2.1600000000000001
0.105,1.0401867383463084,1.2259431923643103,2.1480000000000001
0.11,1.0439022867951426,1.2296558266339432,2.1360000000000001
0.115,1.0475974014504101,1.2333498907820608,2.1240000000000001
0.12,1.0512726342166019,1.2370258401128165,2.1120000000000001
0.125,1.0549285159431134,1.240684114207989,2.1000000000000001
0.13,1.0585655574747037,1.2443251376356863,2.0880000000000001
0.13500000000000001,1.062184250636915,1.247949320619433,2.0760000000000001
0.14000000000000001,1.0657850691612756,1.2515570596703032,2.0640000000000001
0.14499999999999999,1.0693684695546741,1.2551487381845228,2.052
0.14999999999999999,1.072934891916931,1.2587247270088016,2.04
0.155,1.0764847607102577,1.2622853849754758,2.028
0.16,1.0800184854839823,1.2658310594093876,2.016
0.16500000000000001,1.0835364615576477,1.2693620866082769,2.004
0.17000000000000001,1.0870390706653414,1.2728787922983529,1.9919999999999998
0.17500000000000002,1.0905266815638797,1.2763814920665577,1.9799999999999998
0.17999999999999999,1.0939996506072711,1.2798704917709651,1.968
0.185,1.097458322289693,1.2833460879306196,1.9559999999999997
0.19,1.1009030297589977,1.2868085680960533,1.944
0.19500000000000001,1.1043340953029199,1.2902582112016223,1.9319999999999997
0.20000000000000001,1.1077518308089704,1.2936952879007253,1.9199999999999999
0.20500000000000002,1.1111565382009265,1.2971200608849005,1.9079999999999997
0.20999999999999999,1.1145485098521535,1.3005327851877224,1.8959999999999999
0.215,1.1179280289779241,1.3039337084743639,1.8839999999999999
0.22,1.1212953700077755,1.3073230713176307,1.8719999999999999
0.22500000000000001,1.124650798939157,1.3107011074612231,1.8599999999999999
0.23000000000000001,1.1279945736734798,1.3140680440709274,1.8479999999999999
0.23500000000000001,1.131326944335622,1.317424101974398,1.8359999999999999
0.23999999999999999,1.1346481535778548,1.3207694958901504,1.8239999999999998
0.245,1.1379584368690987,1.3241044346463391,1.8119999999999998
0.25,1.1412580227703562,1.3274291213898726,1.7999999999999998
0.255,1.1445471331971011,1.3307437537863609,1.788
0.26000000000000001,1.1478259836693721,1.3340485242113902,1.776
0.26500000000000001,1.1510947835502476,1.3373436199335578,1.764
0.27000000000000002,1.1543537362733516,1.3406292232897041,1.752
0.27500000000000002,1.157603039559989,1.3439055118527288,1.74
0.28000000000000003,1.1608428856264743,1.347172658592368,1.728
0.28500000000000003,1.1640734613821835,1.350430832029285,1.716
0.28999999999999998,1.1672949486188215,1.3536801963828062,1.704
0.29499999999999998,1.1705075241913687,1.3569209117126118,1.6920000000000002
0.29999999999999999,1.1737113601911462,1.3601531340546791,1.6799999999999999
0.30499999999999999,1.176906624111405,1.3633770155517524,1.6680000000000001
0.31,1.1800934790058251,1.3665927045786075,1.6559999999999999
0.315,1.1832720836402875,1.3698003458623522,1.6440000000000001
0.32000000000000001,1.1864425926382554,1.3730000805979978,1.6319999999999999
0.32500000000000001,1.1896051566200909,1.3761920465595314,1.6200000000000001
0.33000000000000002,1.1927599223366001,1.3793763782066815,1.6079999999999999
0.33500000000000002,1.1959070327971004,1.3825532067875919,1.5960000000000001
0.34000000000000002,1.1990466273922717,1.3857226604375807,1.5839999999999999
0.34500000000000003,1.2021788420120445,1.3888848642741622,1.5720000000000001
0.35000000000000003,1.2053038091587673,1.3920399404885113,1.5599999999999998
0.35499999999999998,1.2084216580558691,1.3951880084335111,1.548
0.35999999999999999,1.2115325147522467,1.3983291847085453,1.536
0.36499999999999999,1.2146365022225676,1.4014635832411833,1.524
0.37,1.2177337404636603,1.404591315365884,1.512
0.375,1.220824346587212,1.4077124898998512,1.5
0.38,1.2239084349089131,1.4108272132161672,1.488
0.38500000000000001,1.2269861170342171,1.4139355893143111,1.476
0.39000000000000001,1.2300575019408726,1.4170377198881867,1.464
0.39500000000000002,1.2331226960583705,1.4201337043917497,1.452
0.40000000000000002,1.2361818033444381,1.423223640102345,1.4399999999999999
0.40500000000000003,1.23923492535872,1.4263076221818483,1.4279999999999999
0.41000000000000003,1.2422821613337616,1.4293857437356954,1.4159999999999999
0.41500000000000004,1.245323608243412,1.4324580958698956,1.4039999999999999
0.41999999999999998,1.2483593608687653,1.4355247677461025,1.3920000000000001
0.42499999999999999,1.2513895118617373,1.4385858466348262,1.3799999999999999
0.42999999999999999,1.2544141518063827,1.4416414179668604,1.3680000000000001
0.435,1.2574333692780464,1.4446915653829913,1.3559999999999999
0.44,1.2604472509004419,1.4477363707820647,1.3440000000000001
0.44500000000000001,1.2634558814007402,1.4507759143674692,1.3319999999999999
0.45000000000000001,1.2664593436627545,1.4538102746920958,1.3200000000000001
0.45500000000000002,1.2694577187782954,1.4568395287018423,1.3079999999999998
0.46000000000000002,1.2724510860967762,1.4598637517777093,1.296
0.46500000000000002,1.2754395232731313,1.4628830177765453,1.2839999999999998
0.47000000000000003,1.2784231063141271,1.4658973990704953,1.272
0.47500000000000003,1.2814019096231182,1.4689069665851942,1.2599999999999998
0.47999999999999998,1.2843760060433151,1.4719117898367611,1.248
0.48499999999999999,1.2873454668996283,1.4749119369676356,1.236
0.48999999999999999,1.2903103620391301,1.4779074747812939,1.224
0.495,1.2932707598702058,1.4808984687758979,1.212
0.5,1.2962267274004282,1.4838849831769034,1.2
0.505,1.2991783302732169,1.4868670809686744,1.1879999999999999
0.51000000000000001,1.3021256328033233,1.4898448239251374,1.1759999999999999
0.51500000000000001,1.3050686980111836,1.4928182726395067,1.1639999999999999
0.52000000000000002,1.3080075876561899,1.49578748655312,1.1519999999999999
0.52500000000000002,1.310942362268912,1.4987525239834096,1.1399999999999999
0.53000000000000003,1.3138730811823158,1.5017134421510456,1.1279999999999999
0.53500000000000003,1.3167998025620096,1.5046702972062773,1.1159999999999999
0.54000000000000004,1.3197225834355564,1.5076231442544989,1.1039999999999999
0.54500000000000004,1.3226414797208901,1.51057203738107,1.0919999999999999
0.55000000000000004,1.3255565462538617,1.5135170296754192,1.0799999999999998
0.55500000000000005,1.3284678368149505,1.5164581732544447,1.0679999999999998
0.56000000000000005,1.3313754041551709,1.5193955192852484,1.0559999999999998
0.56500000000000006,1.3342793000212012,1.5223291180072196,1.0439999999999998
0.57000000000000006,1.337179575179765,1.5252590187534891,1.0319999999999998
0.57500000000000007,1.3400762794412868,1.5281852699717808,1.0199999999999998
0.57999999999999996,1.3429694616828545,1.5311079192446755,1.008
0.58499999999999996,1.3458591698705049,1.5340270133093061,0.996
0.58999999999999997,1.348745451080863,1.5369425980765121,0.98399999999999999
0.59499999999999997,1.3516283515221501,1.539854718649456,0.97199999999999998
0.59999999999999998,1.3545079165545926,1.5427634193417339,0.95999999999999996
0.60499999999999998,1.3573841907102357,1.545668743694987,0.94799999999999995
0.60999999999999999,1.3602572177122045,1.5485707344960358,0.93599999999999994
0.61499999999999999,1.3631270404934082,1.5514694337935488,0.92399999999999993
0.62,1.3659937012147223,1.554364882914262,0.91199999999999992
0.625,1.3688572412826592,1.5572571224787655,0.89999999999999991
0.63,1.3717177013665449,1.5601461924168654,0.88800000000000001
0.63500000000000001,1.3745751214152209,1.5630321319825426,0.876
0.64000000000000001,1.3774295406732822,1.5659149797685135,0.86399999999999999
0.64500000000000002,1.3802809976968697,1.5687947737204075,0.85199999999999998
0.65000000000000002,1.3831295303690341,1.5716715511505759,0.83999999999999997
0.65500000000000003,1.3859751759146763,1.5745453487515426,0.82799999999999996
0.66000000000000003,1.3888179709150894,1.5774162026091008,0.81599999999999995
0.66500000000000004,1.3916579513221048,1.5802841482150805,0.80399999999999994
0.67000000000000004,1.3944951524718621,1.583149220479781,0.79199999999999993
0.67500000000000004,1.3973296090982108,1.586011453744091,0.77999999999999992
0.68000000000000005,1.4001613553457575,1.5888708817913,0.7679999999999999
0.68500000000000005,1.4029904247825682,1.591727537858608,0.75599999999999989
0.69000000000000006,1.4058168504125366,1.5945814546483521,0.74399999999999988
0.69500000000000006,1.4086406646874323,1.5974326643389447,0.73199999999999987
0.70000000000000007,1.4114618995186294,1.6002811985955439,0.71999999999999986
0.70499999999999996,1.4142805862885413,1.6031270885804587,0.70800000000000007
0.70999999999999996,1.4170967558617498,1.6059703649632959,0.69600000000000006
0.71499999999999997,1.4199104385958599,1.6088110579308572,0.68400000000000005
0.71999999999999997,1.422721664352069,1.6116491971967979,0.67200000000000004
