family,shape,policy,aid,nu,growth,mean_burden,worst_burden,burden_gap,peak_worst,adoption_final,group_A_burden,group_B_burden,mass_error,minimum_probability,culture_final,budget_used
C0,linear,Reference advice,0.49375703110054087,1.214983125358702,0.11347097600542001,0.41185146135778283,0.50836829523830807,0.19303366776105041,0.51358011480854759,0.8222529847945077,0.50836829523830807,0.31533462747725766,4.4408920985006262e-16,0.011785544150337095,0,1
C0,linear,Overoptimistic advice,0.43432388914797559,1.3576226660448585,0.025242920613954081,0.13467458181730507,0.17737308449777431,0.085397005360938472,0.54951070347182573,0.091790235093609299,0.17737308449777431,0.091976079136835837,4.4408920985006262e-16,0.011785544150337095,0,1
C0,linear,More adjustment,0.56000000000000005,1.056,0.10357625365172818,0.36996312775721552,0.45967955678733252,0.17943285806023396,0.46374851628737757,0.86479636548396877,0.45967955678733252,0.28024669872709856,4.4408920985006262e-16,0.011785544150337095,0,1
C0,saturating,Reference advice,0.49375703110054087,1.214983125358702,0.11347097600542001,0.41185146135778283,0.50836829523830807,0.19303366776105041,0.51358011480854759,0.8222529847945077,0.50836829523830807,0.31533462747725766,4.4408920985006262e-16,0.011785544150337095,0,1
C0,saturating,Overoptimistic advice,0.43432388914797559,1.3576226660448585,0.025242920613954081,0.13467458181730507,0.17737308449777431,0.085397005360938472,0.54951070347182573,0.091790235093609299,0.17737308449777431,0.091976079136835837,4.4408920985006262e-16,0.011785544150337095,0,1
C0,saturating,More adjustment,0.56000000000000005,1.056,0.10357625365172818,0.36996312775721552,0.45967955678733252,0.17943285806023396,0.46374851628737757,0.86479636548396877,0.45967955678733252,0.28024669872709856,4.4408920985006262e-16,0.011785544150337095,0,1
C0,spline,Reference advice,0.49375703110054087,1.214983125358702,0.11347097600542001,0.41185146135778283,0.50836829523830807,0.19303366776105041,0.51358011480854759,0.8222529847945077,0.50836829523830807,0.31533462747725766,4.4408920985006262e-16,0.011785544150337095,0,1
C0,spline,Overoptimistic advice,0.43432388914797559,1.3576226660448585,0.025242920613954081,0.13467458181730507,0.17737308449777431,0.085397005360938472,0.54951070347182573,0.091790235093609299,0.17737308449777431,0.091976079136835837,4.4408920985006262e-16,0.011785544150337095,0,1
C0,spline,More adjustment,0.56000000000000005,1.056,0.10357625365172818,0.36996312775721552,0.45967955678733252,0.17943285806023396,0.46374851628737757,0.86479636548396877,0.45967955678733252,0.28024669872709856,4.4408920985006262e-16,0.011785544150337095,0,1
C1,linear,Reference advice,0.49375703110054087,1.214983125358702,0.11184995247672444,0.40855476518003797,0.50482639125973405,0.19254325215939216,0.51323914860975783,0.80282412379798629,0.50482639125973405,0.31228313910034189,4.4408920985006262e-16,0.0088176379338206282,-0.041741642035059937,1
C1,linear,Overoptimistic advice,0.43432388914797559,1.3576226660448585,0.024706274458602039,0.13229837247436024,0.17435145459564413,0.084106164242567796,0.5492030636130566,0.089529508768485977,0.17435145459564413,0.090245290353076338,5.5511151231257827e-16,0.008817637933820623,-0.041741642035059867,1
C1,linear,More adjustment,0.56000000000000005,1.056,0.10307572807933352,0.36888962917048418,0.45849455128401789,0.17920984422706743,0.46342696364407526,0.8583094584061699,0.45849455128401789,0.27928470705695047,5.5511151231257827e-16,0.0088176379338206282,-0.041741642035059832,1
C1,saturating,Reference advice,0.49375703110054087,1.214983125358702,0.11169492208270704,0.40823740917937801,0.50448475237990287,0.19249468640104966,0.51321373364020806,0.80079784748032767,0.50448475237990287,0.3119900659788532,5.5511151231257827e-16,0.0088176379338206212,-0.044969650092831263,1
C1,saturating,Overoptimistic advice,0.43432388914797559,1.3576226660448585,0.02466664430823113,0.1321217717882866,0.17412656798436574,0.084009592392158244,0.54917913870633084,0.089359608362419837,0.17412656798436574,0.090116975592207493,6.6613381477509392e-16,0.0088176379338206247,-0.044969650092831277,1
C1,saturating,More adjustment,0.56000000000000005,1.056,0.10303476034242709,0.36880158448709699,0.4583973091582445,0.17919144934229497,0.46340461418493117,0.85776915023616274,0.4583973091582445,0.27920585981594953,6.6613381477509392e-16,0.0088176379338206212,-0.04496965009283127,1
C1,spline,Reference advice,0.49375703110054087,1.214983125358702,0.11177057156742756,0.40839231162145329,0.50465152326147422,0.19251842328004193,0.51322601482700658,0.8017915036171589,0.50465152326147422,0.31213309998143229,4.4408920985006262e-16,0.008817637933820623,-0.043410297559658209,1
C1,spline,Overoptimistic advice,0.43432388914797559,1.3576226660448585,0.024685757061749723,0.1322069616603008,0.17423505578100687,0.084056188241412158,0.54919069851780522,0.089441596516830202,0.17423505578100687,0.090178867539594712,5.5511151231257827e-16,0.0088176379338206247,-0.043410297559658265,1
C1,spline,More adjustment,0.56000000000000005,1.056,0.10305459445882574,0.36884421383693022,0.45844439270759424,0.17920035774132798,0.4634154146224449,0.85803091981508062,0.45844439270759424,0.27924403496626626,5.5511151231257827e-16,0.0088176379338206264,-0.043410297559658299,1
C2,linear,Reference advice,0.49375703110054087,1.214983125358702,0.11099678325427627,0.4067994619581129,0.50293568867992855,0.19227245344363136,0.51317010746108593,0.79253254448424182,0.50293568867992855,0.31066323523629719,6.6613381477509392e-16,0.01151485317157503,-0.056030953208007266,1
C2,linear,Overoptimistic advice,0.43432388914797559,1.3576226660448585,0.024711684806660805,0.13250761276533021,0.174669520207798,0.084323814884935552,0.54914902921438002,0.09100436091457717,0.174669520207798,0.090345705322862443,5.5511151231257827e-16,0.004483032816177822,-0.014185478943330228,1
C2,linear,More adjustment,0.56000000000000005,1.056,0.10285651923718651,0.36841834455151157,0.4579739198878558,0.17911115067268851,0.46336499269439752,0.85535679047938051,0.4579739198878558,0.27886276921516728,6.6613381477509392e-16,0.010091161878589019,-0.058910988353230456,1
C2,saturating,Reference advice,0.49375703110054087,1.214983125358702,0.11012912043939486,0.40500997610883227,0.50100266250259129,0.19198537278751804,0.51311518273657275,0.77823904360471097,0.50100266250259129,0.30901728971507325,7.7715611723760958e-16,0.011514845119642833,-0.069403882028152591,1
C2,saturating,Overoptimistic advice,0.43432388914797559,1.3576226660448585,0.024654610084010719,0.13231013888444887,0.17443359359892022,0.084246909428942723,0.54910153782985294,0.091087892360017922,0.17443359359892022,0.090186684169977493,5.5511151231257827e-16,0.0044828095833391035,-0.012656719580241421,1
C2,saturating,More adjustment,0.56000000000000005,1.056,0.1027155906983744,0.36811528514317238,0.45763896379954666,0.17904735731274862,0.46332009883220499,0.85331251599253133,0.45763896379954666,0.27859160648679804,5.5511151231257827e-16,0.010075507593873972,-0.070220773952236137,1
C2,spline,Reference advice,0.49375703110054087,1.214983125358702,0.11058109570221065,0.40594311176955755,0.50201132331904474,0.19213642309897444,0.51314169922395847,0.78607124767734193,0.50201132331904474,0.3098749002200703,6.6613381477509392e-16,0.011514849011476994,-0.062947816971639758,1
C2,spline,Overoptimistic advice,0.43432388914797559,1.3576226660448585,0.02468199168340985,0.13240495413925346,0.17454689932254858,0.084283890366590244,0.54912445649374131,0.091048368194337564,0.17454689932254858,0.090263008955958332,5.5511151231257827e-16,0.0044829189936973664,-0.013379660109731857,1
C2,spline,More adjustment,0.56000000000000005,1.056,0.10278445188583604,0.36826340616175923,0.45780268753485592,0.17907856274619333,0.46334178492288625,0.85431523424912337,0.45780268753485592,0.2787241247886626,6.6613381477509392e-16,0.010083163935513336,-0.06473391463964695,1
C3,linear,Reference advice,0.49375703110054087,1.214983125358702,0.11098785928810269,0.40678620984307667,0.50292070236626585,0.19226898504637829,0.51317080717757091,0.79075454211854423,0.50292070236626585,0.31065171731988755,5.5511151231257827e-16,0.011560712517951113,-0.058409079657274529,1
C3,linear,Overoptimistic advice,0.43432388914797559,1.3576226660448585,0.02472910729534615,0.13260347185059265,0.17479669865080208,0.08438645360041884,0.54914934192260112,0.091247026553068669,0.17479669865080208,0.090410245050383239,4.4408920985006262e-16,0.0077001582720767087,-0.0097429280451349042,1
C3,linear,More adjustment,0.56000000000000005,1.056,0.10287762260577477,0.36846404754152395,0.45802439431362391,0.17912069354419985,0.46336625136220955,0.85554513715719593,0.45802439431362391,0.27890370076942406,5.5511151231257827e-16,0.011480457794245728,-0.057886104048918849,1
C3,saturating,Reference advice,0.49375703110054087,1.214983125358702,0.11013123207576755,0.40502194531475666,0.50101447054585124,0.19198505046218911,0.51311596808528592,0.77571080883743393,0.50101447054585124,0.30902942008366213,5.5511151231257827e-16,0.011560711970099733,-0.071615532487589173,1
C3,saturating,Overoptimistic advice,0.43432388914797559,1.3576226660448585,0.024673799092940821,0.13241573734494916,0.1745736919601128,0.084315909230327266,0.54910188696689599,0.091353746487666213,0.1745736919601128,0.090257782729785532,5.5511151231257827e-16,0.0076999681800666176,-0.007800834430858869,1
C3,saturating,More adjustment,0.56000000000000005,1.056,0.10274225951347189,0.36817303250699762,0.45770276653312664,0.17905946805225803,0.46332151544211692,0.85357854431211144,0.45770276653312664,0.27864329848086861,4.4408920985006262e-16,0.011480454769950296,-0.068824155507942256,1
C3,spline,Reference advice,0.49375703110054087,1.214983125358702,0.11057683621114585,0.40594045464347506,0.50200758045227489,0.19213425161759973,0.51314244219554983,0.7839855340014984,0.50200758045227489,0.30987332883467517,5.5511151231257827e-16,0.011560712236679259,-0.065263391345149441,1
C3,spline,Overoptimistic advice,0.43432388914797559,1.3576226660448585,0.024700320022901699,0.13250580751212884,0.17468070317370807,0.084349791323158466,0.54912478761476768,0.091302969808284618,0.17468070317370807,0.090330911850549603,5.5511151231257827e-16,0.0077000627284836524,-0.0087242168126893151,1
C3,spline,More adjustment,0.56000000000000005,1.056,0.10280829170704012,0.36831503021619566,0.45785971337059589,0.17908936630880046,0.46334312333721267,0.85454117888582415,0.45785971337059589,0.27877034706179543,6.6613381477509392e-16,0.011480456235201169,-0.063526367647212797,1
C4,linear,Reference advice,0.49375703110054087,1.214983125358702,0.10291517357209687,0.38968807463646815,0.48346341278023264,0.18755067628752892,0.51333898585603666,0.096044073998744206,0.48346341278023264,0.29591273649270372,6.6613381477509392e-16,0.010421755947932607,-0.076773654734184196,1
C4,linear,Overoptimistic advice,0.43432388914797559,1.3576226660448585,0.024793750095195681,0.1326083359352685,0.17472885555323217,0.084241039235927351,0.54930124478591791,0.090827295906606542,0.17472885555323217,0.09048781631730482,5.5511151231257827e-16,0.0082401104255710681,-0.017297052843806872,1
C4,linear,More adjustment,0.56000000000000005,1.056,0.10257776429473324,0.36781511212780954,0.45730707800443554,0.178983931753252,0.46350246200622325,0.85212780181342918,0.45730707800443554,0.27832314625118354,6.6613381477509392e-16,0.010286731399284115,-0.076211100690643602,1
C4,saturating,Reference advice,0.49375703110054087,1.214983125358702,0.081279476221289296,0.31539711631464262,0.39351305026181838,0.15623186789435151,0.51335598064537924,0.097181253023539652,0.39351305026181838,0.23728118236746687,5.5511151231257827e-16,0.010421781973674694,-0.069347973940804344,1
C4,saturating,Overoptimistic advice,0.43432388914797559,1.3576226660448585,0.02480229166710168,0.1326333851585462,0.17475769509757208,0.084248619878051767,0.54932081249153397,0.090912846916243378,0.17475769509757208,0.090509075219520313,6.6613381477509392e-16,0.0082403170039794006,-0.015715481156498689,1
C4,saturating,More adjustment,0.56000000000000005,1.056,0.10245151509760272,0.36754339077792175,0.45700642845894751,0.17892607536205152,0.4635111646446593,0.85003824246150161,0.45700642845894751,0.27808035309689599,5.5511151231257827e-16,0.010286750011470291,-0.087005455427609707,1
C4,spline,Reference advice,0.49375703110054087,1.214983125358702,0.087337608600261268,0.33640689318564548,0.4189749335916465,0.16513608081200204,0.51334786627238405,0.096994561071230737,0.4189749335916465,0.25383885277964446,4.4408920985006262e-16,0.010421769556483272,-0.072408856671454719,1
C4,spline,Overoptimistic advice,0.43432388914797559,1.3576226660448585,0.024798261361067667,0.13262167020058868,0.1747442442432405,0.084245148085303659,0.5493114531596065,0.090871979772277192,0.1747442442432405,0.090499096157936845,5.5511151231257827e-16,0.0082402240086558269,-0.016470554485470572,1
C4,spline,More adjustment,0.56000000000000005,1.056,0.10251317587662021,0.36767613965297602,0.45715332262692882,0.17895436594790559,0.46350703137446203,0.8510619799276774,0.45715332262692882,0.27819895667902322,6.6613381477509392e-16,0.010286741132659436,-0.081776388641880887,1
