direction,shape,mean_item_TVD,projection,aid,nu,growth,mean_burden,worst_burden,burden_gap,peak_worst,adoption_final,group_A_burden,group_B_burden
Positive direction,linear,0.0041666666666666683,0.010000000000000005,0.49045517036879921,1.2229075911148819,0.11371916511758276,0.41347937397666878,0.51028709563243213,0.19361544331152664,0.51578986616400269,0.81855214166956058,0.51028709563243213,0.31667165232090549
Positive direction,saturating,0.0041666666666666683,0.010000000000000005,0.49045517036879921,1.2229075911148819,0.11371916511758276,0.41347937397666878,0.51028709563243213,0.19361544331152664,0.51578986616400269,0.81855214166956058,0.51028709563243213,0.31667165232090549
Positive direction,spline,0.0041666666666666683,0.010000000000000005,0.49045517036879921,1.2229075911148819,0.11371916511758276,0.41347937397666878,0.51028709563243213,0.19361544331152664,0.51578986616400269,0.81855214166956058,0.51028709563243213,0.31667165232090549
Negative direction,linear,0.0041666666666666692,-0.010000000000000007,0.49705888897791617,1.2070586664530012,0.11317792601279232,0.41013790474770029,0.50635743831138491,0.19243906712736919,0.51134313113016949,0.82565027745907393,0.50635743831138491,0.31391837118401572
Negative direction,saturating,0.0041666666666666692,-0.010000000000000007,0.49705888897791617,1.2070586664530012,0.11317792601279232,0.41013790474770029,0.50635743831138491,0.19243906712736919,0.51134313113016949,0.82565027745907393,0.50635743831138491,0.31391837118401572
Negative direction,spline,0.0041666666666666692,-0.010000000000000007,0.49705888897791617,1.2070586664530012,0.11317792601279232,0.41013790474770029,0.50635743831138491,0.19243906712736919,0.51134313113016949,0.82565027745907393,0.50635743831138491,0.31391837118401572
Zero projection,linear,0.0041666666666666666,-3.4694469519536142e-18,0.49375703110054087,1.214983125358702,0.1134709760054225,0.4118514613577931,0.50836829523832039,0.19303366776105457,0.51358011481376076,0.8222529847945077,0.50836829523832039,0.31533462747726582
Zero projection,saturating,0.0041666666666666666,-3.8163916471489759e-18,0.49375703110054087,1.214983125358702,0.1134709760054225,0.4118514613577931,0.50836829523832039,0.19303366776105457,0.51358011481376076,0.8222529847945077,0.50836829523832039,0.31533462747726582
Zero projection,spline,0.0041666666666666666,-3.4694469519536142e-18,0.49375703110054087,1.214983125358702,0.1134709760054225,0.4118514613577931,0.50836829523832039,0.19303366776105457,0.51358011481376076,0.8222529847945077,0.50836829523832039,0.31533462747726582
