assumed_error,system,aid,nu,growth,mean_burden,worst_burden,burden_gap,peak_worst,adoption_final,group_A_burden,group_B_burden
-0.20000000000000001,Fold example,0.5597925507270628,1.0564978782550491,0.10361478384401407,0.37010837792592483,0.45984851500638058,0.1794802741609115,0.4639187161510252,0.86470870920860743,0.45984851500638058,0.28036824084546907
-0.20000000000000001,No-fold control,0.5597925507270628,1.0564978782550491,0.055763099466998471,0.24431657799461781,0.31478670135976577,0.14094024673029595,0.35080477818451727,0.45827348253449279,0.31478670135976577,0.17384645462946982
-0.19750000000000001,Fold example,0.55896714081702858,1.0584788620391314,0.10376780804175965,0.37068576975292744,0.46052009313238595,0.17966864675891703,0.46459521192334291,0.86435833819960584,0.46052009313238595,0.28085144637346893
-0.19750000000000001,No-fold control,0.55896714081702858,1.0584788620391314,0.055742011942196544,0.2444478998104746,0.3149708522814037,0.14104590494185817,0.35127262027093786,0.45720617372672734,0.3149708522814037,0.17392494733954553
-0.19500000000000001,Fold example,0.55814172970471121,1.0604598487086931,0.10392037767266386,0.37126229635839947,0.46119057524499524,0.17985655777319159,0.46527057714079278,0.8640053814876032,0.46119057524499524,0.28133401747180364
-0.19500000000000001,No-fold control,0.55814172970471121,1.0604598487086931,0.055720638269135078,0.24457854035636478,0.31515424672048142,0.14115141272823326,0.35173986172498894,0.45614052599954169,0.31515424672048142,0.17400283399224817
-0.1925,Fold example,0.55731631740325627,1.0624408382321848,0.10407248662096581,0.37183794730978836,0.46185995097866073,0.18004400733774478,0.46594480812798333,0.86364980047828721,0.46185995097866073,0.28181594364091594
-0.1925,No-fold control,0.55731631740325627,1.0624408382321848,0.05569898301805009,0.24470851303475122,0.3153369010587283,0.14125677604795414,0.35220650343661808,0.45507656976240363,0.3153369010587283,0.17408012501077416
-0.19,Fold example,0.55649090392580502,1.0644218305780679,0.10422412863388321,0.37241271191864256,0.46252820970379815,0.18023099557031119,0.46661788298311901,0.86329155566126559,0.46252820970379815,0.28229721413348696
-0.19,No-fold control,0.55649090392580502,1.0644218305780679,0.055677050739784274,0.24483783121945285,0.31551883164240108,0.14136200084589648,0.35267254630480482,0.45401433501337013,0.31551883164240108,0.1741568307965046
-0.1875,Fold example,0.55566548928549298,1.0664028257148168,0.10437529731723888,0.37298657923216055,0.46319534051798233,0.18041752257164356,0.46728979017586364,0.86293060657977627,0.46319534051798233,0.28277781794633877
-0.1875,No-fold control,0.55566548928549298,1.0664028257148168,0.055654845964876118,0.24496650825293134,0.31570005477910407,0.14146709305234545,0.35313799123758816,0.45295385133502603,0.31570005477910407,0.17423296172675862
-0.185,Fold example,0.5548400734954515,1.0683838236109164,0.10452598613090446,0.37355953802438491,0.46386133223677289,0.18060358842477603,0.46796051787679493,0.86256691179910139,0.46386133223677289,0.28325774381199686
-0.185,No-fold control,0.5548400734954515,1.0683838236109164,0.055632373202668055,0.24509455744362918,0.31588058673466679,0.14157205858207525,0.35360283915209284,0.45189514789066676,0.31588058673466679,0.17430852815259154
-0.1825,Fold example,0.55401465656880633,1.0703648242348647,0.10467618838405356,0.37413157678702036,0.46452617338414909,0.18078919319425751,0.46863006958193265,0.86220042887362214,0.46452617338414909,0.28373698018989157
-0.1825,No-fold control,0.55401465656880633,1.0703648242348647,0.055609636940438946,0.24522199206335982,0.31606044373008779,0.14167690333345592,0.35406709097455275,0.45083825342072231,0.31606044373008779,0.17438354039663187
-0.18000000000000002,Fold example,0.55318923851867863,1.0723458275551712,0.10482589723021199,0.37470268371984639,0.46518985218250986,0.18097433692532694,0.46929843478775984,0.86183111431243975,0.46518985218250986,0.28421551525718292
-0.18000000000000002,No-fold control,0.55318923851867863,1.0723458275551712,0.055586641642557687,0.24534882534474972,0.31623964193853588,0.14178163318757234,0.3545307476403371,0.44978319623942326,0.31623964193853588,0.17445800875096354
-0.17750000000000002,Fold example,0.55236381935818446,1.0743268335403573,0.10497510566209825,0.37527284672072048,0.46585235654225415,0.1811590196430673,0.46996558442093722,0.86145892354348708,0.46585235654225415,0.28469333689918686
-0.17750000000000002,No-fold control,0.55236381935818446,1.0743268335403573,0.055563391749659123,0.24547507047873818,0.31641819748242095,0.14188625400736554,0.3549938100939754,0.44873000423170617,0.31641819748242095,0.17453194347505541
-0.17500000000000002,Fold example,0.5515383991004349,1.0763078421589563,0.10512380650623818,0.37584205337513604,0.466513674050891,0.18134324135150992,0.47063150541567511,0.86108381087604591,0.466513674050891,0.28517043269938108
-0.17500000000000002,No-fold control,0.5515383991004349,1.0763078421589563,0.055539891677842797,0.24560074061212361,0.31659612643051965,0.14199077163679211,0.35545627928918183,0.44767870485035793,0.31659612643051965,0.17460535479372755
-0.17250000000000001,Fold example,0.55071297775853623,1.078288853379513,0.10527199241734507,0.37641029094531309,0.46717379196165792,0.18152700203268962,0.47129618435593029,0.86070572946159007,0.46717379196165792,0.2856467899289683
-0.17250000000000001,No-fold control,0.55071297775853623,1.078288853379513,0.055516145817895525,0.24572584884517529,0.31677344479517677,0.14209519190000294,0.35591815618887829,0.44662932511339504,0.31677344479517677,0.17467825289517383
-0.17000000000000001,Fold example,0.54988755534558964,1.0802698671705848,0.1054196558724539,0.37697754635880498,0.4678326971816309,0.18171030164565177,0.47195963598956808,0.8603246312528523,0.4678326971816309,0.28612239553597912
-0.17000000000000001,No-fold control,0.54988755534558964,1.0802698671705848,0.055492158534535187,0.24585040822929383,0.3169501685295667,0.14219952060054578,0.35637944176521941,0.44558189160167694,0.3169501685295667,0.17475064792902092
-0.16750000000000001,Fold example,0.54906213187469155,1.0822508835007403,0.10556678916479087,0.37754380619657929,0.46849037625928486,0.18189314012541113,0.47262186080765933,0.85994046696102422,0.46849037625928486,0.28659723613387372
-0.16750000000000001,No-fold control,0.54906213187469155,1.0822508835007403,0.055467934165678502,0.24597443176473147,0.31712631352502207,0.14230376352058122,0.35684013699961475,0.44453643045675489,0.31712631352502207,0.17482255000444086
-0.16500000000000001,Fold example,0.54823670735893359,1.0842319023385594,0.1057133843973674,0.37810905668056016,0.46914681537148745,0.18207551738185462,0.47328280392741151,0.85955318601098063,0.46914681537148745,0.28707129798963282
-0.16500000000000001,No-fold control,0.54823670735893359,1.0842319023385594,0.055443477021732468,0.24609793239837036,0.31730189560843391,0.14240792642012715,0.35730024288275264,0.44349296737894545,0.31730189560843391,0.17489396918830677
-0.16250000000000001,Fold example,0.54741128181140231,1.0862129236526343,0.1058594334762863,0.37867328366059094,0.46980200030988689,0.18225743329859195,0.47394245054366257,0.8591627364944151,0.46980200030988689,0.28754456701129494
-0.16250000000000001,No-fold control,0.54741128181140231,1.0862129236526343,0.055418791384908662,0.24622092302155701,0.31747693053971482,0.14251201503631558,0.35775976041462154,0.44245152762563483,0.31747693053971482,0.17496491550339924
-0.16,Fold example,0.54658585524517933,1.0881939474115696,0.10600492810373481,0.37923647260078186,0.47045591646664481,0.1824388877317259,0.47460078544220746,0.858769065120769,0.47045591646664481,0.28801702873491891
-0.16,No-fold control,0.54658585524517933,1.0881939474115696,0.055393881508559346,0.24634341646799601,0.31765143400933493,0.14261603508267781,0.35821869060453471,0.44141213600980511,0.31765143400933493,0.17503539892665712
-0.1575,Fold example,0.54576042767334132,1.0901749735839807,0.10614985977065668,0.37979860856521963,0.47110854881951064,0.18261988050858197,0.47525779298508669,0.85837211716582551,0.47110854881951064,0.28848866831092868
-0.1575,No-fold control,0.54576042767334132,1.0901749735839807,0.055368751616539633,0.24646542551170358,0.31782542163592592,0.14271999224844467,0.35867703447114818,0.44037481689878366,0.31782542163592592,0.17510542938748125
-0.15500000000000003,Fold example,0.54493499910896048,1.0921560021384948,0.10629421974907621,0.38035967620299049,0.4717598819161678,0.18280041142635461,0.47591359359473029,0.85797183641782881,0.4717598819161678,0.28895947048981319
-0.15500000000000003,No-fold control,0.54493499910896048,1.0921560021384948,0.055343405902590369,0.24658696286501855,0.31799890896395533,0.14282389219787356,0.35913479304248591,0.43933959421320967,0.31799890896395533,0.17517501676608177
-0.15250000000000002,Fold example,0.54410956956510381,1.0941370330437508,0.10643799908406359,0.38091965973247865,0.47240989985781634,0.18298048025067537,0.47656805479080994,0.85756816512098688,0.47240989985781634,0.28942941960714097
-0.15250000000000002,No-fold control,0.54410956956510381,1.0941370330437508,0.055317848529746166,0.24670804117667225,0.31817191146146689,0.14292774056958929,0.35959196735595894,0.43830649142621519,0.31817191146146689,0.1752441708918776
-0.15000000000000002,Fold example,0.54328413905483375,1.0961180662683989,0.10658118858530802,0.38147854292490546,0.47305858628196884,0.18316008671412676,0.47722114522996856,0.85716104391619574,0.47305858628196884,0.28989849956784208
-0.15000000000000002,No-fold control,0.54328413905483375,1.0961180662683989,0.055292083629765232,0.24682867302992118,0.31834444451789873,0.14303154297595513,0.36004855845838601,0.43727553156281962,0.31834444451789873,0.17531290154194359
-0.14750000000000002,Fold example,0.5424587075912074,1.0980991017811021,0.10672377881828844,0.38203630908704456,0.4737059243443591,0.18333923051462903,0.47787284772035904,0.85675041177882028,0.4737059243443591,0.29036669382973007
-0.14750000000000002,No-fold control,0.5424587075912074,1.0980991017811021,0.055266115302582887,0.24694887094073398,0.31851652344196141,0.14313530500245486,0.36050456740601522,0.43624673719952889,0.31851652344196141,0.17538121843950655
-0.14500000000000002,Fold example,0.54163327518727766,1.1000801395505335,0.10686576009500734,0.38259294104309294,0.47435189669998851,0.18351791131379119,0.4785231445792329,0.85633620595335058,0.47435189669998851,0.29083398538619731
-0.14500000000000002,No-fold control,0.54163327518727766,1.1000801395505335,0.055239947615788425,0.24706864735604539,0.31868816345959883,0.14323903220710685,0.36095999526454248,0.43522013046414387,0.31868816345959883,0.17544913125249198
-0.14250000000000002,Fold example,0.54080784185609221,1.1020611795453787,0.10700712246426709,0.38314842111560643,0.47499648548316409,0.18369612873511537,0.47917201761475381,0.8559183618847388,0.47499648548316409,0.29130035674804872
-0.14250000000000002,No-fold control,0.54080784185609221,1.1020611795453787,0.055213584604123865,0.24718801465206108,0.31885937971200551,0.14334273011988885,0.36141484310913163,0.43419573303576364,0.31885937971200551,0.17551664959211666
-0.14000000000000001,Fold example,0.53998240761069394,1.1040422217343344,0.10714785570145842,0.3837027311054873,0.47563967228656057,0.18387388236214652,0.47981970299877397,0.85549681314621151,0.47563967228656057,0.29176578992441404
-0.14000000000000001,No-fold control,0.53998240761069394,1.1040422217343344,0.055187030269007294,0.24730698513262955,0.31903018725372745,0.14344640424219582,0.36186911202443317,0.43317356614499014,0.31903018725372745,0.17558378301153163
-0.13750000000000001,Fold example,0.53915697246412109,1.1060232660861093,0.10728794929783085,0.38425585227091996,0.4762814381391593,0.18405117173647867,0.48046600533736095,0.85507149136332972,0.4762814381391593,0.29223026640268063
-0.13750000000000001,No-fold control,0.53915697246412109,1.1060232660861093,0.05516028857807645,0.24742557102767088,0.31920060105082404,0.14355006004630633,0.36232280310460385,0.43215365057432309,0.31920060105082404,0.17565054100451771
-0.13500000000000001,Fold example,0.53833153642940712,1.1080043125694228,0.10742739244921262,0.38480776530521921,0.47692176348304904,0.18422799635565962,0.48111083907578389,0.85464232613406277,0.47692176348304904,0.29269376712738943
-0.13500000000000001,No-fold control,0.53833153642940712,1.1080043125694228,0.055133363464756641,0.24754378449166342,0.3193706359791042,0.14365370297488156,0.36277591745332333,0.43113600665874446,0.3193706359791042,0.17571693300422264
-0.13250000000000001,Fold example,0.5375060995195805,1.1099853611530068,0.10756617404414584,0.38535845031351174,0.47756062814900102,0.18440435567097857,0.48175418440460327,0.85420924494460893,0.47756062814900102,0.29315627247802245
-0.13250000000000001,No-fold control,0.5375060995195805,1.1099853611530068,0.055106258827850099,0.24766163760219084,0.31954030682242879,0.14375733844047589,0.36322845618381477,0.4301206542864861,0.31954030682242879,0.1757829683819529
-0.13,Fold example,0.53668066174766516,1.1119664118056036,0.10770428265139838,0.38590788678816668,0.47819801133072282,0.18458024908511234,0.48239602093481437,0.85377217308069264,0.47819801133072282,0.29361776224561048
-0.13,No-fold control,0.53668066174766516,1.1119664118056036,0.055078978531147516,0.24777914235854953,0.31970962827108773,0.14386097182507637,0.36368042041885834,0.42910761289997973,0.31970962827108773,0.17584865644601136
-0.1275,Fold example,0.53585522312667999,1.1139474644959679,0.10784170650681123,0.38645605358290558,0.47883389155771927,0.18475567594962744,0.48303632767598859,0.85333103353403117,0.47883389155771927,0.29407821560809183
-0.1275,No-fold control,0.53585522312667999,1.1139474644959679,0.055051526403061476,0.24789631068041243,0.31987861492024294,0.14396460847966103,0.36413181129081262,0.42809690149698043,0.31987861492024294,0.17591400644058192
-0.125,Fold example,0.53502978366963971,1.1159285191928647,0.10797843349943899,0.3870029288854957,0.47946824666667109,0.18493063556235084,0.48367508301339207,0.85288574690364882,0.47946824666667109,0.29453761110432025
-0.125,No-fold control,0.53502978366963971,1.1159285191928647,0.05502390623628188,0.2480131544065507,0.32004728126843601,0.14406825372377066,0.3645826299416276,0.42708853863186341,0.32004728126843601,0.17597902754466535
-0.12250000000000001,Fold example,0.53420434338955347,1.1179095758650717,0.10811445115693755,0.38754849018893667,0.48010105377121093,0.18510512716454852,0.48431285000824903,0.85243623129168988,0.48010105377121093,0.29499592660666241
-0.12250000000000001,No-fold control,0.53420434338955347,1.1179095758650717,0.054996121787451377,0.24812968529361706,0.3202156417161745,0.14417191284511488,0.36503287752286273,0.42608254241708637,0.3202156417161745,0.17604372887105962
-0.12000000000000001,Fold example,0.53337890229942642,1.1198906344813766,0.10824974663014096,0.3880927142610297,0.48073228923000971,0.18527914993796002,0.48494914356189894,0.85198240219334653,0.48073228923000971,0.29545313929204969
-0.12000000000000001,No-fold control,0.53337890229942642,1.1198906344813766,0.054968176776863643,0.24824591501498033,0.32038371056457299,0.14427559109918528,0.36548255519570255,0.4250789305248161,0.32038371056457299,0.17610811946538771
-0.11750000000000001,Fold example,0.53255346041225859,1.1218716950105794,0.10838430667678449,0.38863557711222779,0.48136192861304045,0.18545270300162531,0.48558384409515359,0.85152417238049705,0.48136192861304045,0.29590922561141514
-0.11750000000000001,No-fold control,0.53255346041225859,1.1218716950105794,0.054940074888181131,0.24836185515962345,0.32055150201407312,0.14437929370889935,0.36593166413097133,0.42407772018871065,0.32055150201407312,0.17617220830517377
-0.115,Fold example,0.53172801774104506,1.1238527574214918,0.10851811764430193,0.38917705396163971,0.48198994666590084,0.1856257854085222,0.48621692849551895,0.85106145177860493,0.48198994666590084,0.29636416125737863
-0.115,No-fold control,0.53172801774104506,1.1238527574214918,0.054911819768174372,0.24847751723109254,0.32071903016322256,0.14448302586426004,0.36638020550914857,0.42307892820585746,0.32071903016322256,0.17623600429896252
-0.1125,Fold example,0.53090257429877696,1.1258338216829353,0.10865116545163828,0.38971711920105484,0.48261631727204513,0.18579839614198057,0.48684837296102834,0.85059414733640093,0.48261631727204513,0.29681792113006455
-0.1125,No-fold control,0.53090257429877696,1.1258338216829353,0.054883415026479997,0.2485929126465036,0.32088630900751858,0.14458679272202996,0.36682818052038263,0.42208257093885937,0.32088630900751858,0.17629951628548862
-0.11000000000000001,Fold example,0.53007713009844015,1.1278148877637435,0.10878343557001169,0.39025574635686383,0.48324101341280407,0.18597053411188047,0.48747815297394265,0.85012216288782105,0.48324101341280407,0.2972704793009236
-0.11000000000000001,No-fold control,0.53007713009844015,1.1278148877637435,0.054854864235380996,0.24870805273560587,0.32105335243832556,0.14469059940543935,0.36727559036450586,0.42108866431806341,0.32105335243832556,0.1763627530328862
-0.10750000000000001,Fold example,0.5292516851530159,1.1297959556327617,0.10891491300253792,0.39079290804968714,0.48386400712497352,0.18614219815057276,0.48810624327322705,0.84964539900563496,0.48386400712497352,0.29772180897440076
-0.10750000000000001,No-fold control,0.5292516851530159,1.1297959556327617,0.05482617092960429,0.24882294873989813,0.32122017424184829,0.14479445100390029,0.3677224362510475,0.42009722384393178,0.32122017424184829,0.176425723237948
-0.10500000000000001,Fold example,0.52842623947548095,1.1317770252588457,0.10904558226264698,0.3913285759515891,0.48448526945587211,0.18631338700856603,0.48873261782572663,0.8491637528461442,0.48448526945587211,0.29817188244730608
-0.10500000000000001,No-fold control,0.52842623947548095,1.1317770252588457,0.054797338606138238,0.24893761181179755,0.32138678809816956,0.14489835257274403,0.36816871939924611,0.41910826458954564,0.32138678809816956,0.17648843552542554
-0.10250000000000001,Fold example,0.52760079307880703,1.1337580966108631,0.10917542735119075,0.39186272074065298,0.48510477041559597,0.18648409934988602,0.48935840941858805,0.8486771179842777,0.48510477041559597,0.29862067106570994
-0.10250000000000001,No-fold control,0.52760079307880703,1.1337580966108631,0.054768370724070509,0.24905205301386502,0.32155320758035721,0.1450023091329844,0.36861444103806357,0.41812180120324083,0.32155320758035721,0.17655089844737282
-0.10000000000000001,Fold example,0.52677534597596165,1.1357391696576919,0.10930443173215415,0.39239531205274936,0.48572247892632403,0.1866543337471494,0.48998275780808359,0.84818538423834833,0.48572247892632403,0.29906814517917463
-0.10000000000000001,No-fold control,0.52677534597596165,1.1357391696576919,0.054739270704442462,0.24916628331807972,0.32171944615362363,0.14510632567108786,0.3690596024061964,0.41713784791136777,0.32171944615362363,0.17661312048253577
-0.097500000000000003,Fold example,0.52594989817990734,1.1377202443682224,0.10943257830685534,0.39292631843026449,0.4863383627684103,0.18682408867629158,0.49060536304914165,0.84768843748367073,0.4863383627684103,0.29951427409211873
-0.097500000000000003,No-fold control,0.52594989817990734,1.1377202443682224,0.054710041930122404,0.24928031360516667,0.32188551717455222,0.14521040713877112,0.36950420475208728,0.41615641852117302,0.32188551717455222,0.1766751100357811
-0.095000000000000015,Fold example,0.52512444970360217,1.1397013207113547,0.10955984938652066,0.39345570726755708,0.48695238852301514,0.18699336251091608,0.49122619816690449,0.84718615945416231,0.48695238852301514,0.29995902601209906
-0.095000000000000015,No-fold control,0.52512444970360217,1.1397013207113547,0.054680687745697967,0.24939415466397596,0.32205143389038426,0.14531455845281657,0.36994824933393683,0.41517752642379852,0.32205143389038426,0.17673687543756769
-0.092500000000000013,Fold example,0.52429900055999967,1.1416823986560007,0.10968622666311084,0.39398344475288793,0.48756452151101648,0.18716215351625709,0.49184523537448327,0.846678427530969,0.48756452151101648,0.30040236799475939
-0.092500000000000013,No-fold control,0.52429900055999967,1.1416823986560007,0.054651211457383921,0.24950781719091081,0.32221720943836163,0.14541878449490162,0.37039173741971421,0.41420118459739014,0.32221720943836163,0.17679842494346001
-0.090000000000000011,Fold example,0.52347355076204805,1.1436634781710846,0.10981169117825475,0.39450949580654049,0.48817472572789816,0.1873304598427154,0.49246244604201167,0.84616511451706466,0.48817472572789816,0.30084426588518276
-0.090000000000000011,No-fold control,0.52347355076204805,1.1436634781710846,0.05462161633294893,0.24962131178940383,0.32238285684512774,0.14552309011144784,0.3708346702871676,0.41322740561031557,0.32238285684512774,0.1768597667336799
-0.087500000000000008,Fold example,0.52264810032269204,1.1456445592255391,0.10993622329013911,0.3950338240148103,0.48878296377426433,0.18749827951890807,0.49307780066427032,0.84564608839667421,0.48878296377426433,0.30128468425535626
-0.087500000000000008,No-fold control,0.52264810032269204,1.1456445592255391,0.054591905601657859,0.24973464896944433,0.32254838902618793,0.1456274801134872,0.37127704922383342,0.41225620162448479,0.32254838902618793,0.17692090891270074
-0.085000000000000006,Fold example,0.52182264925487087,1.1476256417883099,0.11005980263818953,0.39555639155954436,0.48938919678166093,0.18766561044423308,0.49369126882680525,0.84512121207824764,0.48938919678166093,0.30172358633742785
-0.085000000000000006,No-fold control,0.52182264925487087,1.1476256417883099,0.054562082454231234,0.2498478391471515,0.32271381878542493,0.14573195927654686,0.37171887552704586,0.41128758439876745,0.32271381878542493,0.17698185950887807
-0.082500000000000004,Fold example,0.52099719757151941,1.1496067258283533,0.11018240810535603,0.39607715914283886,0.48999338433326922,0.18783245038086072,0.49430281917045377,0.84459034311960079,0.48999338433326922,0.30216093395240851
-0.082500000000000004,No-fold control,0.52099719757151941,1.1496067258283533,0.054532150042819826,0.24996089264439489,0.32287915881466989,0.14583653234055,0.37216015050394646,0.4103215652925048,0.32287915881466989,0.17704262647411989
-0.080000000000000016,Fold example,0.5201717452855682,1.1515878113146363,0.11030401777780377,0.3965960859064892,0.49059548437905665,0.18799879694513488,0.49491312654139025,0.84405333343368127,0.49059548437905665,0.30259668743392176
-0.080000000000000016,No-fold control,0.5201717452855682,1.1515878113146363,0.054502111480995971,0.25007381968845688,0.32304442169332237,0.14594120400973104,0.37260087547149195,0.40935815526911223,0.32304442169332237,0.17710321768359133
-0.077500000000000013,Fold example,0.51934629240994279,1.1535688982161372,0.11042460890178442,0.39711312934574661,0.49119545314490148,0.1881646475983097,0.49552378226055499,0.84351002897327121,0.49119545314490148,0.30303080554659179
-0.077500000000000013,No-fold control,0.51934629240994279,1.1535688982161372,0.054471969843759196,0.25018663041174843,0.32320961988803326,0.14604597895256963,0.37304105175646196,0.40839736489976375,0.32320961988803326,0.17716364093546363
-0.075000000000000011,Fold example,0.51852083895756451,1.155549986501845,0.11054415783744483,0.39762824521687495,0.49179324503516519,0.18832999963658048,0.49613252959122678,0.84296026939275437,0.49179324503516519,0.30346324539858471
-0.075000000000000011,No-fold control,0.51852083895756451,1.155549986501845,0.054441728167557012,0.25029933485155925,0.32337476575243052,0.14615086180174255,0.37348068069546636,0.40743920436716075,0.32337476575243052,0.17722390395068796
-0.072500000000000009,Fold example,0.51769538494134992,1.1575310761407602,0.11066264000929824,0.39814138743794603,0.49238881252809941,0.18849485018030682,0.49673933763345829,0.84240388768488028,0.49238881252809941,0.30389396234779259
-0.072500000000000009,No-fold control,0.51769538494134992,1.1575310761407602,0.054411389450320105,0.25041194294985658,0.32353987152689812,0.14625585715408304,0.37391976363495261,0.40648368346937408,0.32353987152689812,0.17728401437281507
-0.070000000000000007,Fold example,0.51686993037421103,1.1595121671018935,0.11078002985306253,0.39865250798228691,0.49298210606349013,0.1886591961624064,0.49734417456451513,0.8418407097902284,0.49298210606349013,0.30432290990108374
-0.070000000000000007,No-fold control,0.51686993037421103,1.1595121671018935,0.054380956651511533,0.25052446455312399,0.32370494933840643,0.14636096957056491,0.37435830193121256,0.40553081162376015,0.32370494933840643,0.17734397976784153
-0.067500000000000004,Fold example,0.5160444752690555,1.1614932593542668,0.11089630075853187,0.39916155676387532,0.49357307392176719,0.18882303431578379,0.49794700760438049,0.84127055417683205,0.49357307392176719,0.3047500396059834
-0.067500000000000004,No-fold control,0.5160444752690555,1.1614932593542668,0.054350432692190025,0.25063690941224176,0.3238700112003895,0.14646620357629545,0.37479629695038719,0.40458059787094447,0.3238700112003895,0.17740380762409405
-0.065000000000000002,Fold example,0.51521901963878614,1.1634743528669131,0.1110114250081089,0.39966848151394085,0.49416166209380946,0.18898636115973716,0.49854780297970835,0.84069323138712271,0.49416166209380946,0.3051753009340723
-0.065000000000000002,No-fold control,0.51521901963878614,1.1634743528669131,0.05431982045508528,0.25074928718240813,0.32403506901267076,0.14657156366052529,0.37523375006847259,0.40363305087886864,0.32403506901267076,0.17746350535214547
-0.0625,Fold example,0.51439356349630161,1.1654554476088761,0.11112537371059192,0.40017322764793628,0.49474781414054614,0.18914917298521977,0.49914652588614355,0.84010854354904807,0.49474781414054614,0.30559864115532637
-0.0625,No-fold control,0.51439356349630161,1.1654554476088761,0.054289122784688074,0.25086160742309527,0.3242001345614306,0.14667705427667072,0.37567066267132537,0.40268817894689857,0.3242001345614306,0.17752308028475988
-0.059999999999999998,Fold example,0.51356810685449561,1.1674365435492104,0.11123811672975829,0.40067573812194224,0.49533147104137643,0.18931146583886838,0.49974314044892998,0.83951628384783805,0.49533147104137643,0.30602000520250805
-0.059999999999999998,No-fold control,0.51356810685449561,1.1674365435492104,0.054258342487350904,0.25097387959805179,0.32436521951922831,0.14678267984235302,0.37610703615466656,0.40174599000998645,0.32436521951922831,0.17758253967687529
-0.057499999999999996,Fold example,0.51274264972625783,1.1694176406569812,0.11134962260723068,0.40117595327745531,0.49591257103026648,0.18947323550562234,0.50033760968170848,0.83891623595448572,0.49591257103026648,0.30643933552464414
-0.057499999999999996,No-fold control,0.51274264972625783,1.1694176406569812,0.054227482331401622,0.25108611307533307,0.32453033544505577,0.1468884447394454,0.37654287192408548,0.4008064916428879,0.32453033544505577,0.17764189070561037
-0.055000000000000021,Fold example,0.51191719212447284,1.1713987389012652,0.11145985847906133,0.40167381067340469,0.49649104941832645,0.18963447748984347,0.50092989544341426,0.83830817340653119,0.49649104941832645,0.30685657192848298
-0.055000000000000021,No-fold control,0.51191719212447284,1.1713987389012652,0.054196545047269222,0.25119831712737434,0.3246954937844454,0.14699435331414212,0.37697817139504292,0.3998696910644236,0.3246954937844454,0.17770114047030328
-0.052500000000000019,Fold example,0.51109173406202157,1.1733798382511482,0.11156878998538852,0.4021692449040814,0.49706683840144955,0.1897951869947363,0.50151995839316832,0.83769185893619946,0.49706683840144955,0.30727165140671325
-0.052500000000000019,No-fold control,0.51109173406202157,1.1733798382511482,0.054165533327620453,0.25131050093109425,0.32486070586960852,0.14710040987702852,0.37741293599287479,0.39893559514178928,0.32486070586960852,0.17776029599258
-0.050000000000000017,Fold example,0.51026627555177961,1.1753609386757289,0.11167638117245364,0.40266218740151127,0.49763986685146067,0.18995535889989879,0.50211126492745839,0.8370670437403227,0.49763986685146067,0.30768450795156188
-0.050000000000000017,No-fold control,0.51026627555177961,1.1753609386757289,0.054134449827506544,0.2514226735680391,0.32502598291962853,0.14720661870317886,0.37784716715279365,0.39800421039490314,0.32502598291962853,0.17781936421644967
-0.047500000000000014,Fold example,0.50944081660661833,1.1773420401441159,0.11178259438616385,0.40315256622061846,0.49821006008902013,0.19011498773680335,0.502703119125535,0.83643346668576879,0.49821006008902013,0.30809507235221678
-0.047500000000000014,No-fold control,0.50944081660661833,1.1773420401441159,0.054103297164521967,0.25153484402455278,0.3251913360406764,0.14731298403224727,0.37828086631989116,0.39707554300079262,0.3251913360406764,0.17787835200842914
-0.045000000000000012,Fold example,0.5086153572394051,1.1793231426254278,0.11188739015629766,0.40364030580531229,0.49877733963628751,0.19027406766195043,0.50329284473431679,0.83579085344328297,0.49877733963628751,0.30850327197433708
-0.045000000000000012,No-fold control,0.5086153572394051,1.1793231426254278,0.054072077918972603,0.25164702119198257,0.32535677622627751,0.14741951006858986,0.37871403494913924,0.39614959879801515,0.32535677622627751,0.17793726615768765
-0.04250000000000001,Fold example,0.50778989746300218,1.1813042460887948,0.11199072707031818,0.40412532673339496,0.49934162294712903,0.19043259242746818,0.50388040595707939,0.83513891554170672,0.49934162294712903,0.30890903051966084
-0.04250000000000001,No-fold control,0.50778989746300218,1.1813042460887948,0.054040794634053639,0.25175921386691924,0.32552231435761109,0.14752620098138367,0.3791466745053903,0.39522638329110726,0.32552231435761109,0.17799611337622742
-0.040000000000000008,Fold example,0.50696443729026786,1.1832853505033571,0.11209256163562774,0.40460754543788063,0.49990282311228712,0.19059055534881297,0.50446576594913251,0.83447734933345441,0.49990282311228712,0.30931226776347415
-0.040000000000000008,No-fold control,0.50696443729026786,1.1832853505033571,0.054009449816037218,0.25187143075146035,0.32568796120384197,0.14763306090476319,0.37957878646337828,0.39430590165506235,0.32568796120384197,0.17805490029907878
-0.037500000000000006,Fold example,0.50613897673405572,1.1852664558382662,0.11219284812894709,0.4050868739020318,0.50046084853666717,0.19074794926927074,0.50504888677989968,0.83380583486086457,0.50046084853666717,0.30971289926739642
-0.037500000000000006,No-fold control,0.50613897673405572,1.1852664558382662,0.053978045934468859,0.25198368045351005,0.32585372742249386,0.14774009393796761,0.38001037230771811,0.39338815873983185,0.32585372742249386,0.17811363348452625
-0.035000000000000003,Fold example,0.50531351580721506,1.1872475620626839,0.11229153843129894,0.4055632193249934,0.50101560258540101,0.19090476652081517,0.50562972939336903,0.83312403461157947,0.50101560258540101,0.31011083606458584
-0.035000000000000003,No-fold control,0.50531351580721506,1.1872475620626839,0.053946585422372621,0.25209597148710305,0.32601962355985209,0.14784730414549807,0.38044143353290505,0.3924731590748462,0.32601962355985209,0.17817231941435402
-0.032500000000000001,Fold example,0.50448805452259049,1.1892286691457827,0.11238858184688531,0.40603648375451817,0.50156698319498827,0.19106099888094014,0.50620825356682875,0.83243159214939533,0.50156698319498827,0.31050598431404813
-0.032500000000000001,No-fold control,0.50448805452259049,1.1892286691457827,0.053915070676465095,0.25220831227275781,0.32618566005139843,0.14795469555728127,0.38087197164331288,0.39156090687355422,0.32618566005139843,0.17823096449411716
-0.029999999999999999,Fold example,0.50366259289302273,1.1912097770567454,0.11248392490388436,0.406506563682698,0.50211488244513713,0.19121663752487827,0.50678441786780926,0.83172813060502582,0.50211488244513713,0.31089824492025886
-0.029999999999999999,No-fold control,0.50366259289302273,1.1912097770567454,0.053883504057376762,0.2523207111378557,0.32635184722228067,0.1480622721688499,0.38130198815319266,0.39065140603797677,0.32635184722228067,0.17828957505343077
-0.027499999999999997,Fold example,0.50283713093134763,1.1931908857647657,0.11257751113489986,0.40697334960008019,0.50265918608641058,0.19137167297266078,0.50735817960913909,0.83101325100887335,0.50265918608641058,0.3112875131137498
-0.027499999999999997,No-fold control,0.50283713093134763,1.1931908857647657,0.053851887889881198,0.2524331763170462,0.32651819528780851,0.14817003794152464,0.38173148458666939,0.38974466016327047,0.32651819528780851,0.17834815734628387
-0.024999999999999994,Fold example,0.50201166865039648,1.1951719952390485,0.11266928083446279,0.40743672550280141,0.5031997730179596,0.19152609503031631,0.50792949480201643,0.83028653044513034,0.5031997730179596,0.31167367798764328
-0.024999999999999994,No-fold control,0.50201166865039648,1.1951719952390485,0.053820224463131949,0.25254571595267539,0.32668471435398078,0.14827799680261081,0.38216046247774133,0.38884067254230242,0.32668471435398078,0.17840671755136997
-0.02250000000000002,Fold example,0.50118620606299702,1.1971531054488072,0.11275917079057431,0.40789656834652804,0.50373651470872849,0.19167989272440089,0.5084983181070003,0.82954752000326848,0.50373651470872849,0.3120566219843276
-0.02250000000000002,No-fold control,0.50118620606299702,1.1971531054488072,0.053788516030905315,0.25265833809524207,0.32685141441804438,0.14838615264560459,0.38258892337027295,0.3879394461702293,0.32685141441804438,0.17846526177243979
-0.020000000000000018,Fold example,0.50036074318197166,1.1991342163632679,0.11284711398679534,0.40835274744004657,0.50426927455452264,0.19183305422895208,0.50906460278281662,0.82879574249907373,0.50426927455452264,0.31243622032557056
-0.020000000000000018,No-fold control,0.50036074318197166,1.1991342163632679,0.053756764811851841,0.25277105070387207,0.32701830536907184,0.14849450933039948,0.38301686881799474,0.38704098374907892,0.32701830536907184,0.17852379603867236
-0.017500000000000016,Fold example,0.49953528002013897,1.2011153279516666,0.11293303927082722,0.40880512377011935,0.5047979071619989,0.19198556678375911,0.50962830063285913,0.82803068993276974,0.5047979071619989,0.31281234037823979
-0.017500000000000016,No-fold control,0.49953528002013897,1.2011153279516666,0.053724972989751693,0.25288386164681831,0.32718539698857457,0.1486030706835125,0.38344430038449573,0.38614528769233469,0.32718539698857457,0.17858232630506207
-0.015000000000000013,Fold example,0.49870981659031299,1.2030964401832487,0.11301687098484701,0.40925354924785506,0.50532225754920945,0.19213741660270872,0.51018936194927778,0.82725182064620995,0.50532225754920945,0.31318484094650073
-0.015000000000000013,No-fold control,0.49870981659031299,1.2030964401832487,0.05369314271377796,0.25299677870197879,0.32735269895113173,0.14871184049830594,0.38387121964322002,0.38525236012951625,0.32735269895113173,0.17864085845282579
-0.012500000000000011,Fold example,0.49788435290530364,1.2050775530272713,0.11309852855203971,0.40969786586514767,0.50584216025049755,0.19228858877069976,0.51075926909737246,0.82645855613446506,0.50584216025049755,0.31355357147979779
-0.012500000000000011,No-fold control,0.49788435290530364,1.2050775530272713,0.053661276098763887,0.25310980955743978,0.32752022082505494,0.14882082253523035,0.38429762817746033,0.3843622029107564,0.32752022082505494,0.17869939828982459
-0.010000000000000009,Fold example,0.49705888897791617,1.2070586664530012,0.11317792601279232,0.41013790474770029,0.50635743831138491,0.19243906712736919,0.51132807052199469,0.82565027745907393,0.50635743831138491,0.31391837118401572
-0.010000000000000009,No-fold control,0.49705888897791617,1.2070586664530012,0.053629375225477914,0.25322296181203163,0.32768797207306144,0.14893002052205956,0.38472352758035266,0.38347481761137114,0.32768797207306144,0.17875795155100188
-0.0075000000000000067,Fold example,0.49623342482095156,1.2090397804297162,0.11325497150283712,0.41057348508870162,0.50686790215647137,0.19258883413553957,0.51189450796446334,0.82482632120044808,0.50686790215647137,0.31427906802093181
-0.0075000000000000067,No-fold control,0.49623342482095156,1.2090397804297162,0.053597442140900911,0.25333624297591067,0.32785596205298362,0.14903943815414586,0.38514891945486879,0.38259020553642115,0.32785596205298362,0.17881652389883776
-0.0050000000000000044,Fold example,0.49540796044720642,1.2110208949267047,0.11332956666417007,0.41100441294425949,0.50737334831022052,0.19273787073192206,0.51245854134863522,0.82398597487499925,0.50737334831022052,0.31463547757829846
-0.0050000000000000044,No-fold control,0.49540796044720642,1.2110208949267047,0.053565478858510818,0.25344966047115269,0.32802420001848986,0.1491490790946744,0.38557380541380876,0.38170836772526162,0.32802420001848986,0.17887512092381547
-0.0025000000000000022,Fold example,0.49458249586947356,1.2130020099132635,0.11340160597782807,0.41143047986800002,0.50787355794653688,0.19288615615707372,0.51302012947870024,0.82312847172792181,0.50787355794653688,0.31498740178946316
-0.0025000000000000022,No-fold control,0.49458249586947356,1.2130020099132635,0.053533487358569359,0.25356322163236905,0.3281926951198314,0.1492589469749247,0.38599818707979455,0.38082930495608003,0.3281926951198314,0.1789337481449067
0,Fold example,0.49375703110054087,1.214983125358702,0.1134709760054225,0.4118514613577931,0.50836829523832039,0.19303366776105457,0.51357923000113892,0.8222529847945077,0.50836829523832039,0.31533462747726582
0,No-fold control,0.49375703110054087,1.214983125358702,0.053501469588415708,0.25367693370733246,0.3283614564046029,0.14936904539454091,0.38642206608525964,0.37995301775041584,0.3283614564046029,0.178992411010062
0.0025000000000000022,Fold example,0.49293156615319184,1.2169642412323394,0.11353755452365961,0.41226711508200109,0.5088573054722344,0.19318038078046662,0.51413579936516007,0.82135862010046701,0.5088573054722344,0.31567692469176778
0.0025000000000000022,No-fold control,0.49293156615319184,1.2169642412323394,0.053469427462761475,0.25379080385762554,0.32853049281852764,0.14947937792180427,0.3868454440724417,0.37907950637766613,0.32853049281852764,0.17905111489672337
0.0050000000000000044,Fold example,0.4921061010402063,1.2189453575035047,0.1136012095327372,0.41267717884571931,0.5093403128865196,0.19332626808160064,0.51468979278156679,0.8204444088437165,0.5093403128865196,0.31601404480491896
0.0050000000000000044,No-fold control,0.4921061010402063,1.2189453575035047,0.053437362863990964,0.2539048391592979,0.32869981320625569,0.1495899480939156,0.38726832269337236,0.37820877085957105,0.32869981320625569,0.17910986511234009
0.0075000000000000067,Fold example,0.49128063577435943,1.2209264741415373,0.11366179811532957,0.41308136824884162,0.50981701818048841,0.19347129986329359,0.51524116417996546,0.81950929836488173,0.50981701818048841,0.31634571831719482
0.0075000000000000067,No-fold control,0.49128063577435943,1.2209264741415373,0.053405277642464319,0.25401904660354119,0.32886942631217914,0.1497007594172759,0.38769070360986729,0.37734081097467709,0.32886942631217914,0.17916866689490324
0.0099999999999999811,Fold example,0.49045517036879921,1.2229075911148819,0.11371916511758276,0.41347937397666878,0.51028709563243213,0.19361544331152664,0.51578986616400269,0.81855214166956058,0.51028709563243213,0.31667165232090549
0.0099999999999999811,No-fold control,0.49045517036879921,1.2229075911148819,0.053373173616838222,0.25413343309732306,0.32903934078118874,0.14981181536773142,0.38811258849332214,0.3764756262631741,0.32903934078118874,0.17922752541345732
0.012499999999999983,Fold example,0.48962970483553753,1.2248887083947098,0.11377314161701937,0.41387085865113693,0.51075018974931419,0.19375866219635457,0.51633584996604409,0.81757168520531709,0.51075018974931419,0.31699152755295962
0.012499999999999983,No-fold control,0.48962970483553753,1.2248887083947098,0.053341052574317378,0.2542480054642971,0.32920956515982996,0.14992311939106573,0.38853397902547498,0.37561321602973208,0.32920956515982996,0.17928644576876424
0.014999999999999986,Fold example,0.48880423918771426,1.2268698259494857,0.11382354313313446,0.41425545314914658,0.51120591134814442,0.19390091639799562,0.51687906539746509,0.81656655453219784,0.51120591134814442,0.3173049949501488
0.014999999999999986,No-fold control,0.48880423918771426,1.2268698259494857,0.053308916271053303,0.25436277044519739,0.32938010789669642,0.15003467490299807,0.38895487689723418,0.37475357935026599,0.32938010789669642,0.17934543299369834
0.017499999999999988,Fold example,0.48797877343808754,1.2288509437485897,0.11387016752627893,0.41463275227781615,0.51165383295183309,0.19404216134803393,0.51741946079947643,0.81553523741489631,0.51165383295183309,0.31761167160379916
0.017499999999999988,No-fold control,0.48797877343808754,1.2288509437485897,0.053276766432400632,0.25447773469877233,0.3295509773436151,0.15014648528968561,0.38937528380943953,0.37389671507471645,0.3295509773436151,0.1794044920539295
0.01999999999999999,Fold example,0.48715330759941139,1.2308320617614126,0.11391279251506253,0.41500230966004659,0.51209348334269733,0.19418234736530143,0.51795698299062443,0.81447606375490234,0.51209348334269733,0.3179111359773959
0.01999999999999999,No-fold control,0.48715330759941139,1.2308320617614126,0.053244604753248589,0.25459290480246671,0.32972218175645968,0.15025855390798593,0.38979520147265667,0.373042621831781,0.32972218175645968,0.17946362784847375
0.022499999999999992,Fold example,0.48632784168443549,1.232813179957355,0.11395117272399262,0.41536363164808321,0.51252434107906009,0.19432141886195381,0.51849157721239214,0.81338718160614298,0.51252434107906009,0.31820292221710628
0.022499999999999992,No-fold control,0.48632784168443549,1.232813179957355,0.053212432898338678,0.25470828725315919,0.32989372929603944,0.15037088408576049,0.39021463160716346,0.37219129803322021,0.32989372929603944,0.17952284521027895
0.024999999999999994,Fold example,0.48550237570590504,1.2347942983058278,0.11398503614753724,0.41571617002873995,0.51294582672251365,0.19445931338754735,0.51902318707253259,0.81226652829864199,0.51294582672251365,0.3184865133349663
0.024999999999999994,No-fold control,0.48550237570590504,1.2347942983058278,0.053180252502585637,0.25482388846791976,0.3300656280290169,0.15048347912219426,0.39063357594293441,0.37134274187813093,0.3300656280290169,0.17958214890682264
0.027499999999999997,Fold example,0.4846769096765613,1.2367754167762528,0.11401407988265164,0.41605931321313849,0.51335729344775149,0.19459596046922606,0.51955175448604141,0.81111179539326406,0.51335729344775149,0.31876133297852544
0.027499999999999997,No-fold control,0.4846769096765613,1.2367754167762528,0.053148065171398785,0.25493971478476662,0.33023788592882297,0.15059634228811269,0.39105203621962942,0.37049695135718763,0.33023788592882297,0.17964154364071028
0.029999999999999999,Fold example,0.48385144360914145,1.2387565353380605,0.11403796493522447,0.41639237550691832,0.51375801560328105,0.1947312801927254,0.52007721961365472,0.80992038577710346,0.51375801560328105,0.31902673541055565
0.029999999999999999,No-fold control,0.48385144360914145,1.2387565353380605,0.053115872481005209,0.25505577246343536,0.33041051087658441,0.15070947682629809,0.39147001418657479,0.36965392425685062,0.33041051087658441,0.17970103405028631
0.032500000000000001,Fold example,0.48302597751637816,1.2407376539606925,0.11405630984147913,0.41671458392288285,0.51414717464806137,0.19486518145035708,0.52059952079775351,0.80868936063291819,0.51414717464806137,0.31928199319770428
0.032500000000000001,No-fold control,0.48302597751637816,1.2407376539606925,0.053083675978774621,0.25517206768615408,0.33058351066206332,0.1508228859518185,0.3918875116027517,0.36881365816353767,0.33058351066206332,0.17976062471024482
0.035000000000000003,Fold example,0.48220051141099973,1.2427187726136006,0.11406868275495924,0.41702506180991911,0.51452384168793308,0.19499755975602795,0.52113985749096114,0.80741537320073087,0.51452384168793308,0.31952628193190513
0.035000000000000003,No-fold control,0.48220051141099973,1.2427187726136006,0.053051477183542979,0.25528860655842811,0.33075689298460392,0.15093657285235165,0.39230453023677619,0.3679761504677605,0.33075689298460392,0.17982032013225227
0.037500000000000006,Fold example,0.48137504530573061,1.2446998912662466,0.11407459152074999,0.41732280830358282,0.514886955548572,0.19512829448997843,0.52168219411783379,0.80609458507613518,0.514886955548572,0.31975866105859357
0.037500000000000006,No-fold control,0.48137504530573061,1.2446998912662466,0.053019277585940487,0.25540539510982596,0.33093066545408129,0.1510505406885107,0.39272107186688437,0.36714139836822518,0.33093066545408129,0.17988012476557058
0.03999999999999998,Fold example,0.48054957921329133,1.2466810098881007,0.11407347107122381,0.41760667221364867,0.51523529490440056,0.19525724538150385,0.52222197805253623,0.80472255906839663,0.51523529490440056,0.31997804952289671
0.03999999999999998,No-fold control,0.48054957921329133,1.2466810098881007,0.052987078648716261,0.25552243929477364,0.33110483559186255,0.15116479259417781,0.39313713828091523,0.36630939887589453,0.33110483559186255,0.17994004299768473
0.042499999999999982,Fold example,0.47972411314639785,1.2486621284486452,0.11406466719991132,0.41787531838563208,0.51556744236413521,0.19538424795700621,0.5227591676918254,0.8032941200628505,0.51556744236413521,0.320183194407129
0.042499999999999982,No-fold control,0.47972411314639785,1.2486621284486452,0.052954881807066784,0.25563974499335601,0.33127941083177387,0.15127933167683574,0.39355273127629153,0.36548014881800889,0.33127941083177387,0.18000007915493813
0.044999999999999984,Fold example,0.47889864711776192,1.2506432469173714,0.1140474153492267,0.41812718369658086,0.51588173747545429,0.19550910755774686,0.52329372036990385,0.80180317137806922,0.51588173747545429,0.32037262991770743
0.044999999999999984,No-fold control,0.47889864711776192,1.2506432469173714,0.052922688468961358,0.25575731801211898,0.33145439852106939,0.15139416101790085,0.39396785266000284,0.36465364484207169,0.33145439852106939,0.18006023750316855
0.047499999999999987,Fold example,0.47807318114009106,1.2526243652637812,0.11402081239365204,0.41836041848254946,0.51617621415252979,0.19563159133996066,0.52382559232623771,0.80024244788307064,0.51617621415252979,0.32054462281256912
0.047499999999999987,No-fold control,0.47807318114009106,1.2526243652637812,0.052890500015470757,0.25587516408487937,0.33162980592141111,0.15150928367306346,0.39438250424858506,0.36382988341979222,0.33162980592141111,0.18012052224834765
0.049999999999999989,Fold example,0.47724771522608905,1.2546054834573863,0.11398377835403277,0.41857280701542798,0.51644851569669215,0.19575141736252827,0.52435473867226512,0.79860317704124439,0.51644851569669215,0.32069709833416388
0.049999999999999989,No-fold control,0.47724771522608905,1.2546054834573863,0.052858317801093575,0.25599328887353423,0.33180564020984382,0.15162470267261918,0.39479668786810201,0.36300886085098755,0.33180564020984382,0.18018093753722464
0.052499999999999991,Fold example,0.47642224938845545,1.256586601467707,0.11393500325095575,0.41876165704575685,0.51669577672475497,0.19586823935799619,0.52488111335695509,0.79687460209455985,0.51669577672475497,0.32082753736675879
0.052499999999999991,No-fold control,0.47642224938845545,1.256586601467707,0.052826143154083419,0.25611169796887767,0.33198190847978309,0.15174042102181082,0.39521040535412372,0.36219057326744453,0.33198190847978309,0.18024148745797228
0.054999999999999993,Fold example,0.47559678363988539,1.2585677192642752,0.11387287134264069,0.41892364225242751,0.51691445470570119,0.19598162490654736,0.52540466913118677,0.79504329198998591,0.51691445470570119,0.32093282979915383
0.054999999999999993,No-fold control,0.47559678363988539,1.2585677192642752,0.052793977376774479,0.2562303968914178,0.33215861774200184,0.15185644170116813,0.39562365855170767,0.36137501663673666,0.33215861774200184,0.18030217604083371
0.057499999999999996,Fold example,0.47477131799306982,1.2605488368166324,0.11379534968607255,0.41905457037685878,0.51710008195588097,0.19609102315804439,0.52592535751088498,0.79309210846735634,0.51710008195588097,0.32100905879783659
0.057499999999999996,No-fold control,0.47477131799306982,1.2605488368166324,0.052761821745908773,0.25634939109219557,0.33233577492561978,0.15197276766684845,0.39603644931537579,0.3605621867660011,0.33233577492561978,0.18036300725877133
0.059999999999999998,Fold example,0.47394585246069593,1.2625299540943298,0.11369981795038865,0.41914902895090056,0.51724688658481044,0.19619571526781976,0.52644312873888555,0.79099859594689237,0.51724688658481044,0.32105117131699068
0.059999999999999998,No-fold control,0.47394585246069593,1.2625299540943298,0.052729677512960413,0.256468685953608,0.33251338687909665,0.15208940185097733,0.39644877950909407,0.35975207930567032,0.33251338687909665,0.18042398502811932
0.0625,Fold example,0.47312038705544707,1.2645110710669272,0.11358279631939094,0.41919981864268963,0.51734718599823781,0.19629473471109643,0.52695793174546945,0.78873234316841079,0.51734718599823781,0.32105245128714138
0.0625,No-fold control,0.47312038705544707,1.2645110710669272,0.052697545904460602,0.2565882867902301,0.3326914603712261,0.15220634716199199,0.39686065100624851,0.35894468975316285,0.3326914603712261,0.1804851132092341
0.065000000000000002,Fold example,0.47229492179000149,1.2664921877039965,0.11343948478350289,0.41919699350582285,0.51739035930179611,0.19638673159194647,0.52746971410752497,0.78625037851876367,0.51739035930179611,0.32100362770984964
0.065000000000000002,No-fold control,0.47229492179000149,1.2664921877039965,0.052665428122320473,0.25670819884963997,0.33287000209213058,0.15232360648498122,0.39727206568962381,0.35814001345652519,0.33287000209213058,0.18054639560714936
0.067500000000000004,Fold example,0.47146945667703427,1.2684733039751175,0.11326292320120099,0.41912611091802954,0.51736097281598548,0.19646972379591193,0.52797842200628675,0.78348844321467348,0.51736097281598548,0.32089124902007354
0.067500000000000004,No-fold control,0.47146945667703427,1.2684733039751175,0.052633325344153985,0.25682842731324096,0.33304901865425746,0.15244118268203294,0.39768302545137862,0.35733804561803489,0.33304901865425746,0.18060783597222452
0.070000000000000007,Fold example,0.47064399172921589,1.2704544198498817,0.11304229984727981,0.41896470765302224,0.51723500401741507,0.19654059272878566,0.52848400018358499,0.78034247521119326,0.51723500401741507,0.32069441128862941
0.070000000000000007,No-fold control,0.47064399172921589,1.2704544198498817,0.052601238723599432,0.25694897729708988,0.33322851659337654,0.15255907859257334,0.39809353219301663,0.3565387812977539,0.33322851659337654,0.18066943800080321
0.072500000000000009,Fold example,0.46981852695921311,1.2724355352978884,0.11275902566379549,0.41867412579543861,0.51697107823217558,0.196593904873474,0.52898639189658037,0.77662223891633164,0.51697107823217558,0.32037717335870158
0.072500000000000009,No-fold control,0.46981852695921311,1.2724355352978884,0.052569169390639249,0.25706985385271863,0.33340850236957364,0.15267729703371,0.39850358782536532,0.35574221541704082,0.33340850236957364,0.18073120533586365
0.075000000000000011,Fold example,0.4689930623796883,1.274416650288748,0.11237534837635889,0.41817584594364177,0.51648507864091675,0.19661846539455002,0.52948553887089289,0.77189884963028399,0.51648507864091675,0.31986661324636673
0.075000000000000011,No-fold control,0.4689930623796883,1.274416650288748,0.052537118451917969,0.25719106196796027,0.3335889823682493,0.15279584080057806,0.3989131942685743,0.35494834276201481,0.3335889823682493,0.18079314156767123
0.077500000000000013,Fold example,0.46816759800329966,1.2763977647920808,0.11178403288617451,0.41724746871366214,0.51553841394897193,0.19658189047061958,0.52998138125209415,0.76462888284578623,0.51553841394897193,0.31895652347835235
0.077500000000000013,No-fold control,0.46816759800329966,1.2763977647920808,0.052505086991060934,0.25731260656777161,0.33376996290111177,0.1529147126666803,0.39932235345205297,0.35415715798697572,0.33376996290111177,0.18085525023443147
0.080000000000000016,Fold example,0.46734213384270223,1.2783788787775148,0.10901560996454314,0.41232587983719005,0.51023296930560103,0.19581417893682201,0.53047385755548382,0.47683947035422258,0.51023296930560103,0.31441879036877901
0.080000000000000016,No-fold control,0.46734213384270223,1.2783788787775148,0.052473076068988316,0.25743449251505701,0.33395145020717415,0.15303391538423433,0.39973106731445923,0.35336865561777858,0.33395145020717415,0.18091753482293982
0.082500000000000018,Fold example,0.46651666991054591,1.28035999221469,0.072830695730318945,0.2939016385562343,0.36809618519257586,0.14838909327268307,0.53096290461410389,0.096949129084650448,0.36809618519257586,0.21970709191989279
0.082500000000000018,No-fold control,0.46651666991054591,1.28035999221469,0.052441086724229785,0.2575567246114861,0.33413345045373916,0.15315345168450609,0.40013933780367272,0.35258283005516045,0.33413345045373916,0.18097999876923307
0.08500000000000002,Fold example,0.46569120621947718,1.2823411050732549,0.060033044299308565,0.24995224405780048,0.31519566821934702,0.13048684832309307,0.53144845752491465,0.096808888942095994,0.31519566821934702,0.18470881989625396
0.08500000000000002,No-fold control,0.46569120621947718,1.2823411050732549,0.05240911997323687,0.25767930759831648,0.33431596973739824,0.15327332427816351,0.40054716687676606,0.35179967557802372,0.33431596973739824,0.18104264545923474
0.087500000000000022,Fold example,0.46486574278213827,1.2843222173228679,0.053009744834860997,0.22587914677599624,0.28622734867488209,0.12069640379777166,0.53193044959306823,0.096669097266501816,0.28622734867488209,0.16553094487711043
0.087500000000000022,No-fold control,0.46486574278213827,1.2843222173228679,0.052377176810692413,0.25780224615720854,0.33449901408501126,0.15339353585560542,0.40095455649997913,0.35101918634667206,0.33449901408501126,0.18110547822940584
0.089999999999999969,Fold example,0.46404027961116717,1.2863033289331989,0.048419201470156395,0.21018143381703897,0.26734436859134614,0.11432586954861437,0.53240881227421455,0.096529751588548859,0.26734436859134614,0.15301849904273176
0.089999999999999969,No-fold control,0.46404027961116717,1.2863033289331989,0.052345258209820347,0.25792554491104053,0.33468258945469681,0.15351408908731257,0.40136150864868808,0.35024135640599985,0.33468258945469681,0.18116850036738424
0.092499999999999971,Fold example,0.46321481671919873,1.288284439873923,0.045120722497528604,0.19893276606037927,0.25381925011809309,0.10977296811542764,0.5328834751147673,0.096390849346738333,0.25381925011809309,0.14404628200266545
0.092499999999999971,No-fold control,0.46321481671919873,1.288284439873923,0.052313365122690338,0.25804920842472212,0.33486670173681227,0.15363498662418029,0.40176802530737776,0.34946617968863858,0.33486670173681227,0.18123171511263197
0.094999999999999973,Fold example,0.46238935411886278,1.2902655501147291,0.04260458099308418,0.19037846893362384,0.24353918449082226,0.10632143111439685,0.53335436569005834,0.09625238800138558,0.24353918449082226,0.13721775337642542
0.094999999999999973,No-fold control,0.46238935411886278,1.2902655501147291,0.052281498480524068,0.25817324120600071,0.33505135675493009,0.15375623109785874,0.40217410846961132,0.34869365001805219,0.33505135675493009,0.18129512565707134
0.097499999999999976,Fold example,0.46156389182278557,1.2922466596253146,0.040604284854514949,0.18360109346198783,0.23539941413602589,0.10359664134807614,0.53382140954029622,0.096114365034528887,0.23539941413602589,0.13180277278794975
0.097499999999999976,No-fold control,0.46156389182278557,1.2922466596253146,0.052249659193995608,0.25829764770627128,0.33523656026681753,0.15387782512109244,0.40257976013800151,0.34792376111159057,0.33523656026681753,0.18135873514572509
0.099999999999999978,Fold example,0.46073842984358937,1.2942277683753856,0.03896519587242727,0.17806822218019092,0.22875879072203059,0.10138113708367935,0.5343295756061287,0.095976777949680805,0.22875879072203059,0.12737765363835124
0.099999999999999978,No-fold control,0.46073842984358937,1.2942277683753856,0.052217848153532732,0.25842243232137774,0.33542231796540545,0.15399977128805536,0.4029849823241774,0.34715650658349689,0.33542231796540545,0.18142254667735008
0.10249999999999998,Fold example,0.45991296819389266,1.2962088763346575,0.037590617304875104,0.17344690075738306,0.22321634432287424,0.099538887130982356,0.53484151116654177,0.095839624271577897,0.22321634432287424,0.12367745719189188
0.10249999999999998,No-fold control,0.45991296819389266,1.2962088763346575,0.052186066229614539,0.2585475993924119,0.33560863547975506,0.15412207217468638,0.40338977704875489,0.34639187994786658,0.33560863547975506,0.18148656330506868
0.10499999999999998,Fold example,0.4590875068863095,1.2981899834728572,0.036416576663763585,0.16951683507555099,0.2185067667107275,0.097979863270353004,0.5353508145654472,0.095702901545936789,0.2185067667107275,0.12052690344037449
0.10499999999999998,No-fold control,0.4590875068863095,1.2981899834728572,0.052154314273065674,0.25867315320651058,0.33579551837602284,0.1542447303390245,0.40379414634130545,0.34562987462156258,0.33579551837602284,0.18155078803699834
0.10749999999999998,Fold example,0.45826204593345021,1.3001710897597194,0.035398841936361419,0.16612569609718139,0.21444659383398448,0.096641795473606198,0.53585744708525263,0.095566607339212184,0.21444659383398448,0.11780479836037829
0.10749999999999998,No-fold control,0.45826204593345021,1.3001710897597194,0.052122593115351251,0.25879909799764605,0.33598297215841549,0.15436774832153888,0.40419809224032155,0.34487048392708519,0.33598297215841549,0.18161522383687662
0.10999999999999999,Fold example,0.45743658534792153,1.3021521951649884,0.034505724670312654,0.16316434409279024,0.21090437242283014,0.095480056660079818,0.53636136916309562,0.095430739238358653,0.21090437242283014,0.11542431576275032
0.10999999999999999,No-fold control,0.45743658534792153,1.3021521951649884,0.05209090356886624,0.25892543794741463,0.3361710022701464,0.1544911286454636,0.40460161679318485,0.34411370109539602,0.3361710022701464,0.1816798736246828
0.11249999999999999,Fold example,0.45661112514232527,1.3041332996584194,0.033713849834784398,0.16055226543484918,0.20778312342983291,0.094461715989967429,0.53686254037008796,0.095295294850596332,0.20778312342983291,0.11332140743986548
0.11249999999999999,No-fold control,0.45661112514232527,1.3041332996584194,0.052059246427223899,0.25905217718582041,0.33635961409438309,0.15461487381712535,0.40500472205613391,0.3433595192686959,0.33635961409438309,0.18174474027725773
0.11499999999999999,Fold example,0.45578566532926018,1.3061144032097753,0.033005547722795209,0.15822859319123297,0.20500952901229919,0.093561871642132408,0.53736091939003661,0.095160271803179028,0.20500952901229919,0.11144765737016678
0.11499999999999999,No-fold control,0.45578566532926018,1.3061144032097753,0.052027622465541733,0.25917931979205311,0.33654881295518968,0.15473898632627311,0.4054074100942292,0.34260793150316032,0.33654881295518968,0.18180982662891657
0.11749999999999999,Fold example,0.45496020592132103,1.3080955057888295,0.032367180692354183,0.15614634598902599,0.20252699477250508,0.09276129756695814,0.5378564639976231,0.095025667743166939,0.20252699477250508,0.10976569720554694
0.11749999999999999,No-fold control,0.45496020592132103,1.3080955057888295,0.051996032440724489,0.2593068697952633,0.33673860411846562,0.15486346864640471,0.40580968298131725,0.3418589307716276,0.33673860411846562,0.18187513547206091
0.12,Fold example,0.45413474693109818,1.3100766073653645,0.031788032972264194,0.15426860535784268,0.20029104625617328,0.092044881796661218,0.53834913103603965,0.094891480337201503,0.20029104625617328,0.10824616445951206
0.12,No-fold control,0.45413474693109818,1.3100766073653645,0.051964477091745037,0.25943483117533106,0.33692899279287641,0.15498832323509076,0.40621154279999772,0.34111250996624376,0.33692899279287641,0.18194066955778565
0.1225,Fold example,0.45330928837117823,1.3120577079091722,0.031259552478079537,0.15256590500191597,0.19826618485287303,0.091400559701914103,0.53883887639406602,0.094757707271284242,0.19826618485287303,0.10686562515095893
0.1225,No-fold control,0.45330928837117823,1.3120577079091722,0.051932957139921763,0.25956320786363213,0.33711998413078331,0.1551135525343024,0.40661299164158748,0.34036866190106341,0.33711998413078331,0.18200643159648092
0.125,Fold example,0.45248383025414407,1.3140388073900542,0.030774819970066071,0.15101440280998479,0.19642368628666465,0.090818566953359728,0.53932565498256058,0.094624346250558225,0.19642368628666465,0.10560511933330492
0.125,No-fold control,0.45248383025414407,1.3140388073900542,0.051901473289193985,0.25969200374379536,0.33731158322915739,0.15523915897072402,0.40701403160608363,0.33962737931460613,0.33731158322915739,0.18207242425843337
0.1275,Fold example,0.45165837259257446,1.3160199057778212,0.030328169112245545,0.14959457244293886,0.19474002480970859,0.090290904733539443,0.53980942071039206,0.094491394999093037,0.19474002480970859,0.10444912007616915
0.1275,No-fold control,0.45165837259257446,1.3160199057778212,0.05187002622639536,0.25982122265245855,0.33750379513050155,0.15536514495608603,0.40741466480212674,0.33888865487236952,0.33750379513050155,0.18213865017441552
0.13,Fold example,0.45083291539904463,1.3180010030422926,0.029914909267957659,0.14829024867134102,0.19319572340823102,0.089810949473780002,0.54029012645975683,0.094358851259672624,0.19319572340823102,0.10338477393445102
0.13,No-fold control,0.45083291539904463,1.3180010030422926,0.051838616621522476,0.25995086838001619,0.33769662482375079,0.15549151288746921,0.40781489334696464,0.33815248116929936,0.33769662482375079,0.18220511193628158
0.13250000000000001,Fold example,0.45000745868612535,1.3199820991532991,0.029531119724157548,0.14708791867233034,0.19177450021852291,0.089373163092385133,0.54076772406090434,0.094226712793585993,0.19177450021852291,0.10240133712613778
0.13250000000000001,No-fold control,0.45000745868612535,1.3199820991532991,0.051807245128003575,0.26008094467136417,0.33789007724518061,0.15561826514763291,0.40821471936641512,0.337418850732215,0.33789007724518061,0.1822718120975477
0.13500000000000001,Fold example,0.44918200246638373,1.3219631940806791,0.029173494557145782,0.14597618771463688,0.19046262496459535,0.088972874499916935,0.54124216426624283,0.094094977380421177,0.19046262496459535,0.10148975046467841
0.13500000000000001,No-fold control,0.44918200246638373,1.3219631940806791,0.051775912382961337,0.26021145522663763,0.33808415727929853,0.15574540410532178,0.40861414499482601,0.33668775602219514,0.33808415727929853,0.18233875317397674
0.13750000000000001,Fold example,0.44835654675238351,1.3239442877942793,0.028839224079124717,0.1449453708150529,0.18924842710963363,0.088606112589161443,0.54171339672381935,0.093963642817861973,0.18924842710963363,0.10064231452047219
0.13750000000000001,No-fold control,0.44835654675238351,1.3239442877942793,0.051744619007476261,0.260342403701942,0.33827886975973187,0.1558729321155797,0.40901317237503715,0.3359591894369186,0.33827886975973187,0.18240593764415217
0.14000000000000001,Fold example,0.44753109155668358,1.3259253802639595,0.028525903051619849,0.14398717657685953,0.18812191503082912,0.088269476907939182,0.54218136995016863,0.093832706921487194,0.18812191503082912,0.099852438122889936
0.14000000000000001,No-fold control,0.44753109155668358,1.3259253802639595,0.051713365606844287,0.26047379371008023,0.33847421947011119,0.15600085152006196,0.4094118036583434,0.33523314331296372,0.33847421947011119,0.18247336795004923
0.14250000000000002,Fold example,0.44670563689183995,1.3279064714595841,0.028231458839741746,0.14309445970268053,0.18707447790585319,0.087960036406345338,0.54264603130251177,0.093702167524573471,0.18707447790585319,0.099114441499507849
0.14250000000000002,No-fold control,0.44670563689183995,1.3279064714595841,0.051682152770833288,0.26060562882127464,0.33867021114494622,0.15612916464734317,0.40981004100445084,0.3345096099280685,0.33867021114494622,0.18254104649760305
0.14500000000000002,Fold example,0.4458801827704042,1.3298875613510299,0.027954094538872303,0.14226102507629115,0.18609864971233606,0.087675249272089792,0.54310732695030417,0.093572022477899905,0.18609864971233606,0.098423400440246264
0.14500000000000002,No-fold control,0.4458801827704042,1.3298875613510299,0.051650981073936807,0.26073791256388035,0.33886684947049134,0.15625787381322195,0.4102078865814402,0.33378858150334506,0.33886684947049134,0.18260897565726938
0.14750000000000002,Fold example,0.44505472920492395,1.3318686499081824,0.02769224359120279,0.14148147141397482,0.18518792088534941,0.087412898942749145,0.54356520184611967,0.093442269649556112,0.18518792088534941,0.097775021942600265
0.14750000000000002,No-fold control,0.44505472920492395,1.3318686499081824,0.051619851075623245,0.26087064842509367,0.33906413908560545,0.15638698132102363,0.41060534256572345,0.33307005020545777,0.33906413908560545,0.18267715776458182
0.15000000000000002,Fold example,0.44422927620794367,1.3338497371009352,0.027444533170171703,0.14075106511942861,0.18433658635680286,0.087171042474748481,0.544019599695862,0.093312906924752678,0.18433658635680286,0.097165543882054381
0.15000000000000002,No-fold control,0.44422927620794367,1.3338497371009352,0.05158876332058538,0.26100383985165665,0.33926208458261048,0.15651648946190769,0.41100241114200559,0.33235400814875876,0.33926208458261048,0.18274559512070279
0.15249999999999997,Fold example,0.44340382379200322,1.3358308228991922,0.027209754457684646,0.14006563787862858,0.18353962218887418,0.086947968620491173,0.54447046292830248,0.093183932205634201,0.18353962218887418,0.096591653568383007
0.15249999999999997,No-fold control,0.44340382379200322,1.3358308228991922,0.051557718338983559,0.26113749025055266,0.33946069050813438,0.15664640051516338,0.41139909450323886,0.33164044739738341,0.33946069050813438,0.182814289992971
0.15499999999999997,Fold example,0.44257837196963901,1.3378119072728663,0.026986838281609447,0.13942150272128762,0.18279258445266364,0.086742163462752028,0.54491773266392662,0.093055343411094879,0.18279258445266364,0.096050420989911608
0.15499999999999997,No-fold control,0.44257837196963901,1.3378119072728663,0.051526716646688127,0.26127160298969709,0.33965996136395099,0.15677671674850777,0.41179539485058481,0.33092935996730666,0.33965996136395099,0.18288324461544322
0.15749999999999997,Fold example,0.44175292075338363,1.339792990191879,0.026774835068865507,0.13881538494455697,0.18209152600754017,0.086552282125966398,0.54536134868309183,0.092927138476596768,0.18209152600754017,0.095539243881573768
0.15749999999999997,No-fold control,0.44175292075338363,1.339792990191879,0.051495758745518712,0.26140618139862026,0.33985990160781121,0.15690744041838192,0.41219131439336909,0.33022073782836059,0.33985990160781121,0.18295246118942929
0.15999999999999998,Fold example,0.44092747015576605,1.3417740716261615,0.026572898178088118,0.1382443646824485,0.18143292731061691,0.086377125256336867,0.54580124939349417,0.092799315353990455,0.18143292731061691,0.095055802054280047
0.15999999999999998,No-fold control,0.44092747015576605,1.3417740716261615,0.051464845123480388,0.26154122876914759,0.34006051565426992,0.15703857377024469,0.41258685534903761,0.3295145729062125,0.34006051565426992,0.18302194188402524
0.16249999999999998,Fold example,0.44010202018931077,1.3437551515456541,0.026380269995760996,0.13770582899391692,0.18081363869193107,0.086215619396028301,0.54623737179692644,0.092671872011338058,0.18081363869193107,0.094598019295902766
0.16249999999999998,No-fold control,0.44010202018931077,1.3437551515456541,0.051433976254997113,0.26167674835607069,0.34026180787550353,0.15717011903886563,0.41298201994311556,0.32881085708430474,0.34026180787550353,0.1830916888366379
0.16499999999999998,Fold example,0.43927657086653926,1.3457362299203057,0.026196270266398879,0.13719743164693116,0.18023083190028558,0.086066800506708868,0.54666965145534263,0.092544806432738894,0.18023083190028558,0.094164031393576708
0.16499999999999998,No-fold control,0.43927657086653926,1.3457362299203057,0.051403152601141845,0.26181274337781119,0.34046378260211502,0.15730207844860769,0.41337681040916097,0.32810958220575775,0.34046378260211502,0.18316170415350733
0.16749999999999998,Fold example,0.4384511221999689,1.3477173067200745,0.026020286207327825,0.13671705905441445,0.17968195906194157,0.085929800015054264,0.54709802245621031,0.092418116618157284,0.17968195906194157,0.093752159046887301
0.16749999999999998,No-fold control,0.4384511221999689,1.3477173067200745,0.051372374609865122,0.26194921701708063,0.34066644412394098,0.15743445421372076,0.41377122898872076,0.32741074007523424,0.34066644412394098,0.18323198991022022
0.16999999999999998,Fold example,0.43762567420211307,1.3496983819149286,0.025851764175036838,0.13626280154988915,0.17916471806893497,0.085803833038091637,0.54752241737717067,0.092291800583252662,0.17916471806893497,0.093360885030843332
0.16999999999999998,No-fold control,0.43762567420211307,1.3496983819149286,0.05134164271621898,0.26208617242153426,0.34086979669084611,0.15756724853862369,0.41416527793128621,0.32671432246076665,0.34086979669084611,0.18330254815222241
0.17249999999999999,Fold example,0.43680022688548165,1.3516794554748441,0.025690202513461022,0.13583292874080838,0.17867702288264548,0.085688188283674194,0.54794276724998359,0.092165856359212331,0.17867702288264548,0.092988834598971282
0.17249999999999999,No-fold control,0.43680022688548165,1.3516794554748441,0.05131095734257942,0.26222361270441452,0.3410738445135072,0.15770046361818538,0.41455895949424704,0.3260203210955494,0.3410738445135072,0.18337338089532182
0.17499999999999999,Fold example,0.43597478026258069,1.3536605273698064,0.025535145447944878,0.13542586846247121,0.17821697817399004,0.085582219423037675,0.54835900152378902,0.09204028199258589,0.17821697817399004,0.092634758750952367
0.17499999999999999,No-fold control,0.43597478026258069,1.3536605273698064,0.051280318898865772,0.26236154094519348,0.34127859176419612,0.15783410163800524,0.41495227594284434,0.32532872767969367,0.34127859176419612,0.18344449012619088
0.17749999999999999,Fold example,0.43514933434591252,1.35564159756981,0.025386177831759012,0.1350401886705099,0.17778285750421127,0.085485337667402725,0.54877104802766619,0.091915075545122349,0.17778285750421127,0.092297519836808548
0.17749999999999999,No-fold control,0.43514933434591252,1.35564159756981,0.05124972778275691,0.26249996019020333,0.34148404257754961,0.15796816477469258,0.41534522955012582,0.32463953388194666,0.34148404257754961,0.18351587780285702
0.17999999999999999,Fold example,0.43432388914797559,1.3576226660448585,0.025242920613175006,0.13467458181454764,0.17737308449446065,0.085397005359826028,0.5491788329325108,0.091790235093609299,0.17737308449446065,0.091976079134634625
0.17999999999999999,No-fold control,0.43432388914797559,1.3576226660448585,0.051219184379904734,0.26263887345326442,0.34169020105133424,0.15810265519613961,0.41573782259689745,0.32395273134137637,0.34169020105133424,0.18358754585519463
0.1825,Fold example,0.43349844468126458,1.3596037327649648,0.025105026882532001,0.13432785121537333,0.1769862164112195,0.085316730391692353,0.54958228071224613,0.091665758729714178,0.1769862164112195,0.091669486019527152
0.1825,No-fold control,0.43349844468126458,1.3596037327649648,0.051188689064144838,0.26277828371630652,0.34189707124720414,0.15823757506179528,0.41613005737167746,0.32326831166902131,0.34189707124720414,0.18365949618540886
0.185,Fold example,0.4326730009582706,1.3615847977001503,0.024972178476378219,0.13399889935404441,0.17662093005198923,0.085244061395889609,0.54998131410435935,0.091541644559827592,0.17662093005198923,0.091376868656099619
0.185,No-fold control,0.4326730009582706,1.3615847977001503,0.051158242197704949,0.26291819392998078,0.34210465719144995,0.15837292652293833,0.41652193617064692,0.32258626644950578,0.34210465719144995,0.18373173066851162
0.1875,Fold example,0.43184755799148111,1.3635658608204453,0.02484408297472385,0.13368671752262612,0.17627600927454434,0.085178583503836461,0.55037585406980816,0.091417890704908758,0.17627600927454434,0.091097425770707882
0.1875,No-fold control,0.43184755799148111,1.3635658608204453,0.051127844131409951,0.26305860701426759,0.34231296287573953,0.15850871172294392,0.41691346129760226,0.32190658724262172,0.34231296287573953,0.18380425115279561
0.19,Fold example,0.43102211579337957,1.3655469220958889,0.024720471087247398,0.13339037681224233,0.17595033413620439,0.085119914647924108,0.55076581975228889,0.09129449530033322,0.17595033413620439,0.090830419488280287
0.19,No-fold control,0.43102211579337957,1.3655469220958889,0.051097495204883811,0.26319952585907919,0.34252199225785412,0.1586449327975499,0.41730463506390703,0.32122926558487702,0.34252199225785412,0.18387705946030422
0.1925,Fold example,0.43019667437644588,1.36752798149653,0.02460109435583346,0.13310902019229351,0.17564287134811149,0.085067702311635976,0.55119525091961219,0.091171456495741918,0.17564287134811149,0.090575169036475514
0.1925,No-fold control,0.43019667437644588,1.36752798149653,0.05106719574675022,0.26334095332485002,0.34273174926241051,0.15878159187512098,0.41769545978844103,0.32055429299101074,0.34273174926241051,0.18395015738728954
0.19500000000000001,Fold example,0.42937123375315589,1.3695090389924258,0.024485723126161478,0.13284185551601477,0.17535266584568895,0.08502162065934836,0.55167663202758577,0.091048772454893234,0.17535266584568895,0.090331045186340594
0.19500000000000001,No-fold control,0.42937123375315589,1.3695090389924258,0.051036946074828553,0.26348289224312882,0.34294223778158506,0.15891869107691248,0.4180859377975531,0.31988166095547615,0.34294223778158506,0.18402354670467258
0.19750000000000001,Fold example,0.42854579393598263,1.3714900945536415,0.024374144768018781,0.13258814938353186,0.17507883339182201,0.084981368016580322,0.5521555522911874,0.090926441355516072,0.17507883339182201,0.090097465375241687
0.19750000000000001,No-fold control,0.42854579393598263,1.3714900945536415,0.051006746496329296,0.26362534541715799,0.34315346167582206,0.15905623251732812,0.41847607142500881,0.3192113609538928,0.34315346167582206,0.18409722915849394
0.20000000000000001,Fold example,0.42772035493739452,1.3734711481502533,0.024266162060905257,0.13234722157896364,0.17482055387430689,0.084946664590686505,0.55263198238534106,0.090804461389165064,0.17482055387430689,0.08987388928362039
0.20000000000000001,No-fold control,0.42772035493739452,1.3734711481502533,0.050976597308044019,0.26376831562244868,0.34336542477453702,0.15919421830417668,0.4188658630119414,0.31854338444446445,0.34336542477453702,0.18417120647036034
