aid,nu,budget_used,growth,mean_burden,worst_burden,burden_gap,peak_worst,adoption_final,group_A_burden,group_B_burden
0,2.3999999999999999,1,0.017741149899119554,0.30821526500864987,0.46667394392549427,0.3169173578336888,0.71583352849777904,0.05287597209032991,0.46667394392549427,0.14975658609180548
0.0050000000000000001,2.3879999999999999,1,0.017760332092921983,0.30158707151619457,0.45521431911193583,0.30725449519148251,0.71344907399288449,0.053171985809766592,0.45521431911193583,0.14795982392045329
0.01,2.3759999999999999,1,0.017779197792748686,0.29526026368214231,0.44431423136144677,0.29810793535860886,0.71111984023883956,0.053468767950885822,0.44431423136144677,0.14620629600283791
0.014999999999999999,2.3639999999999999,1,0.017797784208787897,0.28921414183000083,0.43393367518064069,0.28943906670127967,0.70884532795532329,0.05376646945378237,0.43393367518064069,0.14449460847936102
0.02,2.3519999999999999,1,0.017816126046727443,0.28342990518200917,0.42403638905820601,0.28121296775239368,0.7066249575628627,0.054065230338546946,0.42403638905820601,0.14282342130581235
0.025000000000000001,2.3399999999999999,1,0.017834255830603826,0.27789043732891772,0.41458942780798341,0.27339798095813145,0.70445806129743771,0.054365181144176968,0.41458942780798341,0.14119144684985196
0.029999999999999999,2.3279999999999998,1,0.017852204185914669,0.27258012029040024,0.40556279221567798,0.26596534385055548,0.70234387495161099,0.054666444162236559,0.40556279221567798,0.13959744836512247
0.035000000000000003,2.3159999999999998,1,0.017870000089773456,0.26748467282107391,0.39692910725246994,0.25888886886279205,0.70028152964002122,0.0549691344995085,0.39692910725246994,0.13804023838967791
0.040000000000000001,2.3039999999999998,1,0.017887671093077116,0.26259100935057611,0.38866334159910298,0.25214466449705381,0.69827004304015627,0.05527336099752915,0.38866334159910298,0.13651867710204918
0.044999999999999998,2.2919999999999998,1,0.017905243518740455,0.25788711654674873,0.38074256243291482,0.24571089177233221,0.69630831084953027,0.055579227031834821,0.38074256243291482,0.13503167066058261
0.050000000000000003,2.2799999999999998,1,0.017922742639856118,0.25336194498477194,0.37314572042178423,0.23956755087402454,0.69439509830690305,0.055886831209654868,0.37314572042178423,0.1335781695477597
0.055,2.2679999999999998,1,0.017940192839756137,0.24900531380119456,0.36585346067155039,0.23369629374071166,0.69252903190470172,0.056196267981581866,0.36585346067155039,0.13215716693083873
0.059999999999999998,2.2559999999999998,1,0.017957617759504548,0.24480782656455069,0.35884795606573994,0.22808025900237847,0.69070859170943599,0.056507628180086603,0.35884795606573994,0.13076769706336147
0.065000000000000002,2.2440000000000002,1.0000000000000002,0.017975040430780485,0.24076079683178953,0.35211275994504765,0.22270392622651622,0.68893210414853645,0.056820999495604867,0.35211275994504765,0.12940883371853143
0.070000000000000007,2.2319999999999998,1,0.017992483399618744,0.23685618212838178,0.34563267558037847,0.21755298690399336,0.68719773579026311,0.057136466899195416,0.34563267558037847,0.12807968867638511
0.074999999999999997,2.2200000000000002,1.0000000000000002,0.018009968841082146,0.23308652525327467,0.33939364024371493,0.21261422998088056,0.68550348820583917,0.057454113019337109,0.33939364024371493,0.12677941026283437
0.080000000000000002,2.2080000000000002,1.0000000000000002,0.018027518666691209,0.22944490197912726,0.3333826220126449,0.20787544006703529,0.68384719421145357,0.057774018479252245,0.3333826220126449,0.12550718194560961
0.085000000000000006,2.1960000000000002,1.0000000000000002,0.018045154625991898,0.22592487435016601,0.32758752771058303,0.20332530672083407,0.68222651579621618,0.05809626220017873,0.32758752771058303,0.12426222098974896
0.089999999999999997,2.1840000000000002,1.0000000000000002,0.018062898403242843,0.22252044889110653,0.32199712060883828,0.1989533434354635,0.68063894390309354,0.058420921675204615,0.32199712060883828,0.12304377717337479
0.095000000000000001,2.1720000000000002,1.0000000000000002,0.018080771710417266,0.21922603913709848,0.31660094670904898,0.19474981514390102,0.67908180036463051,0.058748073217613564,0.31660094670904898,0.12185113156514796
0.10000000000000001,2.1600000000000001,1.0000000000000002,0.018098796377409607,0.21603643197396291,0.31138926858453708,0.19070567322114834,0.67755224222167743,0.059077792187112406,0.31138926858453708,0.12068359536338873
0.105,2.1480000000000001,1.0000000000000002,0.018116994440440896,0.21294675734725282,0.30635300589727443,0.18681249710004322,0.67604726870435616,0.059410153196879936,0.30635300589727443,0.1195405087972312
0.11,2.1360000000000001,1.0000000000000002,0.018135388229312991,0.20995246095547773,0.30148368182222046,0.18306244173348546,0.67456373071170517,0.059745230303923681,0.30148368182222046,0.11842124008873499
0.115,2.1240000000000001,1.0000000000000002,0.018154000454459085,0.20704927959424302,0.29677337471243503,0.17944819023638403,0.6730983432647254,0.060083097184957891,0.29677337471243503,0.11732518447605102
0.12,2.1120000000000001,1,0.018172854294524764,0.20423321885994514,0.29221467442293442,0.17596291112597856,0.67164770066757884,0.060423827299687385,0.29221467442293442,0.11625176329695587
0.125,2.1000000000000001,1,0.018191973485042472,0.20150053295769904,0.28780064278391804,0.17260021965243799,0.67020829438187468,0.060767494043175496,0.28780064278391804,0.11520042313148005
0.13,2.0880000000000001,1,0.018211382409383851,0.19884770639231925,0.283524777780082,0.16935414277552549,0.66877653333073317,0.061114170888737343,0.283524777780082,0.11417063500455651
0.13500000000000001,2.0760000000000001,1,0.018231106192429423,0.19627143734569663,0.27938098104421277,0.16621908739703231,0.66734876661403209,0.06146393152266913,0.27938098104421277,0.11316189364718046
0.14000000000000001,2.0640000000000001,1,0.018251170796579164,0.19376862256367017,0.27536352831592381,0.16318981150450731,0.66592130793916993,0.061816849971923486,0.27536352831592381,0.1121737168114165
0.14499999999999999,2.052,1,0.018271603124816842,0.19133634361809662,0.27146704258278437,0.16026139792937549,0.66449046182048588,0.062173000725772427,0.27146704258278437,0.11120564465340886
0.14999999999999999,2.04,1,0.018292431125980484,0.18897185438629341,0.2676864696091229,0.15742923044565899,0.66305255043010092,0.062532458852332704,0.2676864696091229,0.11025723916346393
0.155,2.028,1,0.018313683907650178,0.18667256965000745,0.26401705563991346,0.15468897197981202,0.66160394105394649,0.062895300110793764,0.26401705563991346,0.10932808366010142
0.16,2.016,1,0.018335391855744627,0.18443605470202751,0.26045432706242155,0.15203654472078806,0.66014107326658478,0.063261601060048536,0.26045432706242155,0.10841778234163349
0.16500000000000001,2.004,1,0.018357586762208927,0.18226001587044593,0.25699407184351852,0.14946811194614518,0.65866048542443811,0.063631439164416742,0.25699407184351852,0.10752595989737336
0.17000000000000001,1.9919999999999998,1,0.018380301961492113,0.18014229187774844,0.25363232257748547,0.14698006139947406,0.65715883973937772,0.064004892897050386,0.25363232257748547,0.10665226117801142
0.17500000000000002,1.9799999999999998,1,0.018403572478498498,0.17808084596991586,0.25036534100783669,0.14456899007584167,0.65563294562688357,0.064382041841585649,0.25036534100783669,0.10579635093199501
0.17999999999999999,1.968,1,0.018427435187283094,0.17607375874331843,0.24718960388444938,0.14223169028226193,0.65407978043639459,0.064762966792548449,0.24718960388444938,0.10495791360218745
0.185,1.9559999999999997,1,0.018451928983751791,0.17411922162188515,0.24410179005215868,0.13996513686054707,0.65249650762672418,0.06514774985499773,0.24410179005215868,0.10413665319161163
0.19,1.944,1,0.018477094973603711,0.17221553093436406,0.24109876866900398,0.13776647546927984,0.65088049183971819,0.065536474543852877,0.24109876866900398,0.10333229319972416
0.19500000000000001,1.9319999999999997,1,0.018502976677169342,0.17036108254801469,0.2381775884642921,0.13563301183255486,0.64922931072397339,0.065929225883329473,0.2381775884642921,0.10254457663173724
0.20000000000000001,1.9199999999999999,1,0.018529620253686045,0.1685543670246864,0.23533546796224919,0.13356220187512557,0.6475407634235183,0.0663260905068844,0.23533546796224919,0.1017732660871236
0.20500000000000002,1.9079999999999997,1,0.018557074747705807,0.16679396526879323,0.23256978660443944,0.13155164267129243,0.64581287574104795,0.066727156758067743,0.23256978660443944,0.10101814393314699
0.20999999999999999,1.8959999999999999,1,0.018585392360053552,0.16507854464017241,0.22987807671168056,0.12959906414301628,0.64404390208397044,0.067132514792643164,0.22987807671168056,0.10027901256866428
0.215,1.8839999999999999,1,0.018614628747072304,0.16340685551274953,0.22725801623810701,0.12770232145071497,0.64223232438578537,0.067542256682362245,0.22725801623810701,0.099555694787392054
0.22,1.8719999999999999,1,0.018644843351279746,0.16177772826083162,0.22470742227384974,0.12585938802603625,0.6403768481681732,0.067956476520726811,0.22470742227384974,0.098848034247813479
0.22500000000000001,1.8599999999999999,1,0.018676099769281137,0.16019007066728597,0.2222242452692948,0.12406834920401763,0.63847639625825259,0.068375270531136748,0.2222242452692948,0.098155896065277165
0.23000000000000001,1.8479999999999999,1,0.018708466159740648,0.15864286573917882,0.21980656394636708,0.1223273964143765,0.63653010025803669,0.068798737177733854,0.21980656394636708,0.097479167531990582
0.23500000000000001,1.8359999999999999,1,0.018742015699142807,0.15713516993656454,0.21745258088711686,0.12063482190110462,0.6345372903055233,0.069226977279352397,0.21745258088711686,0.096817758986012234
0.23999999999999999,1.8239999999999998,1,0.01877682709118967,0.15566611181486062,0.21516061878582032,0.11898901394191942,0.63249748341250456,0.069660094126900565,0.21516061878582032,0.096171604843900901
0.245,1.8119999999999998,1,0.018812985138069352,0.15423489109185007,0.21292911736470987,0.11738845254571961,0.63041037077094053,0.070098193604571229,0.21292911736470987,0.095540664818990262
0.25,1.7999999999999998,1,0.018850581382375702,0.15284077815286728,0.21075663095768418,0.11583170560963378,0.62827580429040875,0.070541384315260053,0.21075663095768418,0.094924925348050401
0.255,1.788,1,0.018889714831506709,0.15148311402214279,0.20864182678512627,0.11431742552596696,0.62609378281554873,0.070989777710586288,0.20864182678512627,0.094324401259159307
0.26000000000000001,1.776,1,0.018930492775875711,0.15016131082372219,0.20658348393798537,0.11284434622852636,0.62386443816500181,0.071443488225923488,0.20658348393798537,0.093739137709459006
0.26500000000000001,1.764,1,0.018973031717600401,0.14887485277962945,0.20458049311990661,0.11141128068055435,0.62158802130438717,0.071902633420887374,0.20458049311990661,0.093169212439352264
0.27000000000000002,1.752,1,0.019017458426155168,0.14762329779007627,0.2026318571934618,0.11001711880677105,0.61926488883749298,0.072367334125701357,0.2026318571934618,0.092614738386690751
0.27500000000000002,1.74,1,0.019063911144956504,0.14640627966953096,0.20073669261182112,0.10866082588458029,0.61689548998588961,0.072837714593950026,0.20073669261182112,0.092075866727240829
0.28000000000000003,1.728,1,0.019112540970674514,0.14522351110361462,0.19889423180829932,0.10734144140936941,0.61448035418491331,0.07331390266218199,0.19889423180829932,0.091552790398929912
0.28500000000000003,1.716,1,0.019163513440051207,0.14407478744020033,0.19710382667392959,0.10605807846745853,0.61202007939142467,0.073796029916929434,0.19710382667392959,0.091045748206471058
0.28999999999999998,1.704,1,0.019217010359677444,0.14295999142902216,0.19536495325588379,0.10480992365372328,0.60951532117169971,0.074284231869677919,0.19536495325588379,0.090555029602160511
0.29499999999999998,1.6920000000000002,1,0.019273231924849588,0.14187909906305746,0.19367721785677422,0.10359623758743351,0.60756203332506975,0.074778648140393783,0.19367721785677422,0.090080980269340707
0.29999999999999999,1.6799999999999999,1,0.019332399182773095,0.14083218670634354,0.19204036475323708,0.10241635609378709,0.60657159246318426,0.075279422650260885,0.19204036475323708,0.089624008659449986
0.30499999999999999,1.6680000000000001,1,0.019394756909632455,0.13981943974308933,0.19045428581301962,0.10126969213986059,0.60545282624434749,0.075786703824289078,0.19045428581301962,0.089184593673159035
0.31,1.6559999999999999,1,0.01946057698314348,0.13884116302710278,0.18891903234475765,0.10015573863530973,0.60420641671897779,0.0763006448045494,0.18891903234475765,0.088763293709447924
0.315,1.6440000000000001,1,0.01953016236116021,0.13789779350725362,0.18743482962902702,0.099074072243546793,0.60283397126103411,0.07682140367481137,0.18743482962902702,0.088360757385480229
0.32000000000000001,1.6319999999999999,1,0.019603851791401384,0.13698991545963474,0.18600209464945167,0.098024358379633886,0.60133786678527479,0.077349143697429679,0.18600209464945167,0.08797773626981778
0.32500000000000001,1.6200000000000001,1,0.019682025422776903,0.13611827891242673,0.18462145772762703,0.09700635763040058,0.59972110005520374,0.077884033563404689,0.18462145772762703,0.08761510009722645
0.33000000000000002,1.6079999999999999,1,0.019765111527527024,0.13528382198464142,0.18329378893053258,0.09601993389178233,0.59798714862851743,0.078426247656598377,0.18329378893053258,0.08727385503875025
0.33500000000000002,1.5960000000000001,1,0.01985359460359239,0.13448769806832112,0.18202023037052228,0.095065064604402311,0.59613984500773243,0.078975966333169959,0.18202023037052228,0.086955165766119974
0.34000000000000002,1.5839999999999999,1,0.019948025207658687,0.13373130906257752,0.18080223585396482,0.094141853582774632,0.59418326683546951,0.079533376217399698,0.18080223585396482,0.086660382271190189
0.34500000000000003,1.5720000000000001,1,0.020049031965915433,0.13301634621145234,0.17964161975288978,0.093250547082874877,0.59212164094757913,0.080098670515141968,0.17964161975288978,0.086391072670014904
0.35000000000000003,1.5599999999999998,1,0.020157336370380616,0.1323448406359736,0.17854061761702297,0.092391553962098735,0.58995926407809485,0.080672049346283983,0.17854061761702297,0.086149063654924238
0.35499999999999998,1.548,1,0.020273771142713205,0.13171922627336352,0.17750196180312752,0.091565471059527975,0.58770043705921549,0.081253720097684085,0.17750196180312752,0.085936490743599547
0.35999999999999999,1.536,1,0.02039930323907517,0.13114241893135581,0.17652897659319772,0.090773115323683831,0.58534941204358626,0.08184389779821083,0.17652897659319772,0.085755861269513886
0.36499999999999999,1.524,1,0.02053506294391132,0.13061791646436555,0.17562569884276644,0.090015564756801766,0.58291035115385981,0.082442805517642839,0.17562569884276644,0.08561013408596467
0.37,1.512,1,0.020682381059885183,0.13014992700856892,0.17479703252731313,0.089294211037488386,0.5803872950345601,0.083050674791355555,0.17479703252731313,0.085502821489824743
0.375,1.5,1,0.020842836984188765,0.12974353492835008,0.17404894883422584,0.088610827811751489,0.57778413982050603,0.083667746072901006,0.17404894883422584,0.085438121022474348
0.38,1.488,1,0.021018321668471025,0.12940491827264292,0.17338874844012803,0.087967660334970221,0.5751046211338714,0.084294269216786968,0.17338874844012803,0.085421088105157805
0.38500000000000001,1.476,1,0.02121112121999217,0.1291416376485777,0.17282540998920159,0.0873675446812478,0.57298746678435908,0.084930503993986287,0.17282540998920159,0.085457865307953795
0.39000000000000001,1.464,1,0.02142402965362648,0.12896302589064926,0.17237006020051285,0.086814068619727194,0.57113674787762847,0.085576720642956391,0.17237006020051285,0.085555991580785654
0.39500000000000002,1.452,1,0.021660503597233531,0.12888072275713713,0.17203661895118036,0.086311792388086478,0.56912026431146034,0.086233200459226056,0.17203661895118036,0.085724826563093881
0.40000000000000002,1.4399999999999999,1,0.021924878790191692,0.12890942311997375,0.17184270188434539,0.085866557528743281,0.56695069943606524,0.086900236426919283,0.17184270188434539,0.085976144355602108
0.40500000000000003,1.4279999999999999,1,0.022222679784152644,0.12906794707495589,0.17181091127975173,0.08548592840959171,0.56463977009212873,0.087578133895932969,0.17181091127975173,0.086324982870160022
0.41000000000000003,1.4159999999999999,1,0.022561074242654876,0.12938080934589424,0.17197072903684793,0.085179839381907388,0.56219823760694898,0.088267211308876228,0.17197072903684793,0.086790889654940542
0.41500000000000004,1.4039999999999999,1,0.022949559180420971,0.12988058926966664,0.1723613749594646,0.084961571379595924,0.55963594251151505,0.088967800982318629,0.1723613749594646,0.087399803579868679
0.41999999999999998,1.3920000000000001,1,0.023401033219335465,0.13061163285184452,0.17303627101772373,0.084849276331758455,0.55696185409682919,0.089680249947387644,0.17303627101772373,0.088186994685965275
0.42499999999999999,1.3799999999999999,1,0.023933540797894639,0.13163607296140797,0.174070300095199,0.08486845426758205,0.55418412830958275,0.090404920855312973,0.174070300095199,0.089201845827616949
0.42999999999999999,1.3680000000000001,1,0.024573250075872955,0.13304410448782314,0.17557219346964534,0.085056177963644383,0.55131016936437405,0.091142192954145204,0.17557219346964534,0.090516015506000955
0.435,1.3559999999999999,1,0.025359848075265812,0.13497259445912008,0.1777069637737422,0.085468738629244242,0.54884513980779481,0.091892463143587691,0.1777069637737422,0.092238225144497962
0.44,1.3440000000000001,1,0.026357074554830957,0.13764140709101302,0.18073968594686965,0.086196557711713237,0.54629100818644971,0.09265614711568812,0.18073968594686965,0.094543128235156412
0.44500000000000001,1.3319999999999999,1,0.027675396314798824,0.14143157141710924,0.18512969591899159,0.087396249003764706,0.54359543758538953,0.093433680590056925,0.18512969591899159,0.097733446915226882
0.45000000000000001,1.3200000000000001,1,0.029527775714564133,0.14707748339593008,0.19176217576162841,0.089369384731396675,0.54077202523393497,0.094225520653320974,0.19176217576162841,0.10239279103023173
0.45500000000000002,1.3079999999999998,1,0.032396520301668744,0.15624177265767653,0.20264069935273421,0.09279785339011537,0.53783264024652389,0.095032147213720386,0.20264069935273421,0.10984284596261884
0.46000000000000002,1.296,1,0.037725170849814624,0.17389838968284799,0.22375762771399008,0.099718476062284206,0.53478765915622528,0.095854064583119181,0.22375762771399008,0.12403915165170587
0.46500000000000002,1.2839999999999998,1,0.053940008881181882,0.2290645498219776,0.29005992551839499,0.12199075139283475,0.53185230146182527,0.096691803200260482,0.29005992551839499,0.16806917412556024
0.47000000000000003,1.272,1,0.11282811163657475,0.41875207612938203,0.51704413301383412,0.19658411376890417,0.52887622054873518,0.77750481628631185,0.51704413301383412,0.32046001924492995
0.47500000000000003,1.2599999999999998,1,0.11381850470466842,0.41902169327765704,0.51705226979800856,0.19606115304070304,0.5257813991342688,0.7936458297691128,0.51705226979800856,0.32099111675730552
0.47999999999999998,1.248,1,0.11406850915472219,0.41778731599596208,0.51545833065195534,0.19534202931198658,0.5225799196891977,0.80377816391313739,0.51545833065195534,0.32011630133996877
0.48499999999999999,1.236,1,0.11400330688321432,0.41592616676349198,0.51319748164804779,0.19454262976911163,0.5193452374818508,0.81156797981069007,0.51319748164804779,0.31865485187893616
0.48999999999999999,1.224,1,0.11374935907534525,0.41369607208648712,0.51054333835172572,0.19369453253047719,0.51609126673651673,0.81801447425622653,0.51054333835172572,0.31684880582124852
0.495,1.212,1,0.1133654961833868,0.41121560452813144,0.507621230272299,0.19281125148833517,0.51273639722937348,0.82356437463523879,0.507621230272299,0.31480997878396383
0.5,1.2,1,0.11288491756900804,0.40855092087453077,0.50450081375278222,0.19189978575650291,0.50931127065890536,0.82846306403395475,0.50450081375278222,0.31260102799627931
0.505,1.1879999999999999,1,0.11232859298360057,0.4057433367464417,0.50122542374244428,0.19096417399200522,0.50584973211201589,0.83286231357834606,0.50122542374244428,0.31026124975043906
0.51000000000000001,1.1759999999999999,1,0.11171079573094105,0.40282065691180646,0.49782411261008386,0.19000691139655485,0.50230241500142947,0.83686363544886955,0.49782411261008386,0.30781720121352901
0.51500000000000001,1.1639999999999999,1,0.11104177500319247,0.39980262130741528,0.49431742663440709,0.18902961065398366,0.49870686660045982,0.84053882133975488,0.49431742663440709,0.30528781598042343
0.52000000000000002,1.1519999999999999,1,0.11032919288704489,0.39670381957300915,0.49072049212228602,0.18803334509855374,0.49504033649509344,0.84394081627452988,0.49072049212228602,0.30268714702373228
0.52500000000000002,1.1399999999999999,1,0.10957896047266999,0.39353537875139966,0.48704479946432072,0.18701884142584219,0.4913196437825042,0.84710996291046492,0.48704479946432072,0.30002595803847854
0.53000000000000003,1.1279999999999999,1,0.10879575471898137,0.39030600160554546,0.48329929890894624,0.18598659460680156,0.48753691411664923,0.85007781774439117,0.48329929890894624,0.29731270430214468
0.53500000000000003,1.1159999999999999,1,0.10798335372436188,0.3870226369140255,0.47949110678555568,0.1849369397430603,0.48369810141843966,0.8528696014431415,0.47949110678555568,0.29455416704249537
0.54000000000000004,1.1039999999999999,1,0.10714486290425621,0.38369092949507966,0.47562597887548524,0.18387009876081117,0.47980591259404615,0.85550583666731583,0.47562597887548524,0.29175588011467407
0.54500000000000004,1.0919999999999999,1,0.10628287263196061,0.38031553235973126,0.47170863822702896,0.18278621173459536,0.47586199835189913,0.85800347995290083,0.47170863822702896,0.2889224264924336
0.55000000000000004,1.0799999999999998,1,0.10539957118178087,0.37690032928322459,0.46774300851750589,0.18168535846856254,0.47186932487678018,0.86037672629365936,0.46774300851750589,0.28605765004894335
0.55500000000000005,1.0679999999999998,1,0.10449682758208946,0.37344859729483859,0.46373238414795898,0.18056757370624071,0.4678306553654778,0.86263759502870074,0.46373238414795898,0.28316481044171826
0.56000000000000005,1.0559999999999998,1,0.10357625365173072,0.36996312775722384,0.45967955678734362,0.17943285806023956,0.46374851601077777,0.86479636548396877,0.45967955678734362,0.28024669872710406
0.56500000000000006,1.0439999999999998,1,0.10263925128954678,0.36644631821913937,0.45558691121882361,0.17828118599936849,0.45962525963513029,0.86686190686961784,0.45558691121882361,0.27730572521945512
0.57000000000000006,1.0319999999999998,1,0.10168704909713597,0.36290024320676562,0.45145649909240559,0.17711251177127996,0.45546299828104603,0.86884193216045746,0.45145649909240559,0.27434398732112564
0.57500000000000007,1.0199999999999998,1,0.10072073114258069,0.35932670955541346,0.44729009648073037,0.17592677385063377,0.45126358859440691,0.87074319629577579,0.44729009648073037,0.2713633226300966
0.57999999999999996,1.008,1,0.099741259837889035,0.35572730020552173,0.44308924936420119,0.17472389831735891,0.44702865726842267,0.87257165290755445,0.44308924936420119,0.26836535104684228
0.58499999999999996,0.996,1,0.098749494342233346,0.35210340926314299,0.43885530998695543,0.17350380144762484,0.44275963184194678,0.87433257969394584,0.43885530998695543,0.26535150853933059
0.58999999999999997,0.98399999999999999,1,0.0977462055187686,0.34845627035677446,0.43458946621581279,0.17226639171807667,0.43845776619661525,0.87603067976441351,0.43458946621581279,0.26232307449773612
0.59499999999999997,0.97199999999999998,1,0.096732088204498579,0.34478697978738243,0.43029276547129602,0.17101157136782719,0.43412416525656011,0.8776701643440411,0.43029276547129602,0.25928119410346884
0.59999999999999998,0.95999999999999996,1,0.095707771362127769,0.34109651558954096,0.42596613440139308,0.16973923762370424,0.42975980573097977,0.87925482085423123,0.42596613440139308,0.25622689677768884
0.60499999999999998,0.94799999999999995,1,0.094673826545498455,0.33738575334909882,0.42161039518244453,0.16844928366669149,0.42536555345431865,0.88078806940354004,0.42161039518244453,0.25316111151575305
0.60999999999999999,0.93599999999999994,1,0.093630775009781217,0.33365547942413593,0.41722627912303062,0.16714159939778939,0.42094217790395572,0.88227301000647163,0.41722627912303062,0.25008467972524123
0.61499999999999999,0.92399999999999993,1,0.092579093723252265,0.32990640206920063,0.41281443809281188,0.16581607204722243,0.4164903644050782,0.88371246232013267,0.41281443809281188,0.24699836604558945
0.62,0.91199999999999992,1,0.091519220481759145,0.32613916085316191,0.40837545418340032,0.16447258666047684,0.4120107244431398,0.88510899929467191,0.40837545418340032,0.24390286752292348
0.625,0.89999999999999991,1,0.090451558284796355,0.32235433467816821,0.40390984792160084,0.16311102648686521,0.40750380442349782,0.88646497583616335,0.40390984792160084,0.24079882143473563
0.63,0.88800000000000001,1,0.089376479099811765,0.31855244864396393,0.39941808528922024,0.16173127329051262,0.40297009315059035,0.88778255335399636,0.39941808528922024,0.23768681199870761
0.63500000000000001,0.876,1,0.088294327116433174,0.31473397995310926,0.39490058375275366,0.16033320759928885,0.39841002824540489,0.88906372089046148,0.39490058375275366,0.23456737615346482
0.64000000000000001,0.86399999999999999,1,0.087205421572875877,0.31089936301480636,0.39035771746673198,0.15891670890385129,0.39382400167768261,0.8903103133948419,0.39035771746673198,0.23144100856288069
0.64500000000000002,0.85199999999999998,1,0.086110059221524246,0.30704899387536688,0.385789821783591,0.15748165581644821,0.38921236455589903,0.89152402759834481,0.385789821783591,0.22830816596714279
0.65000000000000002,0.83999999999999997,1,0.085008516488601915,0.30318323407995273,0.3811971971784891,0.15602792619707276,0.38457543129183719,0.89270643586260789,0.3811971971784891,0.22516927098141634
0.65500000000000003,0.82799999999999996,1,0.083901051373219807,0.29930241405159291,0.37658011267815417,0.15455539725312248,0.37991348323546309,0.89385899830808102,0.37658011267815417,0.22202471542503169
0.66000000000000003,0.81599999999999995,1,0.082787905123345856,0.29540683605859125,0.37193880886730213,0.15306394561742179,0.37522677185905984,0.89498307347543937,0.37193880886730213,0.21887486324988034
0.66500000000000004,0.80399999999999994,1,0.081669303720012978,0.29149677682941844,0.36727350053370128,0.15155344740856572,0.37051552155625428,0.89607992773037903,0.36727350053370128,0.21572005312513556
0.67000000000000004,0.79199999999999993,1,0.080545459195991514,0.287572489864453,0.36258437900284585,0.15002377827678567,0.36577993211048926,0.8971507435874887,0.36258437900284585,0.21256060072606017
0.67500000000000004,0.77999999999999992,1,0.079416570811018078,0.28363420748600388,0.35787161420495917,0.14847481343791055,0.36102018087876042,0.89819662710063142,0.35787161420495917,0.20939680076704861
0.68000000000000005,0.7679999999999999,1,0.078282826102254829,0.27968214266154934,0.35313535651033684,0.146906427697575,0.35623642472906891,0.89921861444413731,0.35313535651033684,0.20622892881276184
0.68500000000000005,0.75599999999999989,1,0.077144401825846254,0.27571649062976183,0.34837573836343988,0.14531849546735606,0.35142880176415903,0.90021767779005535,0.34837573836343988,0.20305724289608382
0.69000000000000006,0.74399999999999988,1,0.076001464803101354,0.27173743035447495,0.3435928757416315,0.14371089077431312,0.34659743285914302,0.90119473057094013,0.3435928757416315,0.19988198496731838
0.69500000000000006,0.73199999999999987,1,0.074854172682885273,0.26774512582803667,0.33878686946056186,0.14208348726505038,0.34174242303653435,0.9021506322045495,0.33878686946056186,0.19670338219551148
0.70000000000000007,0.71999999999999986,1,0.073702674630171161,0.26373972724244704,0.33395780634509636,0.14043615820529867,0.33686386269879509,0.90308619234588328,0.33395780634509636,0.19352164813979769
0.70499999999999996,0.70800000000000007,1,0.072547111949334483,0.25972137204406887,0.32910576028196747,0.13876877647579722,0.33196182873566532,0.90400217472282052,0.32910576028196747,0.19033698380617026
0.70999999999999996,0.69600000000000006,1,0.071387618649615042,0.25569018588554882,0.32423079316811571,0.13708121456513384,0.3270363855211163,0.90489930060388168,0.32423079316811571,0.18714957860298187
0.71499999999999997,0.68400000000000005,1,0.0702243219591933,0.25164628348673812,0.31933295576678739,0.1353733445600985,0.32208758581277253,0.9057782519401244,0.31933295576678739,0.18395961120668888
0.71999999999999997,0.67200000000000004,1,0.069057342793486923,0.24758976941484523,0.31441228848184305,0.13364503813399561,0.3171154715649166,0.90663967421763358,0.31441228848184305,0.18076725034784744
0.72499999999999998,0.66000000000000003,1,0.067886796182571832,0.24352073879273572,0.30946882205938492,0.13189616653329841,0.3121200746647369,0.90748417905236523,0.30946882205938492,0.1775726555260865
0.72999999999999998,0.64800000000000002,1,0.066712791662015741,0.23943927794315154,0.30450257822462601,0.13012660056294895,0.30710141760024312,0.9083123465550661,0.30450257822462601,0.17437597766167706
0.73499999999999999,0.63600000000000001,1,0.065535433630889831,0.23534546497565872,0.2995135702609506,0.12833621057058378,0.30205951406720427,0.90912472749055406,0.2995135702609506,0.17117735969036682
0.73999999999999999,0.624,1,0.064354821680278979,0.23123937032229602,0.29450180353723321,0.1265248664298744,0.29699436952155539,0.90992184525267306,0.29450180353723321,0.16797693710735881
0.745,0.61199999999999999,1,0.063171050895209857,0.22712105722718137,0.28946727598877636,0.12469243752318998,0.29190598168293841,0.91070419767368405,0.28946727598877636,0.16477483846558638
0.75,0.59999999999999998,1,0.06198421213259258,0.22299058219470841,0.28440997855656558,0.12283879272371437,0.28679434099435774,0.91147225868464532,0.28440997855656558,0.16157118583285121
0.755,0.58799999999999997,1,0.060794392277465616,0.21884799540043148,0.27932989558900839,0.12096380037715382,0.28165943104235336,0.91222647984141847,0.27932989558900839,0.15836609521185457
0.76000000000000001,0.57599999999999996,1,0.059601674479587058,0.2146933410682651,0.27422700520982768,0.11906732828312516,0.27650122894158108,0.91296729172927815,0.27422700520982768,0.15515967692670252
0.76500000000000001,0.56399999999999995,1,0.058406138372188145,0.21052665781722035,0.26910127965538105,0.11714924367632137,0.27131970568724811,0.9136951052576443,0.26910127965538105,0.15195203597905968
0.77000000000000002,0.55199999999999994,1,0.057207860274506347,0.20634797898054302,0.26395268558430157,0.11520941320751707,0.26611482647846879,0.91441031285520114,0.26395268558430157,0.1487432723767845
0.77500000000000002,0.53999999999999992,1,0.056006913379551652,0.20215733289981083,0.25878118436205017,0.11324770292447867,0.26088655101526576,0.91511328957454452,0.25878118436205017,0.1455334814375715
0.78000000000000003,0.52799999999999991,1,0.054803367928402805,0.19795474319626344,0.25358673232267065,0.11126397825281445,0.25563483377164764,0.91580439411454129,0.25358673232267065,0.1423227540698562
0.78500000000000003,0.5159999999999999,1,0.053597291372197133,0.19374022902141252,0.24836928100981873,0.1092581039768124,0.25035962424693448,0.91648396976771451,0.24836928100981873,0.13911117703300632
0.79000000000000004,0.50399999999999989,1,0.052388748522864001,0.1895138052887595,0.24312877739890618,0.10722994422029336,0.24506086719727671,0.91715234529922218,0.24312877739890618,0.13589883317861282
0.79500000000000004,0.49199999999999988,1,0.051177801693543148,0.18527548288826179,0.23786516410201133,0.10517936242749909,0.23973850284910875,0.9178098357633302,0.23786516410201133,0.13268580167451224
0.80000000000000004,0.47999999999999987,1,0.04996451082954368,0.18102526888502229,0.23257837955704164,0.10310622134403871,0.23439246709609904,0.91845674326268634,0.23257837955704164,0.12947215821300292
0.80500000000000005,0.46799999999999986,1,0.048748933630606013,0.17676316670353986,0.22726835820249044,0.10101038299790119,0.2290226916810113,0.9190933576551843,0.22726835820249044,0.12625797520458926
0.81000000000000005,0.45599999999999985,1,0.047531125665170787,0.17248917629871449,0.22193503063899211,0.09889170868055526,0.22362910436373901,0.91971995721274002,0.22193503063899211,0.12304332195843685
0.81500000000000006,0.44399999999999984,1,0.046311140477280618,0.16820329431469466,0.21657832377876032,0.096750058928131322,0.21821162907665953,0.92033680923588745,0.21657832377876032,0.119828264850629
0.82000000000000006,0.43199999999999983,1,0.045089029686690013,0.16390551423254746,0.21119816098389441,0.094585293502693901,0.21277018606834142,0.9209441706277367,0.21119816098389441,0.11661286748120051
0.82500000000000007,0.41999999999999982,1,0.043864843082704906,0.1595958265076422,0.20579446219444841,0.092397271373612422,0.20730469203654239,0.92154228843050356,0.20579446219444841,0.11339719082083599
0.83000000000000007,0.40799999999999981,1,0.042638628712224791,0.15527421869755559,0.2003671440470654,0.090185850699019632,0.20181506025134202,0.92213140032753227,0.2003671440470654,0.11018129334804577
0.83499999999999996,0.39600000000000007,1,0.041410432962419814,0.15094067558122556,0.19491611998490857,0.087950888807366012,0.19630120066918377,0.92271173511345561,0.19491611998490857,0.10696523117754256
0.83999999999999997,0.38400000000000006,1,0.040180300638439782,0.1465951792700344,0.18944130035956672,0.08569224217906464,0.19076302003851842,0.92328351313492019,0.18944130035956672,0.10374905818050208
0.84499999999999997,0.37200000000000005,1,0.038948275036513554,0.14223770931141447,0.18394259252552303,0.083409766428217111,0.18520042199769249,0.92384694670407175,0.18394259252552303,0.10053282609730592
0.84999999999999998,0.36000000000000004,1,0.037714398012769781,0.13786824278554077,0.17841990092775348,0.081103316284425395,0.17961330716565213,0.92440224048681841,0.17841990092775348,0.097316584643328083
0.85499999999999998,0.34800000000000003,1,0.036478710048081724,0.13348675439561344,0.17287312718295164,0.078772745574676409,0.17400157322600501,0.9249495918677072,0.17287312718295164,0.094100381608275233
0.85999999999999999,0.33600000000000002,1,0.035241250309213691,0.12909321655219491,0.16730217015484367,0.076417907205297522,0.16836511500489854,0.92548919129310314,0.16730217015484367,0.090884262949546143
0.86499999999999999,0.32400000000000001,1,0.034002056706523939,0.12468759945202393,0.16170692602401165,0.074038653143975439,0.16270382454318238,0.92602122259421105,0.16170692602401165,0.087668272880036216
0.87,0.312,1,0.032761165948458161,0.120269871151697,0.1560872883526139,0.071634834401833797,0.15701759116323821,0.92654586329135191,0.1560872883526139,0.084452453950780104
0.875,0.29999999999999999,1,0.031518613593049409,0.11583999763657044,0.15044314814434828,0.06920630101555568,0.15130630153085467,0.92706328488080347,0.15044314814434828,0.081236847128792603
0.88,0.28799999999999998,1,0.030274434096624368,0.11139794288521804,0.14477439389999622,0.06675290202955636,0.14556983971248683,0.92757365310539519,0.14477439389999622,0.078021491870439857
0.88500000000000001,0.27599999999999997,1,0.029028660859894383,0.1069436689297255,0.13908091166881487,0.064274485478178739,0.13980808722820459,0.92807712820995392,0.13908091166881487,0.074806426190636127
0.89000000000000001,0.26399999999999996,1,0.027781326271610292,0.10247713591213375,0.13336258509610027,0.061770898367933036,0.13402092310062266,0.92857386518262308,0.13336258509610027,0.071591686728167236
0.89500000000000002,0.25199999999999995,1,0.026532461749926493,0.097998302137246335,0.12761929546711787,0.059241986659743076,0.1282082239000695,0.92906401398298433,0.12761929546711787,0.06837730880737479
0.90000000000000002,0.23999999999999994,1,0.025282097781625455,0.093507124122061691,0.12185092174766617,0.056687595251208964,0.12236986378624022,0.92954771975784467,0.12185092174766617,0.065163326496457202
