forcing_rate,adviser_lag,initial_culture_projection,final_culture_projection,budget_used,growth,mean_burden,worst_burden,burden_gap,peak_worst,adoption_final,group_A_burden,group_B_burden
0.050000000000000003,0,0,-0.25361075908017205,1,0.10383809431867416,0.37836577116034553,0.46986133763970983,0.1829911329587286,0.51212987395749787,0.8177591301348528,0.46986133763970983,0.28687020468098123
0.050000000000000003,1,0,-0.25361075908017205,1,0.10394718970709516,0.3790423155582936,0.47066620975925172,0.1832477884019163,0.51249918978333997,0.81715320135050618,0.47066620975925172,0.28741842135733542
0.050000000000000003,3,0,-0.25361075908017205,1,0.1041254021511499,0.38030058343863338,0.47217118525347163,0.1837412036296765,0.51313391139624009,0.8157252012863202,0.47217118525347163,0.28842998162379513
0.050000000000000003,6,0,-0.25361075908017205,1,0.10426060323386806,0.38187352278859998,0.47408118945746885,0.18441533333773769,0.51327082801664237,0.81288304658425858,0.47408118945746885,0.28966585611973117
0.050000000000000003,12,0,-0.25361075908017205,1,0.08568912844998619,0.32762398515543167,0.40830934635321203,0.16137072239556069,0.51327082801664237,0.098313873077603017,0.40830934635321203,0.24693862395765134
0.10000000000000001,0,0,-0.25361075908017205,1,0.10384159603190754,0.37836350700573845,0.46980275911946401,0.18287850422745111,0.51339497939784517,0.81776572932078417,0.46980275911946401,0.2869242548920129
0.10000000000000001,1,0,-0.25361075908017205,1,0.10394482996344505,0.37903003251097023,0.47059638724945402,0.18313270947696753,0.51344711972016632,0.81768889537046485,0.47059638724945402,0.28746367777248649
0.10000000000000001,3,0,-0.25361075908017205,1,0.10407829671034961,0.38020068056955447,0.47200584713650989,0.1836103331339109,0.51352485531463976,0.81747965086528995,0.47200584713650989,0.288395514002599
0.10000000000000001,6,0,-0.25361075908017205,1,0.10386769291422299,0.38102054226736137,0.47308696674066181,0.18413284894660081,0.51354371190852743,0.81695243109945592,0.47308696674066181,0.28895411779406099
0.10000000000000001,12,0,-0.25361075908017205,1,0.069482295626785248,0.27026881655504265,0.33780332762606358,0.13506902214204181,0.51354371190852743,0.099523591423333765,0.33780332762606358,0.20273430548402177
0.20000000000000001,0,0,-0.25361075908017205,1,0.10384447956531336,0.37835950449280564,0.46975220300180354,0.18278539701799573,0.51357975084279961,0.81776720612084375,0.46975220300180354,0.2869668059838078
0.20000000000000001,1,0,-0.25361075908017205,1,0.10393800358004691,0.37900374451910168,0.47052049228246273,0.1830334955267221,0.51358024642509248,0.81776651838331793,0.47052049228246273,0.28748699675574063
0.20000000000000001,3,0,-0.25361075908017205,1,0.10391794283663565,0.37982426324821794,0.47154088931915533,0.18343325214187473,0.51358080149732321,0.81776395918539846,0.47154088931915533,0.28810763717728061
0.20000000000000001,6,0,-0.25361075908017205,1,0.070316727005998433,0.27133357427070609,0.33871733441684704,0.13476752029228189,0.51358090647100363,0.09991954827849038,0.33871733441684704,0.20394981412456514
0.20000000000000001,12,0,-0.25361075908017205,1,0.068275740764477719,0.26543711791052915,0.33169270270268175,0.1325111695843052,0.51358090647100363,0.099907297407817952,0.33169270270268175,0.19918153311837655
0.40000000000000002,0,0,-0.25361075908017205,1,0.10384601637668901,0.37835718849404165,0.46972583163023363,0.182737286272384,0.51358116866425285,0.81776722824425729,0.46972583163023363,0.28698854535784962
0.40000000000000002,1,0,-0.25361075908017205,1,0.10392120608015153,0.37895836772193386,0.47044506692340143,0.18297339840293514,0.51358116868652615,0.8177672279866125,0.47044506692340143,0.28747166852046629
0.40000000000000002,3,0,-0.25361075908017205,1,0.10268027684483427,0.37683041216510915,0.46813662099826087,0.18261241766630337,0.51358116870102577,0.81776719740985238,0.46813662099826087,0.28552420333195749
0.40000000000000002,6,0,-0.25361075908017205,1,0.068262219128077228,0.26391153815899848,0.32950889510126447,0.13119471388453202,0.51358116870256365,0.099920661323167598,0.32950889510126447,0.19831418121673244
0.40000000000000002,12,0,-0.25361075908017205,1,0.068115399385423589,0.26450752943185984,0.33046914815692663,0.13192323745013362,0.51358116870256365,0.099920648669335005,0.33046914815692663,0.19854591070679301
0.80000000000000004,0,0,-0.25361075908017205,1,0.10384679183841634,0.3783560083822044,0.46971332245083797,0.18271462813726708,0.51358116870971759,0.81776722825723791,0.46971332245083797,0.28699869431357089
0.80000000000000004,1,0,-0.25361075908017205,1,0.10389407462519856,0.37889166104865457,0.47035798808787199,0.18293265407843484,0.51358116870971759,0.81776722820647008,0.47035798808787199,0.28742533400943715
0.80000000000000004,3,0,-0.25361075908017205,1,0.068678578678562599,0.26442066578619872,0.33004451530129475,0.13124769903019212,0.51358116870971759,0.099920661427561785,0.33004451530129475,0.19879681627110263
0.80000000000000004,6,0,-0.25361075908017205,1,0.067795495310025891,0.26222511977105312,0.32741863278424627,0.13038702602638633,0.51358116870971759,0.099920661427929769,0.32741863278424627,0.19703160675785994
0.80000000000000004,12,0,-0.25361075908017205,1,0.067837711078831867,0.2633692787623747,0.329049455106661,0.1313603526885726,0.51358116870971759,0.099920661401455405,0.329049455106661,0.1976891024180884
1.6000000000000001,0,0,-0.25361075908017205,1,0.10384715486343173,0.37835543086056528,0.46970789066773289,0.18270491961433521,0.51358116870971759,0.81776722825773129,0.46970789066773289,0.28700297105339767
1.6000000000000001,1,0,-0.25361075908017205,1,0.10386533783225681,0.37882334690609742,0.47027577167374868,0.18290484953530245,0.51358116870971759,0.81776722820907022,0.47027577167374868,0.28737092213844623
1.6000000000000001,3,0,-0.25361075908017205,1,0.067822080327026801,0.2613178316866378,0.32618525948661387,0.12973485559995215,0.51358116870971759,0.099920661428054849,0.32618525948661387,0.19645040388666171
1.6000000000000001,6,0,-0.25361075908017205,1,0.067591562844293157,0.26150653196422202,0.32653984278665532,0.13006662164486665,0.51358116870971759,0.099920661428027066,0.32653984278665532,0.19647322114178867
1.6000000000000001,12,0,-0.25361075908017205,1,0.067639699915723286,0.26262296177365951,0.32813115674114274,0.1310163899349665,0.51358116870971759,0.099920661410039829,0.32813115674114274,0.19711476680617623
3.2000000000000002,0,0,-0.25361075908017205,1,0.10384730091135781,0.3783551819320059,0.4697058320801058,0.18270130029619974,0.51358116870971759,0.81776722825782266,0.4697058320801058,0.28700453178390606
3.2000000000000002,1,0,-0.25361075908017205,1,0.10384593034159734,0.3787781796550741,0.47022306895596283,0.18288977860177741,0.51358116870971759,0.81776722820632597,0.47022306895596283,0.28733329035418542
3.2000000000000002,3,0,-0.25361075908017205,1,0.067606137985707929,0.26053978951606677,0.3252172783768329,0.12935497772153223,0.51358116870971759,0.099920661428133301,0.3252172783768329,0.19586230065530066
3.2000000000000002,6,0,-0.25361075908017205,1,0.067506704149281713,0.26120963614712533,0.32617843699361232,0.129937601692974,0.51358116870971759,0.099920661428053642,0.32617843699361232,0.19624083530063832
3.2000000000000002,12,0,-0.25361075908017205,1,0.067554856546810954,0.26231332603766039,0.32775225101227934,0.13087784994923793,0.51358116870971759,0.099920661411393136,0.32775225101227934,0.19687440106304141
