question_id,category_index,probability
Q48,0,0.044323264070545196
Q48,1,0.014740150960291246
Q48,2,0.02091116140857336
Q48,3,0.026141409371807724
Q48,4,0.070006097706662274
Q48,5,0.081548054757655405
Q48,6,0.12186693633692278
Q48,7,0.15044272439431372
Q48,8,0.060660233077285595
Q48,9,0.40935996791594237
Q57,0,0.20252626554988162
Q57,1,0.79747373445011804
Q106,0,0.17417860238137609
Q106,1,0.034134869333992658
Q106,2,0.038027562012684098
Q106,3,0.036530866026828465
Q106,4,0.071976784770812069
Q106,5,0.060580216906915757
Q106,6,0.087587133150175162
Q106,7,0.103055569389418
Q106,8,0.054325757170179005
Q106,9,0.33960263885761838
Q108,0,0.29977090850649468
Q108,1,0.031797707089621423
Q108,2,0.07609950676531009
Q108,3,0.069081965028512937
Q108,4,0.066091462327733039
Q108,5,0.094968008340079693
Q108,6,0.060114500700189817
Q108,7,0.057766277193385104
Q108,8,0.054388928018993331
Q108,9,0.18992073602967954
Q121,0,0.11418460395045919
Q121,1,0.18992028622192503
Q121,2,0.40942390063794043
Q121,3,0.22106000198772666
Q121,4,0.065411207201948415
Q159,0,0.047673172809621432
Q159,1,0.011785544150337095
Q159,2,0.01673491024973783
Q159,3,0.025549967955245785
Q159,4,0.067813355755979368
Q159,5,0.071402799898727221
Q159,6,0.090371271583635393
Q159,7,0.1471937739300927
Q159,8,0.094772766514900297
Q159,9,0.42670243715172251
