rollout_rate,adjustment_allocation,opportunity_initial,opportunity_final,budget_used,launch_initial,launch_final,aid_initial,aid_final,admissible,growth,mean_burden,worst_burden,burden_gap,peak_worst,adoption_final,group_A_burden,group_B_burden
0.050000000000000003,0,0.90000000000000002,1.3200000000000001,1,0.90000000000000002,1.3200000000000001,0.625,0.44999999999999996,False,0.10250383496018274,0.37616130529887493,0.46710814413906482,0.18189367768037978,0.52636027169105515,0.14551524203138402,0.46710814413906482,0.28521446645868503
0.050000000000000003,0.025000000000000001,0.90000000000000002,1.3200000000000001,1,0.84000000000000008,1.26,0.64999999999999991,0.47499999999999998,True,0.10169152886811572,0.36482577960924389,0.45351157300319983,0.17737158678791182,0.52213397134761463,0.79830735620263438,0.45351157300319983,0.27613998621528801
0.050000000000000003,0.050000000000000003,0.90000000000000002,1.3200000000000001,1,0.78000000000000003,1.2000000000000002,0.67500000000000004,0.49999999999999989,False,0.097337576182476668,0.34770370600376316,0.43339609367921955,0.17138477535091279,0.50864616272454533,0.82946844215621029,0.43339609367921955,0.26201131832830676
0.050000000000000003,0.074999999999999997,0.90000000000000002,1.3200000000000001,1,0.71999999999999997,1.1400000000000001,0.69999999999999996,0.52499999999999991,False,0.09244671627819942,0.32956619683394717,0.41203005225158723,0.16492771083528013,0.49095886980714237,0.84760652702139316,0.41203005225158723,0.2471023414163071
0.050000000000000003,0.10000000000000001,0.90000000000000002,1.3200000000000001,1,0.66000000000000003,1.0800000000000001,0.72499999999999998,0.54999999999999993,False,0.087243942799814678,0.31079592081707164,0.38980259763107411,0.15801335362800498,0.47145683223194573,0.86068740855146142,0.38980259763107411,0.23178924400306913
0.10000000000000001,0,0.90000000000000002,1.3200000000000001,1,0.90000000000000002,1.3200000000000001,0.625,0.44999999999999996,False,0.088593837875632173,0.33383464538748614,0.41680277517942943,0.16593625958388658,0.52804264816938185,0.094219704869623666,0.41680277517942943,0.25086651559554285
0.10000000000000001,0.025000000000000001,0.90000000000000002,1.3200000000000001,1,0.84000000000000008,1.26,0.64999999999999991,0.47499999999999998,True,0.10092251417895977,0.36334211518941895,0.45175031533444149,0.17681640029004514,0.52128724748450161,0.79450355459415078,0.45175031533444149,0.27493391504439635
0.10000000000000001,0.050000000000000003,0.90000000000000002,1.3200000000000001,1,0.78000000000000003,1.2000000000000002,0.67500000000000004,0.49999999999999989,False,0.096913017891220324,0.34684860566376119,0.43227772026611244,0.17085822920470256,0.50873746340615555,0.8285837153215454,0.43227772026611244,0.26141949106140988
0.10000000000000001,0.074999999999999997,0.90000000000000002,1.3200000000000001,1,0.71999999999999997,1.1400000000000001,0.69999999999999996,0.52499999999999991,False,0.092155120513402064,0.32893359677216999,0.41112953339227054,0.16439187324020113,0.49124503067622205,0.84716576235776941,0.41112953339227054,0.24673766015206941
0.10000000000000001,0.10000000000000001,0.90000000000000002,1.3200000000000001,1,0.66000000000000003,1.0800000000000001,0.72499999999999998,0.54999999999999993,False,0.087025603077047042,0.31027533778794425,0.38900607195414072,0.157461468332393,0.47182543205265187,0.86041074513051197,0.38900607195414072,0.23154460362174772
0.20000000000000001,0,0.90000000000000002,1.3200000000000001,1,0.90000000000000002,1.3200000000000001,0.625,0.44999999999999996,False,0.076984586712359054,0.29518949021890462,0.37054824643564233,0.15071751243347542,0.53193526679883918,0.094225486724825405,0.37054824643564233,0.21983073400216691
0.20000000000000001,0.025000000000000001,0.90000000000000002,1.3200000000000001,1,0.84000000000000008,1.26,0.64999999999999991,0.47499999999999998,True,0.10021467700813137,0.36196283360733472,0.45013426680810381,0.17634286640153818,0.52205950765155817,0.7936653232301788,0.45013426680810381,0.27379140040656563
0.20000000000000001,0.050000000000000003,0.90000000000000002,1.3200000000000001,1,0.78000000000000003,1.2000000000000002,0.67500000000000004,0.49999999999999989,False,0.096548695876575524,0.34611686392689123,0.43132760329255676,0.17042147873133107,0.50873933533063831,0.82846391004318065,0.43132760329255676,0.26090612456122569
0.20000000000000001,0.074999999999999997,0.90000000000000002,1.3200000000000001,1,0.71999999999999997,1.1400000000000001,0.69999999999999996,0.52499999999999991,False,0.091908663504929905,0.32840299136148554,0.41037735043676637,0.16394871815056164,0.49127660171551629,0.84711031083132038,0.41037735043676637,0.24642863228620474
0.20000000000000001,0.10000000000000001,0.90000000000000002,1.3200000000000001,1,0.66000000000000003,1.0800000000000001,0.72499999999999998,0.54999999999999993,False,0.086842276966717133,0.30984288502156987,0.38834558826021121,0.15700540647728273,0.47186834874159739,0.86037692907727104,0.38834558826021121,0.23134018178292848
0.40000000000000002,0,0.90000000000000002,1.3200000000000001,1,0.90000000000000002,1.3200000000000001,0.625,0.44999999999999996,False,0.07096891862913586,0.2751589334658584,0.34656977463765509,0.14282168234359338,0.53668795009144599,0.094225516151464267,0.34656977463765509,0.20374809229406171
0.40000000000000002,0.025000000000000001,0.90000000000000002,1.3200000000000001,1,0.84000000000000008,1.26,0.64999999999999991,0.47499999999999998,False,0.09984557761129291,0.3612413029351163,0.44928986093080986,0.17609711599138711,0.52385255321871405,0.79364663208591923,0.44928986093080986,0.27319274493942275
0.40000000000000002,0.050000000000000003,0.90000000000000002,1.3200000000000001,1,0.78000000000000003,1.2000000000000002,0.67500000000000004,0.49999999999999989,False,0.096359294190040468,0.3457361966804709,0.43083385449050682,0.17019531562007184,0.50878706342518898,0.82846306407463166,0.43083385449050682,0.26063853887043498
0.40000000000000002,0.074999999999999997,0.90000000000000002,1.3200000000000001,1,0.71999999999999997,1.1400000000000001,0.69999999999999996,0.52499999999999991,False,0.0917803593410116,0.32812676908739963,0.40998641275864339,0.16371928734248753,0.49127675921791186,0.84710996291874829,0.40998641275864339,0.24626712541615586
0.40000000000000002,0.10000000000000001,0.90000000000000002,1.3200000000000001,1,0.66000000000000003,1.0800000000000001,0.72499999999999998,0.54999999999999993,False,0.086746733789864222,0.30961767983840083,0.38800234033614261,0.15676932099548363,0.47186858891758604,0.86037672629776007,0.38800234033614261,0.23123301934065899
0.80000000000000004,0,0.90000000000000002,1.3200000000000001,1,0.90000000000000002,1.3200000000000001,0.625,0.44999999999999996,False,0.068272676342187477,0.26621184088203764,0.33586281526524014,0.13930194876640495,0.54088060581782171,0.094225519272754077,0.33586281526524014,0.1965608664988352
0.80000000000000004,0.025000000000000001,0.90000000000000002,1.3200000000000001,1,0.84000000000000008,1.26,0.64999999999999991,0.47499999999999998,False,0.099677104179191969,0.36091178112669076,0.44890273434104255,0.17598190642870359,0.52591397993920208,0.79364614142592949,0.44890273434104255,0.27292082791233896
0.80000000000000004,0.050000000000000003,0.90000000000000002,1.3200000000000001,1,0.78000000000000003,1.2000000000000002,0.67500000000000004,0.49999999999999989,False,0.0962700281162783,0.34555615295374198,0.43060023987693985,0.17008817384639574,0.50938343858131807,0.82846306403402958,0.43060023987693985,0.26051206603054411
0.80000000000000004,0.074999999999999997,0.90000000000000002,1.3200000000000001,1,0.71999999999999997,1.1400000000000001,0.69999999999999996,0.52499999999999991,False,0.091719160142956363,0.32799446348906536,0.40979969759249829,0.16361046820686592,0.49132729688009869,0.8471099629104647,0.40979969759249829,0.24618922938563237
0.80000000000000004,0.10000000000000001,0.90000000000000002,1.3200000000000001,1,0.66000000000000003,1.0800000000000001,0.72499999999999998,0.54999999999999993,False,0.086700838933066515,0.30950912005014353,0.38783778053638629,0.15665732097248555,0.47186929283453483,0.86037672629365936,0.38783778053638629,0.23118045956390074
1.6000000000000001,0,0.90000000000000002,1.3200000000000001,1,0.90000000000000002,1.3200000000000001,0.625,0.44999999999999996,False,0.067260330843241262,0.2628736596774891,0.33187013932232728,0.13799295928967634,0.54291795094762574,0.094225519760922499,0.33187013932232728,0.19387718003265095
1.6000000000000001,0.025000000000000001,0.90000000000000002,1.3200000000000001,1,0.84000000000000008,1.26,0.64999999999999991,0.47499999999999998,False,0.099608026126453322,0.36077622513572283,0.44874249742884398,0.17593254458624236,0.52688372685205453,0.79364606515183644,0.44874249742884398,0.27280995284260162
1.6000000000000001,0.050000000000000003,0.90000000000000002,1.3200000000000001,1,0.78000000000000003,1.2000000000000002,0.67500000000000004,0.49999999999999989,False,0.096231524536884785,0.34547778951752306,0.43049853865656024,0.17004149827807435,0.50972040959580245,0.82846306403398706,0.43049853865656024,0.26045704037848588
1.6000000000000001,0.074999999999999997,0.90000000000000002,1.3200000000000001,1,0.71999999999999997,1.1400000000000001,0.69999999999999996,0.52499999999999991,False,0.091692142978573296,0.32793545676346575,0.40971692418412747,0.16356293484132345,0.49139052829353863,0.84710996291046492,0.40971692418412747,0.24615398934280402
1.6000000000000001,0.10000000000000001,0.90000000000000002,1.3200000000000001,1,0.66000000000000003,1.0800000000000001,0.72499999999999998,0.54999999999999993,False,0.086680269267519219,0.30946004448389924,0.38776422696899898,0.1566083649701995,0.47187219527098745,0.86037672629365936,0.38776422696899898,0.23115586199879948
3.2000000000000002,0,0.90000000000000002,1.3200000000000001,1,0.90000000000000002,1.3200000000000001,0.625,0.44999999999999996,False,0.066937397762813378,0.26181566520358612,0.33060514072531622,0.13757895104346018,0.54327228952900586,0.094225519875051122,0.33060514072531622,0.19302618968185603
3.2000000000000002,0.025000000000000001,0.90000000000000002,1.3200000000000001,1,0.84000000000000008,1.26,0.64999999999999991,0.47499999999999998,False,0.099583234944637264,0.36072718142486859,0.44868413203959773,0.17591390122945827,0.5269811788108536,0.79364604703628838,0.44868413203959773,0.27277023081013946
3.2000000000000002,0.050000000000000003,0.90000000000000002,1.3200000000000001,1,0.78000000000000003,1.2000000000000002,0.67500000000000004,0.49999999999999989,False,0.096216918517976771,0.34544760928234952,0.43045939212069079,0.17002356567668253,0.50972234343327838,0.82846306403398129,0.43045939212069079,0.26043582644400826
3.2000000000000002,0.074999999999999997,0.90000000000000002,1.3200000000000001,1,0.71999999999999997,1.1400000000000001,0.69999999999999996,0.52499999999999991,False,0.091681580642693869,0.32791201033661188,0.40968431538211997,0.16354461009101615,0.49138338446353219,0.84710996291046492,0.40968431538211997,0.24613970529110382
3.2000000000000002,0.10000000000000001,0.90000000000000002,1.3200000000000001,1,0.66000000000000003,1.0800000000000001,0.72499999999999998,0.54999999999999993,False,0.086672051254835278,0.30944017022244424,0.38773490634666091,0.15658947224843331,0.47187159353884628,0.86037672629365936,0.38773490634666091,0.2311454340982276
