sensitivity,omitted_country,countries_retained,delta_loss_w1,delta_loss_tvd,delta_loss_crg,delta_loss_vdr,delta_loss_csr
exclude Q121 / five anchors,Andorra,63,-0.003237930361796676,-0.01124768553561234,-0.00530212650673012,-0.0005088526111061142,0.011653179315230133
exclude Q121 / five anchors,Argentina,63,-0.0035013989097096576,-0.011519829194422682,-0.007026826225189575,0.001953701446070988,0.011199321250074834
exclude Q121 / five anchors,Armenia,63,-0.0032547708757800498,-0.01116399145191832,-0.0030743411418707733,-0.0001812313244902164,-0.002018426207651136
exclude Q121 / five anchors,Australia,63,-0.0033909763829908512,-0.011268720796647758,-0.005502163361394752,-0.000943113791909922,0.007954923464817298
exclude Q121 / five anchors,Bangladesh,63,-0.003648117625747377,-0.011494518845671486,-0.010062414100795447,0.0021561465343333808,0.007110252394945449
exclude Q121 / five anchors,Bolivia,63,-0.0032572537544533764,-0.011311177599104383,-0.004034767287129037,0.0029395876375647445,0.008673771826935739
exclude Q121 / five anchors,Brazil,63,-0.003391661385070216,-0.011092345015565941,-0.008146725327175863,0.002582517964848652,0.010026144433449846
exclude Q121 / five anchors,Canada,63,-0.0030510186380428295,-0.01106964875757549,-0.003042266327959453,-0.003105452898611194,0.016857219137542012
exclude Q121 / five anchors,Chile,63,-0.003352062155928426,-0.011254727382654206,-0.006223418593614527,0.0023618498334448956,0.011544376003008616
exclude Q121 / five anchors,China,63,-0.003474304685750773,-0.011271523919450688,-0.008486135605602074,0.0029399887509190537,0.008042683297262765
exclude Q121 / five anchors,Colombia,63,-0.0030592825075932417,-0.011127800975727742,-0.00321594153146898,0.0032786123669625855,0.01174287547644326
exclude Q121 / five anchors,Cyprus,63,-0.0032910520549183364,-0.01116716605509288,-0.005069836292810992,0.0026991463728397447,0.00924641447972352
exclude Q121 / five anchors,Czechia,63,-0.0034504876810206586,-0.011406848594775476,-0.005296822043745264,0.0007151833431757737,0.005774195210858979
exclude Q121 / five anchors,Ecuador,63,-0.0031517927956591085,-0.011005012845983153,-0.004264539264675848,0.002600696229400512,0.008178227921915027
exclude Q121 / five anchors,Egypt,63,-0.003517385410634427,-0.011309324966140677,-0.008263813749584736,0.0026896579520907515,0.008776184609855409
exclude Q121 / five anchors,Ethiopia,63,-0.003308688739221688,-0.011234286236498803,-0.006797626764115439,0.0018377271277796314,0.008599780548547153
exclude Q121 / five anchors,Germany,63,-0.0033236446475109205,-0.011398583679613994,-0.005669746967995604,0.0021765031057218165,0.008117415599971922
exclude Q121 / five anchors,Great Britain,63,-0.003319433816852041,-0.011175420023346871,-0.004067742821698861,0.00014751405136992357,0.0018276929912786066
exclude Q121 / five anchors,Greece,63,-0.0031930227626861263,-0.011217959705886515,-0.0037975083904993046,0.0009463465231811519,0.011168336767948817
exclude Q121 / five anchors,Guatemala,63,-0.003282939180138833,-0.011177269745691887,-0.004983823807952259,0.0035392446186585103,0.005791092176285928
exclude Q121 / five anchors,Hong Kong SAR,63,-0.003757589286088686,-0.011828541716468577,-0.0065394811223693505,0.009867594680668668,0.0072157275414150845
exclude Q121 / five anchors,India,63,-0.0030681765085645296,-0.010823918327386328,-0.0048330140195498306,0.0034734877030692113,0.009434931066824692
exclude Q121 / five anchors,Indonesia,63,-0.0031719511156624025,-0.010994467642394423,-0.005363315976845584,0.00152244683849867,0.010707745047012662
exclude Q121 / five anchors,Iran,63,-0.0033720632248184224,-0.011254150182077038,-0.006310091067732504,0.0028677672112088493,0.010398206301016177
exclude Q121 / five anchors,Iraq,63,-0.0036223092985565863,-0.011568782701751601,-0.006984852909747152,0.0025734170953994884,0.008318352399051543
exclude Q121 / five anchors,Japan,63,-0.0033863478702141625,-0.011240879295257855,-0.006143417023803277,0.0014718296176060575,0.006624707485482273
exclude Q121 / five anchors,Jordan,63,-0.0037687301470892,-0.011395737483664348,-0.01057174958065299,0.0033430426940783686,0.00925128268732378
exclude Q121 / five anchors,Kazakhstan,63,-0.0032601861777032948,-0.011235737483664465,-0.004591049826522475,0.002725153984206141,0.006870798440431258
exclude Q121 / five anchors,Kenya,63,-0.003408512372378686,-0.01117739533198886,-0.008746928542615606,0.0052641337579585334,0.0032248814599503683
exclude Q121 / five anchors,Kyrgyzstan,63,-0.0033637151942481347,-0.011346531134457938,-0.005155584313893735,0.0021232040246852435,0.007081853443328567
exclude Q121 / five anchors,Lebanon,63,-0.003287877451743748,-0.01144758933551615,-0.004470427966700052,0.0026433565302542705,0.008731795642142992
exclude Q121 / five anchors,Libya,63,-0.0032618836924166728,-0.01115658404451092,-0.005747109491423208,0.0007519239906753628,0.009623421879166982
exclude Q121 / five anchors,Macau SAR,63,-0.0035319884025213633,-0.011561451769378617,-0.006701727209689645,0.0034360614938199197,0.006038070749496693
exclude Q121 / five anchors,Malaysia,63,-0.0034518104969466223,-0.011541036628963497,-0.007986835056942754,0.00013759219369335884,0.012288517458288184
exclude Q121 / five anchors,Maldives,63,-0.0032720145139760737,-0.0112147851027119,-0.006480054136785984,0.0027240474228983347,0.009746824981422209
exclude Q121 / five anchors,Mexico,63,-0.003228174755850577,-0.011174452525236467,-0.004715627613028683,0.002990712434714049,0.009827024754877511
exclude Q121 / five anchors,Mongolia,63,-0.0034290414729077623,-0.01128462637255323,-0.006673781725759165,0.0021828426350812835,0.007880656718692203
exclude Q121 / five anchors,Morocco,63,-0.003480648180746365,-0.011070409671379955,-0.00793821578522702,0.003939398583984399,0.005054190206431719
exclude Q121 / five anchors,Myanmar,63,-0.0031189180161176056,-0.01094585086234906,-0.005474137922740319,0.0016232176446899782,0.011351904601328067
exclude Q121 / five anchors,Netherlands,63,-0.0034772084512000867,-0.011459792860200935,-0.006161255508639885,-0.001407321773793213,0.006038378435682001
exclude Q121 / five anchors,New Zealand,63,-0.0032057339162668563,-0.011262355310282135,-0.0045082721065405895,0.001925314134134104,0.007662542653682047
exclude Q121 / five anchors,Nicaragua,63,-0.0031699990795443778,-0.011055887859604208,-0.004257356648297517,0.0025924261675636107,0.009729425408195547
exclude Q121 / five anchors,Nigeria,63,-0.003431399361932319,-0.01102467706260396,-0.008198715245358201,0.0031773797969161244,0.007374181094023435
exclude Q121 / five anchors,Northern Ireland,63,-0.0032686887392217034,-0.011069388277315129,-0.0055896097377716725,0.0011885764131643883,0.010264567397605173
exclude Q121 / five anchors,Pakistan,63,-0.0031360438447377292,-0.010821378509305368,-0.0036719612612037267,0.001354904708071314,0.010005086455372014
exclude Q121 / five anchors,Peru,63,-0.0032467251883692705,-0.011268753356680206,-0.004966556006473777,0.002594746402711179,0.00947496248934887
exclude Q121 / five anchors,Philippines,63,-0.0032496411201740905,-0.011150773558700366,-0.005310791486952793,0.0017553940458898687,0.011234780874726735
exclude Q121 / five anchors,Puerto Rico,63,-0.003150875688075344,-0.0109220866900136,-0.004990290677722609,0.0034953817377428864,0.01154717578620168
exclude Q121 / five anchors,Romania,63,-0.0032073836245832543,-0.010965652013578908,-0.005143741827841719,0.0016960692505423314,0.0076200658509008035
exclude Q121 / five anchors,Russia,63,-0.0033727002832332487,-0.011158392606319456,-0.005380809479429871,0.003243536271114844,0.008159581494723178
exclude Q121 / five anchors,Serbia,63,-0.0032919691625021286,-0.011297036184963083,-0.004991869557217088,0.0027206190170052658,0.006798774098336402
exclude Q121 / five anchors,Singapore,63,-0.003437894368563399,-0.01132978378435523,-0.005258549009038882,-9.817098504372179e-05,0.004746930915681569
exclude Q121 / five anchors,Slovakia,63,-0.0033577244454582322,-0.011146925503817795,-0.0067207595732741154,0.00319087755198999,0.007996396662921401
exclude Q121 / five anchors,South Korea,63,-0.0035799259793478644,-0.01177609342402025,-0.006332738946415395,0.0020682010083232782,0.005986973900762638
exclude Q121 / five anchors,Taiwan ROC,63,-0.0030569477465283434,-0.011005442699083823,-0.003958518795303512,0.0026991068762428627,0.01093575984131201
exclude Q121 / five anchors,Tajikistan,63,-0.003132674629874266,-0.011033832721759507,-0.003240868352031523,0.0018355213599574594,0.008258057183210155
exclude Q121 / five anchors,Thailand,63,-0.0031898106599135,-0.01113732478525159,-0.0026624307295752825,0.0012509981400500303,0.004027695932178554
exclude Q121 / five anchors,Tunisia,63,-0.0033168799992648046,-0.011015608147979472,-0.007020110924798484,0.003966712300168318,0.012234535447471884
exclude Q121 / five anchors,Turkey,63,-0.003453732830932449,-0.011382263056856523,-0.004582070711433905,0.0012191465740155616,0.011239713519224481
exclude Q121 / five anchors,Ukraine,63,-0.0030702310368559416,-0.01116918028607261,-0.0026278818074365606,0.0030940702086873495,0.009781670844626222
exclude Q121 / five anchors,United States,63,-0.0032780169981406204,-0.011241008831969712,-0.005597083418083848,0.0020481245057242248,0.008268892247511705
exclude Q121 / five anchors,Uzbekistan,63,-0.003203291913824874,-0.011064399615183518,-0.004593682370898966,0.002350043132308688,0.008410727524274852
exclude Q121 / five anchors,Vietnam,63,-0.003410477602915324,-0.01128963519089532,-0.005533694126170996,0.005967767072759034,0.005934019658460188
exclude Q121 / five anchors,Zimbabwe,63,-0.00314114023833989,-0.010907020194946992,-0.004650747996475024,0.0015940869237857092,0.010386208150716003
