omitted_country,countries_retained,delta_loss_w1,delta_loss_tvd,delta_loss_crg,delta_loss_vdr,delta_loss_csr
Andorra,63,-0.001760499448038938,-0.007841007745329476,-0.0007096734768836654,-0.02380772889724736,0.03371950784798883
Argentina,63,-0.0021202682115113725,-0.008295307355184744,-0.0036453479630433883,-0.02190919696128235,0.0349034891213893
Armenia,63,-0.0018975490827075892,-0.007977611881933633,4.7525928005498486e-05,-0.02459131136286552,0.024572616156335436
Australia,63,-0.002044122455118702,-0.008117796388784793,-0.0027605230549103688,-0.02481549343517786,0.03502462082301028
Bangladesh,63,-0.0022015285172041765,-0.008239333955603168,-0.006113947051058499,-0.0234497945770209,0.027599312272726273
Bolivia,63,-0.001977660476311066,-0.008206087110408822,-0.0012243933368203397,-0.020930192274586146,0.03326949666560963
Brazil,63,-0.002057227933671857,-0.00796300603959671,-0.004801053057924554,-0.02119922554102638,0.034288453433786836
Canada,63,-0.0017145280380324035,-0.007941321012309377,0.00028389805497797127,-0.026918315226759137,0.04157484086599372
Chile,63,-0.002005080175952967,-0.00815904526336697,-0.002767076924813816,-0.022012792584844676,0.036422223298748
China,63,-0.00197335106720703,-0.008035476239798056,-0.003748810031321881,-0.02164332413118053,0.03456757313143255
Colombia,63,-0.0016555028654452464,-0.007876476251529707,0.0004286360053078475,-0.021013601823870465,0.03587223182632693
Cyprus,63,-0.0019436564145292323,-0.00803316743748922,-0.0015632419223325922,-0.021461388616996757,0.03519190384148818
Czechia,63,-0.0021109109706726747,-0.00825935791367971,-0.003018602196616982,-0.022555770447835854,0.028982938385412882
Ecuador,63,-0.001800038109507407,-0.007802801667993076,-0.0012133948572690123,-0.020811142434582486,0.030191879291030288
Egypt,63,-0.002092585004610098,-0.008092770762833268,-0.004425474079844838,-0.021762617896718628,0.03360377112560453
Ethiopia,63,-0.0019194059736121205,-0.007977989810883046,-0.003263270663440787,-0.022217522019651548,0.03309254811251827
Germany,63,-0.001946133869522415,-0.008174503029052482,-0.002329650024655683,-0.02257184504387122,0.03337842724070361
Great Britain,63,-0.0019487893642888,-0.007992426696748434,-0.0008404821209120339,-0.024659570941556797,0.024889956599687513
Greece,63,-0.0019261187768225274,-0.008244807649129382,-0.0010248841329032476,-0.021273531272170576,0.03487892094332423
Guatemala,63,-0.001987160235810803,-0.008094497232565057,-0.002344594242784215,-0.020679648779700632,0.0333728067323259
Hong Kong SAR,63,-0.0023471496746044485,-0.008584313821968892,-0.0034907417711322886,-0.015885273941227185,0.030488851231106784
India,63,-0.0017405156937612687,-0.0076956941711064375,-0.0018212228303331468,-0.02014036413282483,0.032560059312359835
Indonesia,63,-0.001792818330228596,-0.007804596008917808,-0.0018881590425852135,-0.02291475389208042,0.03630497553111911
Iran,63,-0.0020439405611096806,-0.008136812352245226,-0.0032753422783617925,-0.020851171894442966,0.03461868608939089
Iraq,63,-0.00219192633978324,-0.008320228928752282,-0.0034089367976022356,-0.0222243546924491,0.03339437215097085
Japan,63,-0.001974127795000613,-0.00800953205256344,-0.0026723389097864647,-0.02300374129457794,0.031407421756788345
Jordan,63,-0.002230610380227177,-0.008054331458653197,-0.00494712494968641,-0.02073064975718475,0.038622519427531254
Kazakhstan,63,-0.0018584110406595356,-0.007979199183520913,-0.0012797500347399016,-0.021890162179747374,0.032923187004098464
Kenya,63,-0.002122227843100649,-0.00816199258678224,-0.005653036646905862,-0.01893790742590451,0.025900697663443273
Kyrgyzstan,63,-0.0019632037396321023,-0.00808210923643099,-0.001842931696286687,-0.022717998212341106,0.03012515810559324
Lebanon,63,-0.0019185241393969432,-0.00820865244630764,-0.0010760204953859098,-0.02130711888936898,0.033737661332915225
Libya,63,-0.0018399843664127224,-0.007907946978935376,-0.001888992762894004,-0.02295638054390936,0.0339068855129282
Macau SAR,63,-0.0021735372332989666,-0.00845168595600776,-0.0033384387066093257,-0.02089411651527251,0.03163169437826985
Malaysia,63,-0.0019281508834152472,-0.008117213021534786,-0.0013422169429226916,-0.023888957699688906,0.037900326790436534
Maldives,63,-0.0019582150775006024,-0.008062267966589709,-0.003428945603293876,-0.021631143035233502,0.03458825254273801
Mexico,63,-0.0019190364430838602,-0.008011020801056812,-0.0017111889948120407,-0.02118782327113944,0.03408015955194388
Mongolia,63,-0.002007060294599766,-0.00799877590309761,-0.0030416860208568597,-0.021987969800546292,0.033002069043001514
Morocco,63,-0.002111994696394087,-0.008005447170638391,-0.004281882736919762,-0.020584891563804497,0.030585735328227504
Myanmar,63,-0.0017877592749155902,-0.007863516435325901,-0.0019761002954679086,-0.021465784624657425,0.033490273585405905
Netherlands,63,-0.0020921729881502316,-0.008292896124285465,-0.0028670939327100076,-0.026177740232374513,0.03136818935179242
New Zealand,63,-0.001851393944488966,-0.008070163774485495,-0.0011819542412874195,-0.02282885968586812,0.034429259331113515
Nicaragua,63,-0.0018335196757916228,-0.007919271586751209,-0.0012510512597267986,-0.021865260913822127,0.03387119552636786
Nigeria,63,-0.0020976495407445672,-0.007930299626288051,-0.004612013622835587,-0.02249017670634923,0.03288948650674606
Northern Ireland,63,-0.0019157610588561025,-0.007941103945425743,-0.002195609899466655,-0.023195644021409834,0.036660132378646515
Pakistan,63,-0.0018501971917596616,-0.007702899066404423,-0.0007422375822330185,-0.023468836471248422,0.03558480782352602
Peru,63,-0.0019745507602384194,-0.00816883423982262,-0.002959077974979518,-0.020657717913153628,0.030884089439753737
Philippines,63,-0.0019316340747291272,-0.008024798029119762,-0.0019267461588758916,-0.02367224454464123,0.036541135149252724
Puerto Rico,63,-0.0018085277571783243,-0.007870041674363393,-0.001901048874892508,-0.020246728921769708,0.03825568178142347
Romania,63,-0.0018448321934828038,-0.0077618239661456645,-0.0018561650244945938,-0.022918017513177125,0.03270908413595286
Russia,63,-0.0020077283508234123,-0.007978237182558967,-0.0020645132038674685,-0.02063962225110516,0.03231810037345828
Serbia,63,-0.001893617221897459,-0.007996379808108967,-0.001715783957251693,-0.02247400760155227,0.032905452359005105
Singapore,63,-0.0020091467023551357,-0.008158100201292429,-0.001654503276701913,-0.025526157221250623,0.030271653780962637
Slovakia,63,-0.0019603122893099845,-0.007958099253225548,-0.0029900597616518976,-0.020945801210066728,0.03386816538126658
South Korea,63,-0.002147347647850101,-0.008498278869267184,-0.002806658871771006,-0.022338797286667322,0.03207420027302166
Taiwan ROC,63,-0.001788252030553411,-0.007845487921238237,-0.0010538350392674811,-0.021432162991740333,0.037467236737320664
Tajikistan,63,-0.0017521514174687058,-0.007853273257594995,9.474159233580082e-05,-0.022466897353375148,0.035040038961641096
Thailand,63,-0.001814315040384984,-0.007918352622674374,0.0005036054605362938,-0.02324647830394333,0.02903644839595554
Tunisia,63,-0.0019572431935481194,-0.007869832144524247,-0.0034558328420060125,-0.0205341018209948,0.036116521769992804
Turkey,63,-0.0020196999183504927,-0.008291780018324035,-0.0007080197131823507,-0.01991571104091272,0.03303478365582324
Ukraine,63,-0.0017358293756676857,-0.008029042925244534,0.00025381222558951144,-0.02160888024163521,0.03443662285756666
United States,63,-0.0019023705867911855,-0.008016476576280296,-0.002220704855855793,-0.022041390468485633,0.03395085725172975
Uzbekistan,63,-0.001845390688485743,-0.007910491700527766,-0.0012307074160773368,-0.022570705603472185,0.033709328429118446
Vietnam,63,-0.0020749237362727158,-0.008278082193515057,-0.002263533705063825,-0.018740797103792395,0.02991226181835205
Zimbabwe,63,-0.0018504759324598496,-0.007858707263029008,-0.0017172356750256856,-0.022482694661862812,0.03270954647069191
