u_A,u_B,patent_value,bvp_residual
0.0,0.0,0.31414601793413177,9.90720555404325e-09
0.0,0.08499999999999999,0.31426394852516276,9.749389796500459e-09
0.0,0.16999999999999998,0.3143827943524436,9.88105391098839e-09
0.0,0.255,0.31450256906608715,9.907470799150615e-09
0.0,0.33999999999999997,0.31462328661428773,9.981157405185924e-09
0.0,0.42499999999999993,0.3147449612517437,9.960531333766955e-09
0.0,0.51,0.3148676075484555,9.970073789591426e-09
0.0,0.595,0.31499124039886733,9.97614237886143e-09
0.0,0.6799999999999999,0.3151158750312628,9.968830727700691e-09
0.0,0.7649999999999999,0.3152415270175298,9.998179712019372e-09
0.0,0.85,0.3153682122832689,9.918071003237316e-09
0.08499999999999999,0.0,0.3142641099344854,9.949295567067195e-09
0.08499999999999999,0.08499999999999999,0.3143829586637391,9.740768910689587e-09
0.08499999999999999,0.16999999999999998,0.31450273634899517,9.617084402382824e-09
0.08499999999999999,0.255,0.31462345694052635,9.89099486030125e-09
0.08499999999999999,0.33999999999999997,0.31474513469530185,9.985367508799095e-09
0.08499999999999999,0.42499999999999993,0.31486778418563893,9.912762193963078e-09
0.08499999999999999,0.51,0.31499142030834554,9.895583312948218e-09
0.08499999999999999,0.595,0.3151160582941996,9.986093255719034e-09
0.08499999999999999,0.6799999999999999,0.31524171371766985,9.948880387476881e-09
0.08499999999999999,0.7649999999999999,0.31536840250703735,9.815187877284926e-09
0.08499999999999999,0.85,0.3154961409548715,9.947083209915266e-09
0.16999999999999998,0.0,0.314383122963122,9.6839455116464e-09
0.16999999999999998,0.08499999999999999,0.31450290361975647,9.943662451347552e-09
0.16999999999999998,0.16999999999999998,0.31462362725445997,9.845546676746221e-09
0.16999999999999998,0.255,0.31474530812631196,9.93043665619089e-09
0.16999999999999998,0.33999999999999997,0.3148679608100276,9.95423961874915e-09
0.16999999999999998,0.42499999999999993,0.3149916002048165,9.966894893748126e-09
0.16999999999999998,0.51,0.3151162415438995,9.878109316590888e-09
0.16999999999999998,0.595,0.3152419004043396,9.967526769797455e-09
0.16999999999999998,0.6799999999999999,0.3153685927170985,9.740641361917543e-09
0.16999999999999998,0.7649999999999999,0.3154963347775311,9.959740814432035e-09
0.16999999999999998,0.85,0.3156251432562453,9.992380889916065e-09
0.255,0.0,0.3145030708783933,9.986770971453951e-09
0.255,0.08499999999999999,0.3146237975560148,9.997038134397746e-09
0.255,0.16999999999999998,0.31474548154476323,9.959513469004948e-09
0.255,0.255,0.3148681374216497,9.975846657746653e-09
0.255,0.33999999999999997,0.31499178008828,9.96265588187458e-09
0.255,0.42499999999999993,0.31511642478036206,9.936790955428684e-09
0.255,0.51,0.31524208707753865,9.858550637200435e-09
0.255,0.595,0.31536878291345205,9.980465280833137e-09
0.255,0.6799999999999999,0.31549652858624244,9.919279320696485e-09
0.255,0.7649999999999999,0.3156253407694127,9.882945503598566e-09
0.255,0.85,0.315755236523089,9.923749061437898e-09
0.33999999999999997,0.0,0.3146239678452298,9.880647720681755e-09
0.33999999999999997,0.08499999999999999,0.3147456549506569,9.991443511360569e-09
0.33999999999999997,0.16999999999999998,0.3148683140204903,9.938895106623255e-09
0.33999999999999997,0.255,0.3149919599587183,9.938460332309045e-09
0.33999999999999997,0.33999999999999997,0.31511660800358715,9.865015451886172e-09
0.33999999999999997,0.42499999999999993,0.3152422737372667,9.961024063772312e-09
0.33999999999999997,0.51,0.3153689730960975,9.940362522348398e-09
0.33999999999999997,0.595,0.3154967223810051,9.981094903828156e-09
0.33999999999999997,0.6799999999999999,0.31562553826838724,9.99976269561723e-09
0.33999999999999997,0.7649999999999999,0.31575543782137944,9.834764717577051e-09
0.33999999999999997,0.85,0.3158864385015342,9.954998232396737e-09
0.42499999999999993,0.0,0.3147458283439887,9.93575989520056e-09
0.42499999999999993,0.08499999999999999,0.3148684906065491,9.889355430336572e-09
0.42499999999999993,0.16999999999999998,0.31499213981616736,9.99434624235746e-09
0.42499999999999993,0.255,0.3151167912135744,9.912881371786212e-09
0.42499999999999993,0.33999999999999997,0.3152424603835234,9.997267834004372e-09
0.42499999999999993,0.42499999999999993,0.31536916326503456,9.962053152865024e-09
0.42499999999999993,0.51,0.31549691616181874,9.969145273468235e-09
0.42499999999999993,0.595,0.3156257357531685,9.967334932478473e-09
0.42499999999999993,0.6799999999999999,0.31575563910522897,9.81609823894688e-09
0.42499999999999993,0.7649999999999999,0.3158866436826817,9.995351509784537e-09
0.42499999999999993,0.85,0.3160187673608604,9.993935958047516e-09
0.51,0.0,0.31486866717982587,9.976733906632402e-09
0.51,0.08499999999999999,0.31499231966062313,9.963964674827823e-09
0.51,0.16999999999999998,0.3151169744103018,9.927428191308477e-09
0.51,0.255,0.31524264701630844,9.867070487979784e-09
0.51,0.33999999999999997,0.3153693534202628,9.917926918569501e-09
0.51,0.42499999999999993,0.31549710992868285,9.929543429170915e-09
0.51,0.51,0.31562593322375604,9.857479299928471e-09
0.51,0.595,0.3157558403746369,9.899978244531451e-09
0.51,0.6799999999999999,0.3158868488491365,9.881467965809078e-09
0.51,0.7649999999999999,0.31601897652584326,9.928791011671635e-09
0.51,0.85,0.31615224170669387,9.939851449392945e-09
0.595,0.0,0.31499249949205427,9.987304197862155e-09
0.595,0.08499999999999999,0.3151171575938138,9.923660155454547e-09
0.595,0.16999999999999998,0.3152428336356215,9.741101152971015e-09
0.595,0.255,0.3153695435617819,9.882359024990848e-09
0.595,0.33999999999999997,0.315497303681597,9.891216613710158e-09
0.595,0.42499999999999993,0.31562613068014933,9.945954257374545e-09
0.595,0.51,0.31575604162960286,9.988130908935405e-09
0.595,0.595,0.315887054000898,9.901371792288068e-09
0.595,0.6799999999999999,0.31601918567587817,9.857607334718903e-09
0.595,0.7649999999999999,0.3161524549598664,9.83222574530166e-09
0.595,0.85,0.3162868805947121,9.92669153996154e-09
0.6799999999999999,0.0,0.3151173407640871,9.896267663914294e-09
0.6799999999999999,0.08499999999999999,0.3152430202414622,9.82252907705079e-09
0.6799999999999999,0.16999999999999998,0.3153697336895913,9.975399785662444e-09
0.6799999999999999,0.255,0.31549749742056077,9.856844668972148e-09
0.6799999999999999,0.33999999999999997,0.3156263281223479,9.916869577905609e-09
0.6799999999999999,0.42499999999999993,0.3157562428701262,9.962999192522976e-09
0.6799999999999999,0.51,0.31588725913796567,9.891528433065826e-09
0.6799999999999999,0.595,0.3160193948109646,9.868469449374634e-09
0.6799999999999999,0.6799999999999999,0.3161526681978324,9.948363129191272e-09
0.6799999999999999,0.7649999999999999,0.3162870980439426,9.968582307749551e-09
0.6799999999999999,0.85,0.31642270354487645,9.79654586216763e-09
0.7649999999999999,0.0,0.3152432068338303,9.710159661527396e-09
0.7649999999999999,0.08499999999999999,0.3153699238036909,9.87833582117166e-09
0.7649999999999999,0.16999999999999998,0.3154976911455738,9.896213231865912e-09
0.7649999999999999,0.255,0.3156265255503512,9.962439864975445e-09
0.7649999999999999,0.33999999999999997,0.3157564440962064,9.748515950401377e-09
0.7649999999999999,0.42499999999999993,0.3158874642603388,9.943089685597289e-09
0.7649999999999999,0.51,0.3160196039311018,9.948162096991295e-09
0.7649999999999999,0.595,0.3161528814205912,9.948937298914688e-09
0.7649999999999999,0.6799999999999999,0.3162873154777048,9.843087749497742e-09
0.7649999999999999,0.7649999999999999,0.316422925301692,9.784895286438557e-09
0.7649999999999999,0.85,0.3165597305562175,9.850201875264524e-09
0.85,0.0,0.31537011390408015,9.9961731914209e-09
0.85,0.08499999999999999,0.31549788485663555,9.902432332822348e-09
0.85,0.16999999999999998,0.3156267229641589,9.97725002152459e-09
0.85,0.255,0.31575664530784303,9.747688488409354e-09
0.85,0.33999999999999997,0.31588766936801704,9.984445359266027e-09
0.85,0.42499999999999993,0.3160198130362892,9.929151167644759e-09
0.85,0.51,0.31615309462814206,9.866217821701016e-09
0.85,0.595,0.31628753289599765,9.962552670791233e-09
0.85,0.6799999999999999,0.316423147042774,9.903599696046299e-09
0.85,0.7649999999999999,0.3165599567359555,9.94151324419203e-09
0.85,0.85,0.3166979821221985,9.961794910100768e-09
