country,delta_tvd,delta_crg,longitude,latitude,cultural_region
Andorra,-0.02093939393939387,-0.07416120294632655,1.5218,42.5063,Catholic Europe
Argentina,0.007681481481481428,0.08175924555715897,-64.34358367367363,-34.54819974167782,Latin America
Armenia,-0.012333333333333307,-0.14100874209049552,45.005587821522326,40.21029885161008,Orthodox Europe
Australia,-0.0035017094017094352,0.034006437192007355,133.76945721251775,-25.34771094772458,English-Speaking
Bangladesh,0.004155157307845436,0.19618291473724825,90.25983687806702,23.82768152623293,African-Islamic
Bolivia,0.0020606060606060406,-0.07136751581149281,-64.59375570297115,-16.67555525077011,Latin America
Brazil,-0.013253501400560197,0.1582402294027191,-52.82841143326394,-10.503996827378222,Latin America
Canada,-0.014619658119658124,-0.149063176240806,-94.74504972549948,58.20795994240579,English-Speaking
Chile,-0.0009030303030303499,0.018292875916568474,-69.9831794595457,-36.98254524283684,Latin America
China,-0.0086878787878788,0.11557370579989856,102.7946566697478,35.77277358266934,Confucian
Colombia,-0.01870487804878057,-0.1885890541310391,-72.99757448397403,3.9089005331558138,Latin America
Cyprus,-0.00883333333333336,-0.05570956767040536,33.03921502803187,34.90684247255044,Catholic Europe
Czechia,0.005416666666666625,0.06641718583674883,15.340491911696462,49.76768994268681,Protestant Europe
Ecuador,-0.023346376811594183,-0.06932203439868279,-78.36906524130436,-1.453707062470914,Latin America
Egypt,-0.005078323836657128,0.11782921270416513,29.83013825009724,26.427737491299258,African-Islamic
Ethiopia,-0.012309523809523826,0.09668064128510312,39.529301007256,8.630354004471746,African-Islamic
Germany,7.080893515509779e-05,0.008159885488335128,10.265813662803396,51.04444722313548,Protestant Europe
Great Britain,-0.011400000000000021,-0.08080908628815386,-2.772221733667652,53.77057079843011,English-Speaking
Greece,0.0044999999999999485,-0.0770114701953607,22.710720341585912,39.020731604243096,Orthodox Europe
Guatemala,-0.004969556243550055,0.013368013407802026,-90.36062190207775,15.692947399185318,Latin America
Hong Kong SAR,0.025888888888888906,0.09267876309774259,114.1694,22.3193,Confucian
India,-0.030094149115447277,-0.024394665676614524,79.2975294194695,22.669036640732216,West & South Asia
Indonesia,-0.023233333333333328,-0.019319205555761276,117.26707054204832,-2.2080895627578783,West & South Asia
Iran,-0.002303703703703641,0.06329975972361424,54.34017492100118,32.3668017266671,West & South Asia
Iraq,0.009251540616246556,0.029072453723868463,43.75795233101914,32.98173084430044,African-Islamic
Japan,-0.010322362583652933,0.018032271642142272,137.50744125099823,37.43431682022288,Confucian
Jordan,-0.007500000000000007,0.18236620228747125,36.762787870836576,31.232165316045943,African-Islamic
Kazakhstan,-0.012233333333333374,-0.0589198219034206,67.1180880831522,47.97641097991646,West & South Asia
Kenya,-0.0007173489278752276,0.22516610788070812,37.77134018387392,0.5944065467444356,African-Islamic
Kyrgyzstan,-0.005750000000000033,-0.052455794051766036,74.5817405664241,41.489567746469824,West & South Asia
Lebanon,0.0022222222222222365,-0.072531920372922,35.86766353917289,33.90948113910476,African-Islamic
Libya,-0.016722222222222194,0.029765798305515956,17.998135557661804,26.899973232093814,African-Islamic
Macau SAR,0.017533333333333345,0.06919016147697821,113.5439,22.1987,Confucian
Malaysia,-0.003538461538461518,-0.055638948629022966,109.67226310829405,3.722809888772552,West & South Asia
Maldives,-0.007000000000000006,0.06379395091327433,73.2207,3.2028,African-Islamic
Mexico,-0.010228571428571476,-0.04044839972521197,-102.05506770388912,23.74450992573914,Latin America
Mongolia,-0.011000000000000038,0.04442527114375183,102.91255591376112,46.71760330159685,Confucian
Morocco,-0.010579710144927534,0.13194333419238258,-8.627685548387525,29.721612729351797,African-Islamic
Myanmar,-0.01952134646962239,-0.025193309843288603,96.37925663169398,20.917533909944577,West & South Asia
Netherlands,0.007529573934837136,0.04761035907062816,5.502619025591697,52.28818364857084,Protestant Europe
New Zealand,-0.006502564102564057,-0.06356114613128616,172.6391574219091,-41.48442455699637,English-Speaking
Nicaragua,-0.016008771929824528,-0.08141035203076763,-85.01321671243511,12.843614237081624,Latin America
Nigeria,-0.015314005439005407,0.15081643357633534,7.983513871795576,9.530124315639682,African-Islamic
Northern Ireland,-0.014633333333333276,-0.013498478419841975,-6.4923,54.7877,English-Speaking
Pakistan,-0.029640240711669263,-0.09270986731487563,69.17546759319801,29.838081877254915,African-Islamic
Peru,-0.00028632478632484304,0.04883881307188753,-74.28156586626768,-9.124963688591706,Latin America
Philippines,-0.00936060606060607,-0.022416548123464997,122.76443214864284,11.703699911964843,Latin America
Puerto Rico,-0.019110256410256377,-0.051283830679685005,-66.47893947938704,18.237080085574743,Latin America
Romania,-0.025927972027972035,-0.050637002001231224,24.94614180990721,45.83013381690272,Orthodox Europe
Russia,-0.012293939393939357,-0.002657254804168341,93.18630765233657,60.04422795043797,Orthodox Europe
Serbia,-0.011150953984287282,-0.017972056221509325,20.83083519984349,44.21577395764386,Orthodox Europe
Singapore,-0.0009625692137320285,-0.0362468101051765,103.8198,1.3521,Confucian
Slovakia,-0.01356262894193927,0.06162030228101478,19.498394403237445,48.72306681380555,Protestant Europe
South Korea,0.020468686868686914,0.045298184625495175,127.7997891688166,36.411556781039664,Confucian
Taiwan ROC,-0.02065714285714282,-0.07920446221752431,120.96212866509865,23.73663918263604,Confucian
Tajikistan,-0.02016666666666672,-0.1609908446259758,71.03713206342697,38.570638868158206,West & South Asia
Thailand,-0.016066666666666618,-0.0990578787767642,100.88982762617184,14.962267137701463,West & South Asia
Tunisia,-0.01912345679012345,0.05960260279469787,9.534255556275324,34.13392892747056,African-Islamic
Turkey,0.007459259259259221,-0.09324858653226642,35.1070175710646,39.03438442078579,African-Islamic
Ukraine,-0.009093177604745983,-0.19448922826993265,31.417330568392966,48.9082508709635,Orthodox Europe
United States,-0.009884857589493673,-0.004327945098231978,-103.2042307733481,42.630832208723696,English-Speaking
Uzbekistan,-0.016561904761904778,-0.07477629924624907,63.29174590993545,41.68847863021575,West & South Asia
Vietnam,0.006596296296296211,0.005823582707960018,106.09358208335786,16.529984241590125,Confucian
Zimbabwe,-0.01982432432432435,-0.023596415387782566,29.78067174493536,-18.88911169191015,African-Islamic
